Workbook
Name \0: #REF!
Name \0: #REF!
Name \a: #N/A
Name \b: #N/A
Name \g: #N/A
Name \n: #N/A
Name ________kop2: #REF!
Name ________s2: #REF!
Name ________SKF1: #REF!
Name ________SKF2: #REF!
Name _______kop2: #REF!
Name _______s2: #REF!
Name _______SKF1: #REF!
Name _______SKF2: #REF!
Name ______kop2: #REF!
Name ______s2: #REF!
Name ______SKF1: #REF!
Name ______SKF2: #REF!
Name _____kop2: #REF!
Name _____s2: #REF!
Name _____SKF1: #REF!
Name _____SKF2: #REF!
Name ____kop2: #REF!
Name ____s2: #REF!
Name ____SKF1: #REF!
Name ____SKF2: #REF!
Name ___kop2: #REF!
Name ___s2: #REF!
Name ___SKF1: #REF!
Name ___SKF2: #REF!
Name __123Graph_AGAE_2: '[1]data-hujan'!$E$8:$AC$8
Name __123Graph_BGAE_2: '[1]data-hujan'!$E$14:$AC$14
Name __123Graph_CGAE_2: '[1]data-hujan'!$E$15:$AC$15
Name __123Graph_DGAE_2: '[1]data-hujan'!$E$16:$AC$16
Name __123Graph_EGAE_2: '[1]data-hujan'!$E$17:$AC$17
Name __123Graph_FGAE_2: '[1]data-hujan'!$E$18:$K$18
Name __123Graph_XGAE_2: '[1]data-hujan'!$E$3:$AC$3
Name __kop2: #REF!
Name __kop2: #REF!
Name __s2: #REF!
Name __s2: #REF!
Name __SKF1: #REF!
Name __SKF1: #REF!
Name __SKF2: #REF!
Name __SKF2: #REF!
Name _0: #REF!
Name _0: #REF!
Name _0_1: #REF!
Name _0_1_1: "$#REF!.$S$1"
Name _0_1_1_1: "$#REF!.$S$1"
Name _0_1_1_1_1: "$#REF!.$S$1"
Name _0_1_1_1_1_1: "$#REF!.$S$1"
Name _10_b_1: #REF!
Name _10_b_1: #REF!
Name _11_g_1: #REF!
Name _11_g_1: #REF!
Name _12_n_1: #REF!
Name _12_n_1: #REF!
Name _129_n_1: #REF!
Name _13_A_1: #REF!

Sheet COVER
C6: RENCANA KERJA PROYEK
C7: PENANAMAN PASTURA
C20: PT FASS FOREST DEVELOPMENT
C22: Tahun 2026 - 2028

Sheet Instalasi Air
A2: KEBUTUHAN INSTALASI PENGAIRAN BIBITAN 35 Hektar | H2: 35
A3: No | B3: Material | C3: Kebutuhan | D3: Satuan | E3: Harga | F3: Total | G3: Grand Total
A4: 1 | B4: Sumisansui | C4: 32 | D4: Roll | E4: 650000 | F4: =E4*C4 -> 20800000 | G4: =F4*$H$2 -> 728000000
A5: 2 | B5: Pipa 6" | C5: 1 | D5: Batang | E5: 690030 | F5: =E5*C5 -> 690030 | G5: =F5*$H$2 -> 24151050
A6: 2 | B6: Pipa 4" | C6: 25 | D6: Batang | E6: 332729 | F6: =E6*C6 -> 8318225 | G6: =F6*$H$2 -> 291137875
A7: 3 | B7: Pipa 2" | C7: 20 | D7: Batang | E7: 97614 | F7: =E7*C7 -> 1952280 | G7: =F7*$H$2 -> 68329800
A8: 4 | B8: Pipa 3/4 | C8: 1 | D8: Batang | E8: 31416 | F8: =E8*C8 -> 31416 | G8: =F8*$H$2 -> 1099560
A9: 5 | B9: Tee 4/2 | C9: 6 | D9: Pcs | E9: 95370 | F9: =E9*C9 -> 572220 | G9: =F9*$H$2 -> 20027700
A10: 6 | B10: Tee 2/2 | C10: 6 | D10: Pcs | E10: 17952 | F10: =E10*C10 -> 107712 | G10: =F10*$H$2 -> 3769920
A11: 7 | B11: Tee 2" ke 3/4 | C11: 32 | D11: Pcs | E11: 12342 | F11: =E11*C11 -> 394944 | G11: =F11*$H$2 -> 13823040
A12: 8 | B12: Gate valve/keran 2" | C12: 6 | D12: Pcs | E12: 1142196 | F12: =E12*C12 -> 6853176 | G12: =F12*$H$2 -> 239861160
A13: 9 | B13: Stopper pipa 2" | C13: 12 | D13: Pcs | E13: 40000 | F13: =E13*C13 -> 480000 | G13: =F13*$H$2 -> 16800000
A14: 10 | B14: Klem Stainless 3/4 | C14: 32 | D14: Pcs | E14: 1100 | F14: =E14*C14 -> 35200 | G14: =F14*$H$2 -> 1232000
A15: 11 | B15: Lem (400 ml) | C15: 1 | D15: PCs | E15: 30000 | F15: =E15*C15 -> 30000 | G15: =F15*$H$2 -> 1050000
A16: 12 | B16: Mesin Pompa Kecil | C16: 2 | D16: Unit | E16: 3000000 | G16: =E16*C16 -> 6000000
A17: 13 | B17: Pipa 6" | C17: =500/4 -> 125 | D17: Btg | E17: 690030 | G17: =E17*C17 -> 86253750
A18: 14 | B18: Selang Spiral 6" | C18: 10 | D18: Mtr | E18: 213180 | G18: =E18*C18 -> 2131800
B20: Grand Total | F20: =SUM(F4:F16) -> 40265203 | G20: =SUM(G4:G16) -> 1415282105
F21: per Ha | G21: =G20/H2 -> 40436632 | I21: =#REF! -> #REF! | J21: =G21/I21 -> #REF! | L21: =J21*1000 -> #REF!
F22: Sub total | I22: =1000/I21 -> #REF!
F23: HK
F24: GT | G24: =G23+G22 -> 0
F25: per Ha | G25: =G24/20 -> 0
F26: LC | G26: =6000000*20 -> 120000000
G27: =G26+G24 -> 120000000
G28: =G27/400000 -> 300
B31: Mesin Pompa Kecil | C31: 2 | D31: Unit | E31: 3000000 | G31: =E31*C31 -> 6000000
B32: Pipa 6" | C32: =500/4 -> 125 | D32: Btg | E32: 690030 | G32: =E32*C32 -> 86253750
B33: Selang Spiral 6" | C33: 10 | D33: Mtr | E33: 213180 | G33: =E33*C33 -> 2131800
F34: =G34/35 -> 2696730 | G34: =SUM(G31:G33) -> 94385550

Sheet RKP FFD
B1: RENCANA KERJA PROYEK ( RKP ) TANAM PASTURA
B2: PT FASS FOREST DEVELOPMENT
B3: KELOMPOK PASTURA | E3: Luas (Ha) | F3: Kg Produksi s.d 2028
D4: Indigofera | E4: ='SI TB LC Indigofera (FFD)'!E2 -> 27.8 | F4: ='SI TB LC Indigofera (FFD)'!AA2 -> 3058000 | G4: Kg
D5: Pakchong | E5: ='SI TB LC Pakchong (FFD)'!E2 -> 31.16 | F5: ='SI TB LC Pakchong (FFD)'!AA2 -> 38139840 | G5: Kg
B6: No. | C6: Uraian | D6: Rencana | F6: Unis Cost
D7: Volume | E7: Biaya
D8: ( Ha ) | E8: ( Rp ) | F8: Rp/Ha | G8: Rp/Kg
B9: 1 | C9: PEMBUKAAN LAHAN
C10: - Pembukaan Lahan Pastura Indigofera | D10: =$E$4 -> 27.8 | E10: ='SI TB LC Indigofera (FFD)'!Q34 -> 6.5474023e+08 | F10: =E10/D10 -> 23551807 | G10: =E10/$F$4 -> 214.10734
C11: - Pembukaan Lahan Pastura Pakchong | D11: =$E$5 -> 31.16 | E11: ='SI TB LC Pakchong (FFD)'!Q40 -> 4.7380506e+08 | F11: =E11/D11 -> 15205554 | G11: =E11/$F$5 -> 12.422838
B12: 2 | C12: PEMBUATAN SARANA PRASARANA
C13: - Sarana dan Prasarana Lahan Pastura Indigofera | D13: =$E$4 -> 27.8 | E13: ='SI TB LC Indigofera (FFD)'!Q114 -> 1.1312106e+08 | F13: =E13/D13 -> 4069103 | G13: =E13/$F$4 -> 36.991845
C14: - Sarana dan Prasarana Lahan Pastura Pakchong | D14: =$E$5 -> 31.16 | E14: ='SI TB LC Pakchong (FFD)'!Q120 -> 1.1447424e+08 | F14: =E14/D14 -> 3673756.2 | G14: =E14/$F$5 -> 3.0014348
B15: 3 | C15: TANAM DAN PEMELIHARAAN AWAL
C16: - Indigofera | D16: =$E$4 -> 27.8 | E16: ='SI TB LC Indigofera (FFD)'!Q207 -> 1.0499398e+09 | F16: =E16/D16 -> 37767620 | G16: =E16/$F$4 -> 343.342
C17: - Pakchong | D17: =$E$5 -> 31.16 | E17: ='SI TB LC Pakchong (FFD)'!Q202 -> 8.6067952e+08 | F17: =E17/D17 -> 27621294 | G17: =E17/$F$5 -> 22.566417
B18: 4 | C18: PANEN
C19: - Indigofera | D19: =$E$4 -> 27.8 | E19: ='SI TB LC Indigofera (FFD)'!Q213 -> 6.1980202e+08 | F19: =E19/D19 -> 22295037 | G19: =E19/$F$4 -> 202.68215
C20: - Pakchong | D20: =$E$5 -> 31.16 | E20: ='SI TB LC Pakchong (FFD)'!Q208 -> 3.8003028e+08 | F20: =E20/D20 -> 12196094 | G20: =E20/$F$5 -> 9.9641289
C21: Tatal Biaya Indigofera | D21: =D19 -> 27.8 | E21: =E19+E16+E13+E10 -> 2.4376032e+09 | F21: =E21/D21 -> 87683567 | G21: =E21/$F$4 -> 797.12333
C22: Total Biaya Pakchong | D22: =D20 -> 31.16 | E22: =E20+E17+E14+E11 -> 1.8289891e+09 | F22: =E22/D22 -> 58696698 | G22: =E22/$F$5 -> 47.954819
C23: Grand Total | E23: =E22+E21 -> 4.2665923e+09 | F23: =E23/(D21+D22) -> 72364183 | G23: =E23/(F4+F5) -> 103.56349
F25: Satui, 24 Agustus 2026
C26: Disetujui oleh, | D26: Diperiksa oleh, | F26: Dibuat oleh,
C30: ( Imam Satoto Yudiono ) | D30: ( Hairul Amri ) | F30: ( A r i f )
C31: Direktur Utama | D31: Direktur | F31: Pjs. GM Agronomi

Sheet Areal Stmt
B2: LUAS AREAL STATEMENT TANAM PASTURA
B3: No | C3: Blok | D3: Luas | E3: Lokasi | F3: Tahun | H3: Keterangan
F4: 2026 (ha) | G4: Luas Total
B5: I | C5: FFD
B6: 1 | C6: F29 | D6: 27.8 | E6: Ryn 2 | F6: =D6 -> 27.8 | G6: =SUM(F6:F6) -> 27.8
B7: 2 | C7: Kandang | D7: 14 | E7: Ryn 1 | F7: =D7 -> 14 | G7: =SUM(F7:F7) -> 14
B8: Sub Total | D8: =SUM(D6:D7) -> 41.8 | F8: =SUM(F6:F7) -> 41.8 | G8: =SUM(F8:F8) -> 41.8
B9: 3 | C9: H19 | D9: =(3.5*300)/10000 -> 0.105 | E9: Ryn 1 | F9: =D9 -> 0.105 | G9: =SUM(F9:F9) -> 0.105
B10: 4 | C10: H20 | D10: =(8*300)/10000 -> 0.24 | E10: Ryn 1 | F10: =D10 -> 0.24 | G10: =SUM(F10:F10) -> 0.24
B11: 5 | C11: H21 | D11: =(8.5*300)/10000 -> 0.255 | E11: Ryn 1 | F11: =D11 -> 0.255 | G11: =SUM(F11:F11) -> 0.255
B12: 6 | C12: H22 | D12: =(2.5*300)/10000 -> 0.075 | E12: Ryn 1 | F12: =D12 -> 0.075 | G12: =SUM(F12:F12) -> 0.075
B13: 7 | C13: H23 | D13: =(4*300)/10000 -> 0.12 | E13: Ryn 1 | F13: =D13 -> 0.12 | G13: =SUM(F13:F13) -> 0.12
B14: 8 | C14: H24 | D14: =(3*300)/10000 -> 0.09 | E14: Ryn 1 | F14: =D14 -> 0.09 | G14: =SUM(F14:F14) -> 0.09
B15: 9 | C15: H25 | D15: =(2*300)/10000 -> 0.06 | E15: Ryn 1 | F15: =D15 -> 0.06 | G15: =SUM(F15:F15) -> 0.06
B16: 10 | C16: H26 | D16: =(6*300)/10000 -> 0.18 | E16: Ryn 1 | F16: =D16 -> 0.18 | G16: =SUM(F16:F16) -> 0.18
B17: 11 | C17: H27 | D17: =(5*300)/10000 -> 0.15 | E17: Ryn 1 | F17: =D17 -> 0.15 | G17: =SUM(F17:F17) -> 0.15
B18: 12 | C18: H28 | D18: =(4*300)/10000 -> 0.12 | E18: Ryn 1 | F18: =D18 -> 0.12 | G18: =SUM(F18:F18) -> 0.12
B19: 13 | C19: H29A | D19: 6.5 | E19: Ryn 1 | F19: =D19 -> 6.5 | G19: =SUM(F19:F19) -> 6.5
B20: 14 | C20: H29B | D20: =(5.5*300)/10000 -> 0.165 | E20: Ryn 1 | F20: =D20 -> 0.165 | G20: =SUM(F20:F20) -> 0.165
B21: 15 | C21: JB14 | D21: 2.9 | E21: Ryn 1 | F21: =D21 -> 2.9 | G21: =SUM(F21:F21) -> 2.9
B22: 16 | C22: JB15 | D22: 1.2 | E22: Ryn 1 | F22: =D22 -> 1.2 | G22: =SUM(F22:F22) -> 1.2
B23: 17 | C23: JB25 | D23: 5 | E23: Ryn 1 | F23: =D23 -> 5 | G23: =SUM(F23:F23) -> 5
B24: Sub Total | D24: =SUM(D9:D23) -> 17.16 | F24: =SUM(F9:F23) -> 17.16 | G24: =SUM(F24:F24) -> 17.16
B25: Total | D25: =D8+D24 -> 58.96 | E25: =E8+E24 -> 0 | F25: =F8+F24 -> 58.96 | G25: =G8+G24 -> 58.96
B27: Rencana Tanam Pastura Areal Rumput Pakchong dan Indigofera
B28: No | C28: Blok | D28: Luas | E28: Lokasi | H28: Keterangan
G29: TOTAL
B31: I | C31: Luas Areal Indigofera
C32: FFD | D32: =SUM(D6:D6) -> 27.8 | F32: =SUM(F6:F6) -> 27.8 | G32: =SUM(F32:F32) -> 27.8
B33: Sub Total | D33: =SUM(D32:D32) -> 27.8 | F33: =SUM(F32:F32) -> 27.8 | G33: =SUM(F33:F33) -> 27.8
B34: II | C34: Luas Areal Pakchong
C35: FFD | D35: =SUM(D9:D23)+D7 -> 31.16 | F35: =SUM(F9:F23)+F7 -> 31.16 | G35: =SUM(F35:F35) -> 31.16
B36: Sub Total | D36: =SUM(D35:D35) -> 31.16 | F36: =SUM(F35:F35) -> 31.16 | G36: =SUM(F36:F36) -> 31.16

Sheet SCHEDULE-Indigofera
B2: RENCANA SCHEDULE PROJECT PASTURA KEBUN FFD INTI
C4: PT Fast Forest Development
C5: Departement | D5: : Agronomi
C6: Divisi | D6: : Replanting & Reklamasi
B7: RENCANA KEGIATAN TANAM PASTURA INDIGOFERA
B8: PT FFD
B9: No | C9: Kegiatan | E9: 2026 | J9: 2027 | W9: Keterangan
E10: Ags | F10: Sep | G10: Okt | H10: Nop | I10: Des | J10: Jan | K10: Feb | L10: Mar | M10: Apr | N10: Mei | O10: May | P10: Jun | Q10: Jul | R10: Aug | S10: Sep | T10: Oct | U10: Nov | V10: Dec
B11: 1 | C11: Dokumen Project | D11: Finalisasi RKP
B12: 2 | C12: Pembukaan Lahan | D12: Identifikasi Blok | W12: 1X Rotasi
D13: LC Manual dan Mekanis | W13: 1X Rotasi
D14: Pengolahan Tanah (Bajak) dan Pupuk Organik | W14: 1X Rotasi
D15: Penyemprotan Lalang Gulma & Pasar Rintis | W15: 1X Rotasi
B16: 3 | C16: Sarana & Prasarana | D16: Pembuatan Jalan Produksi
D17: Jembatan Gorong-Gorong | W17: 1X Rotasi
D18: Pembuatan Parit | W18: 1X Rotasi
B19: 4 | C19: Pembibitan Indigofera | D19: Pembuatan Bedengan | W19: 1X Rotasi
D20: Perakitan Instalasi Air | W20: 1X Rotasi
D21: Penanaman Benih Indigofera | W21: 1X Rotasi
D22: Pemeliharaan Weeding Atas | W22: 1X Rotasi
D23: Perakitan Instalasi Air
D24: Penyiraman Bibit | W24: 1X Rotasi
D25: Pemeliharaan Bibit | W25: 1X Rotasi
B26: 5 | C26: Tanam Indigofera | D26: Memancang | W26: 1X Rotasi
D27: Perbaikkan Struktur Tanah Titik Tanam (Aplikasi Jangkos) | W27: 1X Rotasi
D28: Penanaman Indigofera | W28: 1X Rotasi
B29: 6 | C29: Pemeliharaan Indigofera | D29: Perbaikkan Struktur Tanah Titik Tanam (Aplikasi Jangkos)
D30: Pemeliharaan Pokok (Konsolidasi Pokok) | W30: 3X Rotasi
D31: Sanitasi Lingkungan | W31: 1X Rotasi
D32: Pemupukan
B33: 7 | C33: Panen Indigofera | D33: Panen Perdana | W33: 1X Rotasi
D34: Panen Rutin Per 2 Bulan | W34: 6X pertahun

Sheet SCHEDULE-Pakchong
B2: RENCANA SCHEDULE PROJECT REKLAMASI KEBUN FFD INTI
C4: PT Fast Forest Development
C5: Departement | D5: : Agronomi
C6: Divisi | D6: : Replanting & Reklamasi
B7: RENCANA KEGIATAN TANAM PASTURA PAKCHONG
B8: PT FFD
B9: No | C9: Kegiatan | E9: 2026 | J9: 2027 | W9: Keterangan
E10: Ags | F10: Sep | G10: Okt | H10: Nop | I10: Des | J10: Jan | K10: Feb | L10: Mar | M10: Apr | N10: Mei | O10: May | P10: Jun | Q10: Jul | R10: Aug | S10: Sep | T10: Oct | U10: Nov | V10: Dec
B11: 1 | C11: Dokumen Project | D11: Finalisasi RKP
B12: 2 | C12: Pembukaan Lahan | D12: Identifikasi Blok | W12: 1X Rotasi
D13: LC Manual dan Mekanis | W13: 1X Rotasi
D14: Pengolahan Tanah (Bajak) dan Pupuk Organik | W14: 1X Rotasi
D15: Penyemprotan Lalang Gulma & Pasar Rintis | W15: 1X Rotasi
B16: 3 | C16: Sarana & Prasarana | D16: Pembuatan Jalan Produksi
D17: Jembatan Gorong-Gorong | W17: 1X Rotasi
D18: Pembuatan Parit | W18: 1X Rotasi
B19: 4 | C19: Pembibitan | D19: Penyiraman Bibit | W19: 1X Rotasi
B20: 5 | C20: Tanam Pakchong | D20: Memancang | W20: 1X Rotasi
D21: Perbaikkan Struktur Tanah Titik Tanam (Aplikasi Jangkos) | W21: 1X Rotasi
D22: Penanaman Pakchong | W22: 1X Rotasi
B23: 6 | C23: Pemeliharaan Pakchong | D23: Perbaikkan Struktur Tanah Titik Tanam (Aplikasi Jangkos)
D24: Pemeliharaan Pokok (Konsolidasi Pokok) | W24: 3X Rotasi
D25: Sanitasi Lingkungan | W25: 1X Rotasi
D26: Pemupukan
B27: 7 | C27: Panen Pakchong | D27: Panen Perdana | W27: 1X Rotasi
D28: Panen Rutin Per 1,5 Bulan | W28: 8X pertahun

Sheet SI TB LC Indigofera (FFD)
B1: RKP TANAM PASTURA (Indigofera)
D2: Luas: | E2: ='Areal Stmt'!G32 -> 27.8 | F2: Jumlah Populasi | G2: =E2*5000 -> 139000 | Q2: Hasil Panen | AA2: =11000*E2*AF11 -> 3058000 | AB2: Kg | AD2: Hasil Panen | AF2: Bulan | AG2: Tahun
B3: Pekerjaan | F3: Material | H3: Rotasi APD | J3: TB/LC | P3: 2026 s.d 2028 | R3: 2026 | T3: 2027 | V3: Rata-rata | X3: Keterangan | Y3: BIAYA/HA | Z3: Biaya/pkk | AA3: Rp/Ha | AB3: Persentase (%) | AD3: Tanam | AE3: 46266 | AG3: 2026
F4: Jenis | G4: Sat | J4: Sat | K4: Vol | M4: Norma | N4: Rotasi | O4: Jumlah Unit | P4: Rp Sat | Q4: Jumlah RP | R4: Rp Sat | S4: Jumlah RP | T4: Rp Sat | U4: Jumlah RP | V4: Rp Sat | W4: Jumlah RP | AD4: Panen | AE4: 1 | AF4: Mei | AG4: 2027
K5: % | L5: Luas/Mtr/Pkk/Unit | AE5: 2 | AF5: Juli | AG5: 20027
B6: PEMBUKAAN LAHAN | AE6: 3 | AF6: Sept | AG6: 20027
C7: IMAS,TUMBANG, PERUN | AE7: 4 | AF7: Nop | AG7: 20027
D8: Identifikasi Blok | F8: Upah PHL | G8: HK | J8: Ha | K8: 1 | L8: =E2 -> 27.8 | M8: 0.25 | N8: 1 | O8: =K8*L8*M8*N8 -> 6.95 | P8: =VLOOKUP($F8,'Master Harga'!$E$5:$L$348,6,FALSE) -> 151208.64 | Q8: =P8*$O8 -> 1050900 | R8: =VLOOKUP($F8,'Master Harga'!$E$5:$L$348,6,FALSE) -> 151208.64 | S8: =R8*$O8 -> 1050900 | T8: =VLOOKUP($F8,'Master Harga'!$E$5:$L$348,7,FALSE) -> 163305.33 | U8: =T8*$O8 -> 1134972.1 | V8: =W8/O8 -> 155240.87 | W8: =AVERAGEIF($P$4:$U$4,W$4,$P8:$U8) -> 1078924 | AA8: =Q8/$E$2 -> 37802.16 | AE8: 5 | AF8: 6 x | AG8: 2028
D9: Imas | E9: Hutan Primer | F9: Upah PHL | G9: HK | M9: 10 | N9: 1 | X9: Vol sesuai kondisi
E10: Hutan Sekunder | F10: Upah PHL | G10: HK | M10: 10 | N10: 1 | P10: 0
E11: Semak Belukar | F11: Upah PHL | G11: HK | J11: Ha | K11: 0.4 | L11: =L8 -> 27.8 | M11: 7 | N11: 1 | O11: =K11*L11*M11*N11 -> 77.84 | P11: =VLOOKUP($F11,'Master Harga'!$E$5:$L$348,6,FALSE) -> 151208.64 | Q11: =P11*$O11 -> 11770081 | R11: =VLOOKUP($F11,'Master Harga'!$E$5:$L$348,6,FALSE) -> 151208.64 | S11: =R11*$O11 -> 11770081 | T11: =VLOOKUP($F11,'Master Harga'!$E$5:$L$348,7,FALSE) -> 163305.33 | U11: =T11*$O11 -> 12711687 | V11: =W11/O11 -> 155240.87 | W11: =AVERAGEIF($P$4:$U$4,W$4,$P11:$U11) -> 12083949 | AA11: =Q11/$E$2 -> 423384.19 | AE11: Total | AF11: =((6*3)+4)-12 -> 10 | AG11: Kali Panen
D12: Perun Mekanis | E12: Hutan Primer | F12: Buldozer 1 | G12: HM | J12: Ha | K12: 0.888 | L12: =E2 -> 27.8 | M12: 8 | N12: 1 | O12: =K12*L12*M12*N12 -> 197.4912 | P12: =VLOOKUP($F12,'Master Harga'!$E$5:$L$348,6,FALSE) -> 1051433.7 | Q12: =O12*P12 -> 2.076489e+08 | AA12: =Q12/$E$2 -> 7469384.9
E13: Reklamasi | F13: Excavator 1 | G13: HM | J13: HM | K13: 0.6 | L13: =L8 -> 27.8 | M13: 8 | N13: 1 | O13: =K13*L13*M13*N13 -> 133.44 | P13: =VLOOKUP($F13,'Master Harga'!$E$5:$L$348,6,FALSE) -> 720338.07 | Q13: =O13*P13 -> 96121912 | AA13: =Q13/$E$2 -> 3457622.8
D14: Abu Jangkos 5 Ton/Ha | F14: Upah PHL | G14: HK | J14: Hk | K14: 1 | L14: =E2 -> 27.8 | M14: 10 | N14: 1 | O14: =K14*L14*M14*N14 -> 278 | P14: =VLOOKUP($F14,'Master Harga'!$E$5:$L$348,6,FALSE) -> 151208.64 | Q14: =P14*$O14 -> 42036002 | R14: =VLOOKUP($F14,'Master Harga'!$E$5:$L$348,6,FALSE) -> 151208.64 | S14: =R14*$O14 -> 42036002 | T14: =VLOOKUP($F14,'Master Harga'!$E$5:$L$348,7,FALSE) -> 163305.33 | U14: =T14*$O14 -> 45398882 | V14: =W14/O14 -> 155240.87 | W14: =AVERAGEIF($P$4:$U$4,W$4,$P14:$U14) -> 43156962 | X14: 5 Gram/Pkk | Z14: =W14 -> 43156962 | AA14: =Q14/$E$2 -> 1512086.4
F15: Angkutan Abu Boiler | G15: Ha | J15: Ton | K15: 1 | L15: =E2 -> 27.8 | M15: 5 | N15: 1 | O15: =K15*L15*M15*N15 -> 139 | P15: =VLOOKUP($F15,'Master Harga'!$E$5:$L$348,6,FALSE) -> 71700 | Q15: =P15*$O15 -> 9966300 | R15: =VLOOKUP($F15,'Master Harga'!$E$5:$L$348,6,FALSE) -> 71700 | S15: =R15*$O15 -> 9966300 | T15: =VLOOKUP($F15,'Master Harga'!$E$5:$L$348,7,FALSE) -> 81738 | U15: =T15*$O15 -> 11361582 | V15: =W15/O15 -> 75046 | W15: =AVERAGEIF($P$4:$U$4,W$4,$P15:$U15) -> 10431394 | X15: 5 Gram/Pkk | Z15: =W15 -> 10431394 | AA15: =Q15/$E$2 -> 358500
D16: Pengolahan Tanah I | F16: Farm Traktor 1 | G16: HM | J16: HM/Ha | K16: 1 | L16: =L13 -> 27.8 | M16: 3.5 | N16: 1 | O16: =K16*L16*M16*N16 -> 97.3 | P16: =VLOOKUP($F16,'Master Harga'!$E$5:$L$348,6,FALSE) -> 369600 | Q16: =O16*P16 -> 35962080 | AA16: =Q16/$E$2 -> 1293600
D17: Pupuk Kandang 5 Ton/Ha | F17: Upah PHL | G17: HK | J17: Hk | K17: 1 | L17: =E2 -> 27.8 | M17: 10 | N17: 1 | O17: =K17*L17*M17*N17 -> 278 | P17: =VLOOKUP($F17,'Master Harga'!$E$5:$L$348,6,FALSE) -> 151208.64 | Q17: =P17*$O17 -> 42036002 | R17: =VLOOKUP($F17,'Master Harga'!$E$5:$L$348,6,FALSE) -> 151208.64 | S17: =R17*$O17 -> 42036002 | T17: =VLOOKUP($F17,'Master Harga'!$E$5:$L$348,7,FALSE) -> 163305.33 | U17: =T17*$O17 -> 45398882 | V17: =W17/O17 -> 155240.87 | W17: =AVERAGEIF($P$4:$U$4,W$4,$P17:$U17) -> 43156962 | X17: 5 Gram/Pkk | Z17: =W17 -> 43156962 | AA17: =Q17/$E$2 -> 1512086.4
F18: Pupuk Kandang | G18: Ha | J18: Ton | K18: 1 | L18: =E2 -> 27.8 | M18: 5 | N18: 1 | O18: =K18*L18*M18*N18 -> 139 | P18: =VLOOKUP($F18,'Master Harga'!$E$5:$L$348,6,FALSE) -> 980000 | Q18: =P18*$O18 -> 1.3622e+08 | R18: =VLOOKUP($F18,'Master Harga'!$E$5:$L$348,6,FALSE) -> 980000 | S18: =R18*$O18 -> 1.3622e+08 | T18: =VLOOKUP($F18,'Master Harga'!$E$5:$L$348,7,FALSE) -> 1372000 | U18: =T18*$O18 -> 1.90708e+08 | V18: =W18/O18 -> 1110666.7 | W18: =AVERAGEIF($P$4:$U$4,W$4,$P18:$U18) -> 1.5438267e+08 | X18: 5 Gram/Pkk | Z18: =W18 -> 1.5438267e+08 | AA18: =Q18/$E$2 -> 4900000
D19: Pengolahan Tanah II | F19: Farm Traktor 1 | G19: HM | J19: HM/Ha | K19: 1 | L19: =L16 -> 27.8 | M19: 3.5 | N19: 1 | O19: =K19*L19*M19*N19 -> 97.3 | P19: =VLOOKUP($F19,'Master Harga'!$E$5:$L$348,6,FALSE) -> 369600 | Q19: =O19*P19 -> 35962080 | AA19: =Q19/$E$2 -> 1293600
D20: Pengolahan Tanah III | F20: Farm Traktor 1 | G20: HM | J20: HM/Ha | K20: 1 | L20: =L19 -> 27.8 | M20: 2.5 | N20: 1 | O20: =K20*L20*M20*N20 -> 69.5 | P20: =VLOOKUP($F20,'Master Harga'!$E$5:$L$348,6,FALSE) -> 369600 | Q20: =O20*P20 -> 25687200 | AA20: =Q20/$E$2 -> 924000
D21: Pemberantasan Lalang dan Gulma Lainnya | F21: Upah PHL | G21: HK | J21: Ha | K21: 1 | L21: =E2 -> 27.8 | M21: 1.5 | N21: 1 | O21: =K21*L21*M21*N21 -> 41.7 | P21: =VLOOKUP($F21,'Master Harga'!$E$5:$L$348,6,FALSE) -> 151208.64 | Q21: =P21*$O21 -> 6305400.3 | R21: =VLOOKUP($F21,'Master Harga'!$E$5:$L$348,6,FALSE) -> 151208.64 | S21: =R21*$O21 -> 6305400.3 | T21: =VLOOKUP($F21,'Master Harga'!$E$5:$L$348,7,FALSE) -> 163305.33 | U21: =T21*$O21 -> 6809832.3 | V21: =W21/O21 -> 155240.87 | W21: =AVERAGEIF($P$4:$U$4,W$4,$P21:$U21) -> 6473544.3 | AA21: =Q21/$E$2 -> 226812.96
F22: Sprayer (Inter) | G22: Buah | J22: Ha | K22: 1 | L22: =L21 -> 27.8 | M22: 0.031 | N22: 1 | O22: =K22*L22*M22*N22 -> 0.8618 | P22: =VLOOKUP($F22,'Master Harga'!$E$5:$L$348,6,FALSE) -> 1530444.7 | Q22: =P22*$O22 -> 1318937.3 | R22: =VLOOKUP($F22,'Master Harga'!$E$5:$L$348,6,FALSE) -> 1530444.7 | S22: =R22*$O22 -> 1318937.3 | T22: =VLOOKUP($F22,'Master Harga'!$E$5:$L$348,7,FALSE) -> 1714098.1 | U22: =T22*$O22 -> 1477209.7 | V22: =W22/O22 -> 1591662.5 | W22: =AVERAGEIF($P$4:$U$4,W$4,$P22:$U22) -> 1371694.8 | AA22: =Q22/$E$2 -> 47443.786
F23: Glyphosate | G23: Liter | J23: Ha | K23: 0.235 | L23: =L22 -> 27.8 | M23: 0.9 | N23: 1 | O23: =K23*L23*M23*N23 -> 5.8797 | P23: =VLOOKUP($F23,'Master Harga'!$E$5:$L$348,6,FALSE) -> 35343 | Q23: =P23*$O23 -> 207806.24 | AA23: =Q23/$E$2 -> 7475.0445
F24: Metil Metsulfuron | G24: Kg | J24: Ha | K24: 0.74 | L24: =L23 -> 27.8 | M24: 0.036 | N24: 1 | O24: =K24*L24*M24*N24 -> 0.740592 | P24: =VLOOKUP($F24,'Master Harga'!$E$5:$L$348,6,FALSE) -> 96390 | Q24: =P24*$O24 -> 71385.663 | R24: =VLOOKUP($F24,'Master Harga'!$E$5:$L$348,6,FALSE) -> 96390 | S24: =R24*$O24 -> 71385.663 | T24: =VLOOKUP($F24,'Master Harga'!$E$5:$L$348,7,FALSE) -> 109884.6 | U24: =T24*$O24 -> 81379.656 | V24: =W24/O24 -> 100888.2 | W24: =AVERAGEIF($P$4:$U$4,W$4,$P24:$U24) -> 74716.994 | AA24: =Q24/$E$2 -> 2567.8296
F25: Parakuat | G25: Liter | J25: Ha | K25: 0.5 | L25: =L24 -> 27.8 | M25: 0.9 | N25: 1 | O25: =K25*L25*M25*N25 -> 12.51 | P25: =VLOOKUP($F25,'Master Harga'!$E$5:$L$348,6,FALSE) -> 28381.5 | Q25: =P25*$O25 -> 355052.57 | R25: =VLOOKUP($F25,'Master Harga'!$E$5:$L$348,6,FALSE) -> 28381.5 | S25: =R25*$O25 -> 355052.57 | T25: =VLOOKUP($F25,'Master Harga'!$E$5:$L$348,7,FALSE) -> 32354.91 | U25: =T25*$O25 -> 404759.92 | V25: =W25/O25 -> 29705.97 | W25: =AVERAGEIF($P$4:$U$4,W$4,$P25:$U25) -> 371621.68 | AA25: =Q25/$E$2 -> 12771.675
F26: Perekat | G26: Liter | J26: Ha | K26: 0.74 | L26: =L25 -> 27.8 | M26: 0.27 | N26: 1 | O26: =K26*L26*M26*N26 -> 5.55444 | P26: =VLOOKUP($F26,'Master Harga'!$E$5:$L$348,6,FALSE) -> 44982 | Q26: =P26*$O26 -> 249849.82 | R26: =VLOOKUP($F26,'Master Harga'!$E$5:$L$348,6,FALSE) -> 44982 | S26: =R26*$O26 -> 249849.82 | T26: =VLOOKUP($F26,'Master Harga'!$E$5:$L$348,7,FALSE) -> 51279.48 | U26: =T26*$O26 -> 284828.79 | V26: =W26/O26 -> 47081.16 | W26: =AVERAGEIF($P$4:$U$4,W$4,$P26:$U26) -> 261509.48 | AA26: =Q26/$E$2 -> 8987.4036
F27: Premi Extra Fooding | G27: HK | J27: Ha | K27: 1 | L27: =L26 -> 27.8 | M27: =M21 -> 1.5 | N27: 1 | O27: =K27*L27*M27*N27 -> 41.7 | P27: =VLOOKUP($F27,'Master Harga'!$E$5:$L$348,6,FALSE) -> 3996 | Q27: =P27*$O27 -> 166633.2 | R27: =VLOOKUP($F27,'Master Harga'!$E$5:$L$348,6,FALSE) -> 3996 | S27: =R27*$O27 -> 166633.2 | T27: =VLOOKUP($F27,'Master Harga'!$E$5:$L$348,7,FALSE) -> 4315.68 | U27: =T27*$O27 -> 179963.86 | V27: =W27/O27 -> 4102.56 | W27: =AVERAGEIF($P$4:$U$4,W$4,$P27:$U27) -> 171076.75 | AA27: =Q27/$E$2 -> 5994
F28: Celemek | G28: Buah | H28: 4 | I28: X | J28: Ha | K28: 1 | L28: =L27 -> 27.8 | M28: =((M$21*N$21)/240*($H28/N28)) -> 0.025 | N28: 1 | O28: =K28*L28*M28*N28 -> 0.695 | P28: =VLOOKUP($F28,'Master Harga'!$E$5:$L$348,6,FALSE) -> 47980.8 | Q28: =P28*$O28 -> 33346.656 | R28: =VLOOKUP($F28,'Master Harga'!$E$5:$L$348,6,FALSE) -> 47980.8 | S28: =R28*$O28 -> 33346.656 | T28: =VLOOKUP($F28,'Master Harga'!$E$5:$L$348,7,FALSE) -> 53738.496 | U28: =T28*$O28 -> 37348.255 | V28: =W28/O28 -> 49900.032 | W28: =AVERAGEIF($P$4:$U$4,W$4,$P28:$U28) -> 34680.522 | AA28: =Q28/$E$2 -> 1199.52
F29: Masker Chemical | G29: Buah | H29: 12 | I29: X | J29: Ha | K29: 1 | L29: =L28 -> 27.8 | M29: =((M$21*N$21)/240*($H29/N29)) -> 0.075 | N29: 1 | O29: =K29*L29*M29*N29 -> 2.085 | P29: =VLOOKUP($F29,'Master Harga'!$E$5:$L$348,6,FALSE) -> 15680 | Q29: =P29*$O29 -> 32692.8 | R29: =VLOOKUP($F29,'Master Harga'!$E$5:$L$348,6,FALSE) -> 15680 | S29: =R29*$O29 -> 32692.8 | T29: =VLOOKUP($F29,'Master Harga'!$E$5:$L$348,7,FALSE) -> 17561.6 | U29: =T29*$O29 -> 36615.936 | V29: =W29/O29 -> 16307.2 | W29: =AVERAGEIF($P$4:$U$4,W$4,$P29:$U29) -> 34000.512 | AA29: =Q29/$E$2 -> 1176
F30: Kaca mata | G30: Buah | H30: 1 | I30: X | J30: Ha | K30: 1 | L30: =L29 -> 27.8 | M30: =((M$21*N$21)/240*($H30/N30)) -> 0.00625 | N30: 1 | O30: =K30*L30*M30*N30 -> 0.17375 | P30: =VLOOKUP($F30,'Master Harga'!$E$5:$L$348,6,FALSE) -> 41983.2 | Q30: =P30*$O30 -> 7294.581 | R30: =VLOOKUP($F30,'Master Harga'!$E$5:$L$348,6,FALSE) -> 41983.2 | S30: =R30*$O30 -> 7294.581 | T30: =VLOOKUP($F30,'Master Harga'!$E$5:$L$348,7,FALSE) -> 47021.184 | U30: =T30*$O30 -> 8169.9307 | V30: =W30/O30 -> 43662.528 | W30: =AVERAGEIF($P$4:$U$4,W$4,$P30:$U30) -> 7586.3642 | AA30: =Q30/$E$2 -> 262.395
F31: Sarung Tangan Karet | G31: Buah | H31: 2 | I31: X | J31: Ha | K31: 1 | L31: =L30 -> 27.8 | M31: =((M$21*N$21)/240*($H31/N31)) -> 0.0125 | N31: 1 | O31: =K31*L31*M31*N31 -> 0.3475 | P31: =VLOOKUP($F31,'Master Harga'!$E$5:$L$348,6,FALSE) -> 35985.6 | Q31: =P31*$O31 -> 12504.996 | R31: =VLOOKUP($F31,'Master Harga'!$E$5:$L$348,6,FALSE) -> 35985.6 | S31: =R31*$O31 -> 12504.996 | T31: =VLOOKUP($F31,'Master Harga'!$E$5:$L$348,7,FALSE) -> 40303.872 | U31: =T31*$O31 -> 14005.596 | V31: =W31/O31 -> 37425.024 | W31: =AVERAGEIF($P$4:$U$4,W$4,$P31:$U31) -> 13005.196 | AA31: =Q31/$E$2 -> 449.82
F32: Sepatu Boots | G32: Buah | H32: 1 | I32: X | J32: Ha | K32: 1 | L32: =L31 -> 27.8 | M32: =((M$21*N$21)/240*($H32/N32)) -> 0.00625 | N32: 1 | O32: =K32*L32*M32*N32 -> 0.17375 | P32: =VLOOKUP($F32,'Master Harga'!$E$5:$L$348,6,FALSE) -> 95961.6 | Q32: =P32*$O32 -> 16673.328 | R32: =VLOOKUP($F32,'Master Harga'!$E$5:$L$348,6,FALSE) -> 95961.6 | S32: =R32*$O32 -> 16673.328 | T32: =VLOOKUP($F32,'Master Harga'!$E$5:$L$348,7,FALSE) -> 107476.99 | U32: =T32*$O32 -> 18674.127 | V32: =W32/O32 -> 99800.064 | W32: =AVERAGEIF($P$4:$U$4,W$4,$P32:$U32) -> 17340.261 | AA32: =Q32/$E$2 -> 599.76
D33: Transportasi Air | F33: TUS 1 | G33: RIT | J33: Ha | K33: 1 | L33: =L32 -> 27.8 | M33: 0.27 | N33: 1 | O33: =K33*L33*M33*N33 -> 7.506 | P33: =200000 -> 200000 | Q33: =P33*$O33 -> 1501200 | R33: =VLOOKUP($F33,'Master Harga'!$E$5:$L$348,6,FALSE) -> 75235.44 | S33: =R33*$O33 -> 564717.21 | T33: =VLOOKUP($F33,'Master Harga'!$E$5:$L$348,7,FALSE) -> 85768.402 | U33: =T33*$O33 -> 643777.62 | V33: =W33/O33 -> 120334.61 | W33: =AVERAGEIF($P$4:$U$4,W$4,$P33:$U33) -> 903231.61 | AA33: =Q33/$E$2 -> 54000
D34: SUB JUMLAH IMAS TUMBANG PERUN | Q34: =SUM(Q8:Q33) -> 6.5474023e+08 | AA34: =Q34/$E$2 -> 23551807 | AB34: =Q34/$Q$214*100 -> 26.860001
B35: PEMBUATAN SARANA PRASARANA
C36: PEMBUATAN JALAN
D37: Pembuatan Jalan Produksi | F37: Upah PHL | G37: HK | J37: Ha | K37: 0.25 | L37: =E2 -> 27.8 | M37: 1 | N37: 1 | O37: =K37*L37*M37*N37 -> 6.95 | P37: =VLOOKUP($F37,'Master Harga'!$E$5:$L$348,6,FALSE) -> 151208.64 | Q37: =P37*$O37 -> 1050900 | R37: =VLOOKUP($F37,'Master Harga'!$E$5:$L$348,6,FALSE) -> 151208.64 | S37: =R37*$O37 -> 1050900 | T37: =VLOOKUP($F37,'Master Harga'!$E$5:$L$348,7,FALSE) -> 163305.33 | U37: =T37*$O37 -> 1134972.1 | V37: =W37/O37 -> 155240.87 | W37: =AVERAGEIF($P$4:$U$4,W$4,$P37:$U37) -> 1078924 | AA37: =Q37/$E$2 -> 37802.16
F38: Greader 1 | G38: HM | J38: HM | K38: 1 | L38: =E2*33.33 -> 926.574 | M38: 0.009 | N38: 1 | O38: =K38*L38*M38*N38 -> 8.339166 | P38: =VLOOKUP($F38,'Master Harga'!$E$5:$L$348,6,FALSE) -> 715047.83 | Q38: =P38*$O38 -> 5962902.5 | R38: =VLOOKUP($F38,'Master Harga'!$E$5:$L$348,6,FALSE) -> 715047.83 | S38: =R38*$O38 -> 5962902.5 | T38: =VLOOKUP($F38,'Master Harga'!$E$5:$L$348,7,FALSE) -> 751428.67 | U38: =T38*$O38 -> 6266288.4 | V38: =W38/O38 -> 727174.77 | W38: =AVERAGEIF($P$4:$U$4,W$4,$P38:$U38) -> 6064031.1 | AA38: =Q38/$E$2 -> 214492.9
D39: Pembuatan Jalan Produksi | F39: Upah PHL | G39: HK | J39: Ha | K39: 0.25 | L39: =E2 -> 27.8 | M39: 1 | N39: 1 | O39: =K39*L39*M39*N39 -> 6.95 | P39: =VLOOKUP($F39,'Master Harga'!$E$5:$L$348,6,FALSE) -> 151208.64 | Q39: =P39*$O39 -> 1050900 | R39: =VLOOKUP($F39,'Master Harga'!$E$5:$L$348,6,FALSE) -> 151208.64 | S39: =R39*$O39 -> 1050900 | T39: =VLOOKUP($F39,'Master Harga'!$E$5:$L$348,7,FALSE) -> 163305.33 | U39: =T39*$O39 -> 1134972.1 | V39: =W39/O39 -> 155240.87 | W39: =AVERAGEIF($P$4:$U$4,W$4,$P39:$U39) -> 1078924 | AA39: =Q39/$E$2 -> 37802.16
F40: Farm Traktor 1 | G40: HM | J40: HM | K40: 1 | L40: =E2 -> 27.8 | M40: 2 | N40: 1 | O40: =K40*L40*M40*N40 -> 55.6 | P40: =VLOOKUP($F40,'Master Harga'!$E$5:$L$348,6,FALSE) -> 369600 | Q40: =P40*$O40 -> 20549760 | R40: =VLOOKUP($F40,'Master Harga'!$E$5:$L$348,6,FALSE) -> 369600 | S40: =R40*$O40 -> 20549760 | T40: =VLOOKUP($F40,'Master Harga'!$E$5:$L$348,7,FALSE) -> 413952 | U40: =T40*$O40 -> 23015731 | V40: =W40/O40 -> 384384 | W40: =AVERAGEIF($P$4:$U$4,W$4,$P40:$U40) -> 21371750 | AA40: =Q40/$E$2 -> 739200
B41: SUB JUMLAH PEMBUATAN JALAN | Q41: =SUM(Q37:Q40) -> 28614463 | AA41: =Q41/$E$2 -> 1029297.2 | AB41: =Q41/$Q$214*100 -> 1.173877
C42: PEMBUATAN JEMBATAN
D43: Jembatan Permanen s/d 3 Mtr | F43: Upah PHL | G43: HK
F44: Bahan Jembatan Permanen 1 | G44: Unit
F45: TLB 1 | G45: HM
D46: Jembatan Permanen 4-6 Mtr | F46: Upah PHL | G46: HK
F47: Bahan Jembatan Permanen 2 | G47: Unit
F48: TLB 1 | G48: HM
D49: Jembatan Permanen 6-9 mtr | F49: Upah PHL | G49: HK
F50: Bahan Jembatan Permanen 3 | G50: Unit
F51: TLB 1 | G51: HM
D52: Pembuatan Jembatan Semi Permanen > 2 Mtr | F52: Upah PHL | G52: HK
F53: Bahan Jembatan Semi Permanen 1 | G53: Unit | M53: 1
F54: Excavator 1 | G54: HM | M54: 4
F55: Upah PHL | G55: HK | M55: 4 | N55: 1 | O55: =K55*L55*M55*N55 -> 0 | P55: 0 | Q55: =O55*P55 -> 0 | X55: Untuk mengeluarkan debit air yang ada di dalam blok dan menyebrang CR F17/18 | AA55: =Q55/$E$2 -> 0
D56: Jembatan Permanen | F56: TLB 1 | M56: 0.25 | N56: 1 | O56: =K56*L56*M56*N56 -> 0 | P56: 0 | Q56: =O56*P56 -> 0 | AA56: =Q56/$E$2 -> 0
F57: HDPE Culvert 1.0 X6 Triplewall | M57: 1 | N57: 1 | O57: =K57*L57*M57*N57 -> 0 | P57: 0 | Q57: =O57*P57 -> 0 | AA57: =Q57/$E$2 -> 0
D58: Gorong-Gorong 40 CM | F58: Upah PHL | G58: HK | M58: 1 | N58: 1
F59: Gorong-Gorong 40 CM | G59: Unit | M59: 7 | N59: 1
F60: TLB 1 | G60: HM | M60: 3 | N60: 1
D61: Gorong-Gorong 60 CM | F61: Upah PHL | G61: HK | M61: 1 | N61: 1
F62: Gorong-Gorong 60 CM | G62: Unit | M62: 7 | N62: 1
F63: TLB 1 | G63: HM | M63: 3 | N63: 1
D64: Gorong-Gorong 80 CM | F64: Upah PHL | G64: HK | J64: HK | K64: 1 | L64: 1 | M64: 1 | N64: 1 | O64: =K64*L64*M64*N64 -> 1 | P64: =VLOOKUP($F64,'Master Harga'!$E$5:$L$348,6,FALSE) -> 151208.64 | Q64: =O64*P64 -> 151208.64 | AA64: =Q64/$E$2 -> 5439.1597
D65: (Areal Ring) | F65: Gorong-Gorong 80 CM | G65: Unit | J65: Unit | K65: 1 | L65: 1 | M65: 6 | N65: 1 | O65: =K65*L65*M65*N65 -> 6 | P65: =VLOOKUP($F65,'Master Harga'!$E$5:$L$348,6,FALSE) -> 741000 | Q65: =O65*P65 -> 4446000 | AA65: =Q65/$E$2 -> 159928.06
F66: TLB 1 | G66: HM | J66: HM | K66: 1 | L66: 1 | M66: 3 | N66: 1 | O66: =K66*L66*M66*N66 -> 3 | P66: =VLOOKUP($F66,'Master Harga'!$E$5:$L$348,6,FALSE) -> 680210.07 | Q66: =O66*P66 -> 2040630.2 | AA66: =Q66/$E$2 -> 73403.964
D67: SUB JUMLAH PEMBUATAN JEMBATAN | Q67: =SUM(Q43:Q66) -> 6637838.8 | AA67: =Q67/$E$2 -> 238771.18 | AB67: =Q67/$Q$214*100 -> 0.27231007
C68: PEMBUATAN PARIT
D69: Pembuatan Parit Primer (4x4) | F69: Upah PHL | G69: HK | N69: 1
D70: (Parit ex Tambang) | F70: Excavator 1 | G70: HM | J70: HM | K70: 1 | L70: =L38 -> 926.574 | M70: =1/10 -> 0.1 | N70: 1 | O70: =K70*L70*M70*N70 -> 92.6574 | P70: =VLOOKUP($F70,'Master Harga'!$E$5:$L$348,6,FALSE) -> 720338.07 | Q70: =O70*P70 -> 66744653 | AA70: =Q70/$E$2 -> 2400886.8
D71: Pembuatan Parit Sekunder (2x2) | F71: Upah PHL | G71: HK | N71: 1
D72: 65 meter/HM | F72: Excavator 1 | G72: HM | M72: =1/30 -> 0.033333333 | N72: 1 | O72: =K72*L72*M72*N72 -> 0 | P72: 0 | Q72: =P72*$O72 -> 0
D73: Pembuatan Parit Tersier (1x1) | F73: Upah PHL | G73: HK | M73: 1 | N73: 1 | O73: =K73*L73*M73*N73 -> 0 | P73: 0 | Q73: =P73*$O73 -> 0 | X73: Areal rendahan eks tambang yang perlu dibuat field drain 6 :1 | AA73: =Q73/$E$2 -> 0
F74: Excavator 1 | G74: HM | J74: Mtr | K74: 1 | L74: =L70 -> 926.574 | M74: =1/60 -> 0.016666667 | N74: 1 | O74: =K74*L74*M74*N74 -> 15.4429 | P74: =VLOOKUP($F74,'Master Harga'!$E$5:$L$348,6,FALSE) -> 720338.07 | Q74: =P74*$O74 -> 11124109 | R74: =VLOOKUP($F74,'Master Harga'!$E$5:$L$348,6,FALSE) -> 720338.07 | S74: =R74*$O74 -> 11124109 | T74: =VLOOKUP($F74,'Master Harga'!$E$5:$L$348,7,FALSE) -> 761671.7 | U74: =T74*$O74 -> 11762420 | V74: =W74/O74 -> 734115.95 | W74: =AVERAGEIF($P$4:$U$4,W$4,$P74:$U74) -> 11336879 | AA74: =Q74/$E$2 -> 400147.8
B75: SUB JUMLAH PEMBUATAN PARIT | Q75: =SUM(Q69:Q74) -> 77868762 | AA75: =Q75/$E$2 -> 2801034.6 | AB75: =Q75/$Q$214*100 -> 3.1944807
C76: CUCI PARIT
D77: Cuci Parit Primer (4X4) | F77: Upah PHL | G77: HK | N77: 1
F78: Excavator 1 | G78: HM | J78: Mtr | K78: 1 | M78: =1/10 -> 0.1 | N78: 1 | O78: =K78*L78*M78*N78 -> 0 | P78: 0 | Q78: =P78*$O78 -> 0 | R78: =VLOOKUP($F78,'Master Harga'!$E$5:$L$348,6,FALSE) -> 720338.07 | S78: =R78*$O78 -> 0 | T78: =VLOOKUP($F78,'Master Harga'!$E$5:$L$348,7,FALSE) -> 761671.7 | U78: =T78*$O78 -> 0 | V78: =W78/O78 -> #DIV/0! | W78: =AVERAGEIF($P$4:$U$4,W$4,$P78:$U78) -> 0
D79: Cuci Parit Sekunder (2X2) Parit Alam | F79: Upah PHL | G79: HK | K79: 0 | M79: 1 | N79: 1 | O79: =K79*L79*M79*N79 -> 0 | P79: 0 | Q79: =P79*$O79 -> 0 | AA79: =Q79/46.1 -> 0
F80: Excavator 1 | G80: HM | J80: Mtr | K80: 0 | M80: =1/33 -> 0.03030303 | N80: 1 | O80: =K80*L80*M80*N80 -> 0 | P80: 0 | Q80: =P80*$O80 -> 0 | R80: =VLOOKUP($F80,'Master Harga'!$E$5:$L$348,6,FALSE) -> 720338.07 | S80: =R80*$O80 -> 0 | T80: =VLOOKUP($F80,'Master Harga'!$E$5:$L$348,7,FALSE) -> 761671.7 | U80: =T80*$O80 -> 0 | V80: =W80/O80 -> #DIV/0! | W80: =AVERAGEIF($P$4:$U$4,W$4,$P80:$U80) -> 0 | AA80: =Q80/46.1 -> 0
D81: Cuci Parit Tersier (1X1) | F81: Upah PHL | G81: HK | K81: 1 | M81: 1 | N81: 1 | O81: =K81*L81*M81*N81 -> 0 | P81: 0 | Q81: =P81*$O81 -> 0 | X81: Parit yang tersedia sudah dangkal karena erosi tanah dari lokasi eks tambang | AA81: =Q81/$E$2 -> 0
F82: Excavator 1 | G82: HM | J82: Mtr | K82: 1 | M82: =1/60 -> 0.016666667 | N82: 1 | O82: =K82*L82*M82*N82 -> 0 | P82: 0 | Q82: =P82*$O82 -> 0 | R82: =VLOOKUP($F82,'Master Harga'!$E$5:$L$348,6,FALSE) -> 720338.07 | S82: =R82*$O82 -> 0 | T82: =VLOOKUP($F82,'Master Harga'!$E$5:$L$348,7,FALSE) -> 761671.7 | U82: =T82*$O82 -> 0 | V82: =W82/O82 -> #DIV/0! | W82: =AVERAGEIF($P$4:$U$4,W$4,$P82:$U82) -> 0 | X82: 60 Meter/HM | AA82: =Q82/$E$2 -> 0
B83: SUB JUMLAH CUCI PARIT | Q83: =SUM(Q77:Q82) -> 0 | AA83: =Q83/E2 -> 0 | AB83: =Q83/$Q$214*100 -> 0
C84: PEMELIHARAAN PINTU AIR
F85: Upah PHL | G85: HK | J85: Unit | M85: 3 | N85: 1
F86: Material Pintu Air 1 | G86: Unit | N86: 1
F87: Excavator 1 | G87: HM | M87: 3 | N87: 1
B88: SUB JUMLAH PEMELIHARAAN PINTU AIR | Q88: =SUM(Q84:Q87) -> 0
C89: PENGAWETAN TANAH
D90: Tapak Kuda | F90: Upah PHL | G90: HK | K90: 0.1 | M90: =1/3 -> 0.33333333 | N90: 1 | O90: =K90*L90*M90*N90 -> 0 | P90: 0 | Q90: =O90*P90 -> 0 | AA90: =Q90/$E$2 -> 0
F91: Cangkul | G91: Buah | K91: 1 | M91: =1/3 -> 0.33333333 | N91: 1 | O91: =K91*L91*M91*N91 -> 0 | P91: 0 | Q91: =O91*P91 -> 0 | AA91: =Q91/$E$2 -> 0
D92: Rorak / Benteng | F92: Upah PHL | G92: HK | P92: 0
F93: Cangkul | G93: Buah | P93: 0
D94: Kontur / Teras | F94: Upah PHL | G94: HK | J94: Ha | K94: 1 | M94: 0.2 | N94: 1 | O94: =K94*L94*M94*N94 -> 0 | P94: 0 | Q94: =O94*P94 -> 0 | X94: Blok N13
F95: Excavator 1 | G95: HM | J95: Ha | K95: 1 | M95: 20 | N95: 1 | O95: =K95*L95*M95*N95 -> 0 | P95: 0 | Q95: =O95*P95 -> 0
D96: Jalan | F96: Excavator 1 | G96: HM | J96: MTR/HM | K96: 1 | M96: =1/26 -> 0.038461538 | N96: 1 | O96: =K96*L96*M96*N96 -> 0 | P96: 0 | Q96: =O96*P96 -> 0
D97: Tapak Timbun | F97: Upah PHL | G97: HK | K97: 0.1 | M97: =1/3 -> 0.33333333 | N97: 1 | O97: =K97*L97*M97*N97 -> 0 | P97: 0 | Q97: =O97*P97 -> 0 | AA97: =Q97/$E$2 -> 0
F98: Cangkul | G98: Buah | K98: 1 | M98: =1/3 -> 0.33333333 | N98: 1 | O98: =K98*L98*M98*N98 -> 0 | P98: 0 | Q98: =O98*P98 -> 0 | AA98: =Q98/$E$2 -> 0
B99: SUB JUMLAH PENGAWETAN TANAH | Q99: =SUM(Q90:Q98) -> 0 | AA99: =Q99/$E$2 -> 0 | AB99: =Q99/$Q$214*100 -> 0
C100: PEMBUATAN BARAK
...

Sheet SI TB LC Pakchong (FFD)
B1: RKP TANAM PASTURA (Pakchong)
D2: Luas: | E2: ='Areal Stmt'!G35 -> 31.16 | F2: Jumlah Populasi | G2: =E2*5000 -> 155800 | Q2: Hasil Panen | AA2: =E2*72000*AF8 -> 38139840 | AB2: Kg | AD2: Hasil Panen | AF2: Bulan | AG2: Tahun
B3: Pekerjaan | F3: Material | H3: Rotasi APD | J3: TB/LC | P3: 2026 s.d 2028 | R3: 2026 | T3: 2027 | V3: Rata-rata | X3: Keterangan | Y3: BIAYA/HA | Z3: Biaya/pkk | AA3: Rp/Ha | AB3: Persentase (%) | AD3: Tanam | AE3: 46266 | AF3: Des | AG3: 2026
F4: Jenis | G4: Sat | J4: Sat | K4: Vol | M4: Norma | N4: Rotasi | O4: Jumlah Unit | P4: Rp Sat | Q4: Jumlah RP | R4: Rp Sat | S4: Jumlah RP | T4: Rp Sat | U4: Jumlah RP | V4: Rp Sat | W4: Jumlah RP | AD4: Panen | AE4: 1 | AF4: 8 x | AG4: 2027
K5: % | L5: Luas/Mtr/Pkk/Unit | AE5: 2 | AF5: 8 x | AG5: 2028
B6: PEMBUKAAN LAHAN
C7: IMAS,TUMBANG, PERUN
D8: Identifikasi Blok | F8: Upah PHL | G8: HK | J8: Ha | K8: 1 | L8: =E2 -> 31.16 | M8: 0.25 | N8: 1 | O8: =K8*L8*M8*N8 -> 7.79 | P8: =VLOOKUP($F8,'Master Harga'!$E$5:$L$348,6,FALSE) -> 151208.64 | Q8: =P8*$O8 -> 1177915.3 | R8: =VLOOKUP($F8,'Master Harga'!$E$5:$L$348,6,FALSE) -> 151208.64 | S8: =R8*$O8 -> 1177915.3 | T8: =VLOOKUP($F8,'Master Harga'!$E$5:$L$348,7,FALSE) -> 163305.33 | U8: =T8*$O8 -> 1272148.5 | V8: =W8/O8 -> 155240.87 | W8: =AVERAGEIF($P$4:$U$4,W$4,$P8:$U8) -> 1209326.4 | AA8: =Q8/$E$2 -> 37802.16 | AE8: Total | AF8: 17 | AG8: Kali Panen
D9: Imas | E9: Hutan Primer | F9: Upah PHL | G9: HK | M9: 10 | N9: 1 | X9: Vol sesuai kondisi
E10: Hutan Sekunder | F10: Upah PHL | G10: HK | M10: 10 | N10: 1 | P10: 0
E11: Semak Belukar | F11: Upah PHL | G11: HK | J11: Ha | K11: 0.4 | L11: =L8 -> 31.16 | M11: 10 | N11: 1 | O11: =K11*L11*M11*N11 -> 124.64 | P11: =VLOOKUP($F11,'Master Harga'!$E$5:$L$348,6,FALSE) -> 151208.64 | Q11: =P11*$O11 -> 18846645 | R11: =VLOOKUP($F11,'Master Harga'!$E$5:$L$348,6,FALSE) -> 151208.64 | S11: =R11*$O11 -> 18846645 | T11: =VLOOKUP($F11,'Master Harga'!$E$5:$L$348,7,FALSE) -> 163305.33 | U11: =T11*$O11 -> 20354376 | V11: =W11/O11 -> 155240.87 | W11: =AVERAGEIF($P$4:$U$4,W$4,$P11:$U11) -> 19349222 | AA11: =Q11/$E$2 -> 604834.56
D12: Perun Mekanis | E12: Hutan Primer | F12: Buldozer 1 | G12: HM | J12: Ha | K12: 0.08 | L12: =E2 -> 31.16 | M12: 18 | N12: 1 | O12: =K12*L12*M12*N12 -> 44.8704 | P12: =VLOOKUP($F12,'Master Harga'!$E$5:$L$348,6,FALSE) -> 1051433.7 | Q12: =P12*$O12 -> 47178250 | AA12: =Q12/$E$2 -> 1514064.5
E13: Reklamasi | F13: Excavator 1 | G13: HM | J13: HM | K13: 0.1 | L13: =L8 -> 31.16 | M13: 8 | N13: 1 | O13: =K13*L13*M13*N13 -> 24.928 | P13: =VLOOKUP($F13,'Master Harga'!$E$5:$L$348,6,FALSE) -> 720338.07 | Q13: =P13*$O13 -> 17956587 | AA13: =Q13/$E$2 -> 576270.46
D14: Abu Jangkos 5 Ton/Ha | F14: Upah PHL | G14: HK | J14: Hk | K14: 1 | L14: =E2 -> 31.16 | M14: 10 | N14: 1 | O14: =K14*L14*M14*N14 -> 311.6 | P14: =VLOOKUP($F14,'Master Harga'!$E$5:$L$348,6,FALSE) -> 151208.64 | Q14: =P14*$O14 -> 47116612 | R14: =VLOOKUP($F14,'Master Harga'!$E$5:$L$348,6,FALSE) -> 151208.64 | S14: =R14*$O14 -> 47116612 | T14: =VLOOKUP($F14,'Master Harga'!$E$5:$L$348,7,FALSE) -> 163305.33 | U14: =T14*$O14 -> 50885941 | V14: =W14/O14 -> 155240.87 | W14: =AVERAGEIF($P$4:$U$4,W$4,$P14:$U14) -> 48373055 | X14: 5 Gram/Pkk | Z14: =W14 -> 48373055 | AA14: =Q14/$E$2 -> 1512086.4
F15: Angkutan Abu Boiler | G15: Ha | J15: Ton | K15: 1 | L15: =E2 -> 31.16 | M15: 5 | N15: 1 | O15: =K15*L15*M15*N15 -> 155.8 | P15: =VLOOKUP($F15,'Master Harga'!$E$5:$L$348,6,FALSE) -> 71700 | Q15: =P15*$O15 -> 11170860 | R15: =VLOOKUP($F15,'Master Harga'!$E$5:$L$348,6,FALSE) -> 71700 | S15: =R15*$O15 -> 11170860 | T15: =VLOOKUP($F15,'Master Harga'!$E$5:$L$348,7,FALSE) -> 81738 | U15: =T15*$O15 -> 12734780 | V15: =W15/O15 -> 75046 | W15: =AVERAGEIF($P$4:$U$4,W$4,$P15:$U15) -> 11692167 | X15: 5 Gram/Pkk | Z15: =W15 -> 11692167 | AA15: =Q15/$E$2 -> 358500
D16: Pengolahan Tanah I | F16: Farm Traktor 1 | G16: HM | J16: HM/Ha | K16: 1 | L16: =L13 -> 31.16 | M16: 3.5 | N16: 1 | O16: =K16*L16*M16*N16 -> 109.06 | P16: =VLOOKUP($F16,'Master Harga'!$E$5:$L$348,6,FALSE) -> 369600 | Q16: =P16*$O16 -> 40308576 | AA16: =Q16/$E$2 -> 1293600
D17: Pupuk Kandang 5 Ton/Ha | F17: Upah PHL | G17: HK | J17: Hk | K17: 1 | L17: =E2 -> 31.16 | M17: 10 | N17: 1 | O17: =K17*L17*M17*N17 -> 311.6 | P17: =VLOOKUP($F17,'Master Harga'!$E$5:$L$348,6,FALSE) -> 151208.64 | Q17: =P17*$O17 -> 47116612 | R17: =VLOOKUP($F17,'Master Harga'!$E$5:$L$348,6,FALSE) -> 151208.64 | S17: =R17*$O17 -> 47116612 | T17: =VLOOKUP($F17,'Master Harga'!$E$5:$L$348,7,FALSE) -> 163305.33 | U17: =T17*$O17 -> 50885941 | V17: =W17/O17 -> 155240.87 | W17: =AVERAGEIF($P$4:$U$4,W$4,$P17:$U17) -> 48373055 | X17: 5 Gram/Pkk | Z17: =W17 -> 48373055 | AA17: =Q17/$E$2 -> 1512086.4
F18: Pupuk Kandang | G18: Ha | J18: Ton | K18: 1 | L18: =E2 -> 31.16 | M18: 5 | N18: 1 | O18: =K18*L18*M18*N18 -> 155.8 | P18: =VLOOKUP($F18,'Master Harga'!$E$5:$L$348,6,FALSE) -> 980000 | Q18: =P18*$O18 -> 1.52684e+08 | R18: =VLOOKUP($F18,'Master Harga'!$E$5:$L$348,6,FALSE) -> 980000 | S18: =R18*$O18 -> 1.52684e+08 | T18: =VLOOKUP($F18,'Master Harga'!$E$5:$L$348,7,FALSE) -> 1372000 | U18: =T18*$O18 -> 2.137576e+08 | V18: =W18/O18 -> 1110666.7 | W18: =AVERAGEIF($P$4:$U$4,W$4,$P18:$U18) -> 1.7304187e+08 | X18: 5 Gram/Pkk | Z18: =W18 -> 1.7304187e+08 | AA18: =Q18/$E$2 -> 4900000
D19: Pengolahan Tanah II | F19: Farm Traktor 1 | G19: HM | J19: HM/Ha | K19: 1 | L19: =L16 -> 31.16 | M19: 3.5 | N19: 1 | O19: =K19*L19*M19*N19 -> 109.06 | P19: =VLOOKUP($F19,'Master Harga'!$E$5:$L$348,6,FALSE) -> 369600 | Q19: =P19*$O19 -> 40308576 | AA19: =Q19/$E$2 -> 1293600
D20: Pengolahan Tanah III | F20: Farm Traktor 1 | G20: HM | J20: HM/Ha | K20: 1 | L20: =L19 -> 31.16 | M20: 2.5 | N20: 1 | O20: =K20*L20*M20*N20 -> 77.9 | P20: =VLOOKUP($F20,'Master Harga'!$E$5:$L$348,6,FALSE) -> 369600 | Q20: =P20*$O20 -> 28791840 | AA20: =Q20/$E$2 -> 924000
D21: Pembuatan Pagar | F21: Upah PHL | G21: HK | J21: Hk/Bbt | K21: 1 | L21: =L20 -> 31.16 | M21: 2 | N21: 1 | O21: =K21*L21*M21*N21 -> 62.32 | P21: =VLOOKUP($F21,'Master Harga'!$E$5:$L$348,6,FALSE) -> 151208.64 | Q21: =P21*$O21 -> 9423322.4 | AA21: =Q21/$E$2 -> 302417.28
F22: Plastik Hitam | G22: Mtr | J22: Mtr/Bbt | K22: 1 | L22: =L21 -> 31.16 | M22: 1.95 | N22: 1 | O22: =K22*L22*M22*N22 -> 60.762 | P22: =VLOOKUP($F22,'Master Harga'!$E$5:$L$348,6,FALSE) -> 3360 | Q22: =P22*$O22 -> 204160.32 | AA22: =Q22/$E$2 -> 6552
F23: Patok Kayu | G23: Btg | J23: Btg/Bbt | K23: 1 | L23: 0 | M23: 0.7506 | N23: 1 | O23: =K23*L23*M23*N23 -> 0 | P23: =VLOOKUP($F23,'Master Harga'!$E$5:$L$348,6,FALSE) -> 22400 | Q23: =P23*$O23 -> 0 | AA23: =Q23/$E$2 -> 0
F24: Kawat Duri | G24: Rol | J24: Mtr/Bbt | K24: 1 | L24: =L23 -> 0 | M24: 0.343 | N24: 1 | O24: =K24*L24*M24*N24 -> 0 | P24: =VLOOKUP($F24,'Master Harga'!$E$5:$L$348,6,FALSE) -> 178071.6 | Q24: =P24*$O24 -> 0 | AA24: =Q24/$E$2 -> 0
F25: Paku 1" | G25: Kg | J25: Kg/Bbt | K25: 1 | L25: =L24 -> 0 | M25: 0.15 | N25: 1 | O25: =K25*L25*M25*N25 -> 0 | P25: =VLOOKUP($F25,'Master Harga'!$E$5:$L$348,6,FALSE) -> 20263.32 | Q25: =P25*$O25 -> 0 | AA25: =Q25/$E$2 -> 0
F26: Paku 2.5" | G26: Kg | J26: Kg/Bbt | K26: 1 | L26: =L25 -> 0 | M26: 0.15 | N26: 1 | O26: =K26*L26*M26*N26 -> 0 | P26: =VLOOKUP($F26,'Master Harga'!$E$5:$L$348,6,FALSE) -> 18421.2 | Q26: =P26*$O26 -> 0 | AA26: =Q26/$E$2 -> 0
D27: Pemberantasan Lalang dan Gulma Lainnya | F27: Upah PHL | G27: HK | J27: Ha | K27: 1 | L27: =E2 -> 31.16 | M27: 1.5 | N27: 1 | O27: =K27*L27*M27*N27 -> 46.74 | P27: =VLOOKUP($F27,'Master Harga'!$E$5:$L$348,6,FALSE) -> 151208.64 | Q27: =P27*$O27 -> 7067491.8 | R27: =VLOOKUP($F27,'Master Harga'!$E$5:$L$348,6,FALSE) -> 151208.64 | S27: =R27*$O27 -> 7067491.8 | T27: =VLOOKUP($F27,'Master Harga'!$E$5:$L$348,7,FALSE) -> 163305.33 | U27: =T27*$O27 -> 7632891.2 | V27: =W27/O27 -> 155240.87 | W27: =AVERAGEIF($P$4:$U$4,W$4,$P27:$U27) -> 7255958.3 | AA27: =Q27/$E$2 -> 226812.96
F28: Sprayer (Inter) | G28: Buah | J28: Ha | K28: 1 | L28: =L27 -> 31.16 | M28: 0.031 | N28: 1 | O28: =K28*L28*M28*N28 -> 0.96596 | P28: =VLOOKUP($F28,'Master Harga'!$E$5:$L$348,6,FALSE) -> 1530444.7 | Q28: =P28*$O28 -> 1478348.4 | R28: =VLOOKUP($F28,'Master Harga'!$E$5:$L$348,6,FALSE) -> 1530444.7 | S28: =R28*$O28 -> 1478348.4 | T28: =VLOOKUP($F28,'Master Harga'!$E$5:$L$348,7,FALSE) -> 1714098.1 | U28: =T28*$O28 -> 1655750.2 | V28: =W28/O28 -> 1591662.5 | W28: =AVERAGEIF($P$4:$U$4,W$4,$P28:$U28) -> 1537482.3 | AA28: =Q28/$E$2 -> 47443.786
F29: Glyphosate | G29: Liter | J29: Ha | K29: 0.235 | L29: =L28 -> 31.16 | M29: 0.9 | N29: 1 | O29: =K29*L29*M29*N29 -> 6.59034 | P29: =VLOOKUP($F29,'Master Harga'!$E$5:$L$348,6,FALSE) -> 35343 | Q29: =P29*$O29 -> 232922.39 | AA29: =Q29/$E$2 -> 7475.0445
F30: Metil Metsulfuron | G30: Kg | J30: Ha | K30: 0.74 | L30: =L29 -> 31.16 | M30: 0.036 | N30: 1 | O30: =K30*L30*M30*N30 -> 0.8301024 | P30: =VLOOKUP($F30,'Master Harga'!$E$5:$L$348,6,FALSE) -> 96390 | Q30: =P30*$O30 -> 80013.57 | R30: =VLOOKUP($F30,'Master Harga'!$E$5:$L$348,6,FALSE) -> 96390 | S30: =R30*$O30 -> 80013.57 | T30: =VLOOKUP($F30,'Master Harga'!$E$5:$L$348,7,FALSE) -> 109884.6 | U30: =T30*$O30 -> 91215.47 | V30: =W30/O30 -> 100888.2 | W30: =AVERAGEIF($P$4:$U$4,W$4,$P30:$U30) -> 83747.537 | AA30: =Q30/$E$2 -> 2567.8296
F31: Parakuat | G31: Liter | J31: Ha | K31: 0.5 | L31: =L30 -> 31.16 | M31: 0.9 | N31: 1 | O31: =K31*L31*M31*N31 -> 14.022 | P31: =VLOOKUP($F31,'Master Harga'!$E$5:$L$348,6,FALSE) -> 28381.5 | Q31: =P31*$O31 -> 397965.39 | R31: =VLOOKUP($F31,'Master Harga'!$E$5:$L$348,6,FALSE) -> 28381.5 | S31: =R31*$O31 -> 397965.39 | T31: =VLOOKUP($F31,'Master Harga'!$E$5:$L$348,7,FALSE) -> 32354.91 | U31: =T31*$O31 -> 453680.55 | V31: =W31/O31 -> 29705.97 | W31: =AVERAGEIF($P$4:$U$4,W$4,$P31:$U31) -> 416537.11 | AA31: =Q31/$E$2 -> 12771.675
F32: Perekat | G32: Liter | J32: Ha | K32: 0.74 | L32: =L31 -> 31.16 | M32: 0.27 | N32: 1 | O32: =K32*L32*M32*N32 -> 6.225768 | P32: =VLOOKUP($F32,'Master Harga'!$E$5:$L$348,6,FALSE) -> 44982 | Q32: =P32*$O32 -> 280047.5 | R32: =VLOOKUP($F32,'Master Harga'!$E$5:$L$348,6,FALSE) -> 44982 | S32: =R32*$O32 -> 280047.5 | T32: =VLOOKUP($F32,'Master Harga'!$E$5:$L$348,7,FALSE) -> 51279.48 | U32: =T32*$O32 -> 319254.15 | V32: =W32/O32 -> 47081.16 | W32: =AVERAGEIF($P$4:$U$4,W$4,$P32:$U32) -> 293116.38 | AA32: =Q32/$E$2 -> 8987.4036
F33: Premi Extra Fooding | G33: HK | J33: Ha | K33: 1 | L33: =L32 -> 31.16 | M33: =M27 -> 1.5 | N33: 1 | O33: =K33*L33*M33*N33 -> 46.74 | P33: =VLOOKUP($F33,'Master Harga'!$E$5:$L$348,6,FALSE) -> 3996 | Q33: =P33*$O33 -> 186773.04 | R33: =VLOOKUP($F33,'Master Harga'!$E$5:$L$348,6,FALSE) -> 3996 | S33: =R33*$O33 -> 186773.04 | T33: =VLOOKUP($F33,'Master Harga'!$E$5:$L$348,7,FALSE) -> 4315.68 | U33: =T33*$O33 -> 201714.88 | V33: =W33/O33 -> 4102.56 | W33: =AVERAGEIF($P$4:$U$4,W$4,$P33:$U33) -> 191753.65 | AA33: =Q33/$E$2 -> 5994
F34: Celemek | G34: Buah | H34: 4 | I34: X | J34: Ha | K34: 1 | L34: =L33 -> 31.16 | M34: =((M$27*N$27)/240*($H34/N34)) -> 0.025 | N34: 1 | O34: =K34*L34*M34*N34 -> 0.779 | P34: =VLOOKUP($F34,'Master Harga'!$E$5:$L$348,6,FALSE) -> 47980.8 | Q34: =P34*$O34 -> 37377.043 | R34: =VLOOKUP($F34,'Master Harga'!$E$5:$L$348,6,FALSE) -> 47980.8 | S34: =R34*$O34 -> 37377.043 | T34: =VLOOKUP($F34,'Master Harga'!$E$5:$L$348,7,FALSE) -> 53738.496 | U34: =T34*$O34 -> 41862.288 | V34: =W34/O34 -> 49900.032 | W34: =AVERAGEIF($P$4:$U$4,W$4,$P34:$U34) -> 38872.125 | AA34: =Q34/$E$2 -> 1199.52
F35: Masker Chemical | G35: Buah | H35: 12 | I35: X | J35: Ha | K35: 1 | L35: =L34 -> 31.16 | M35: =((M$27*N$27)/240*($H35/N35)) -> 0.075 | N35: 1 | O35: =K35*L35*M35*N35 -> 2.337 | P35: =VLOOKUP($F35,'Master Harga'!$E$5:$L$348,6,FALSE) -> 15680 | Q35: =P35*$O35 -> 36644.16 | R35: =VLOOKUP($F35,'Master Harga'!$E$5:$L$348,6,FALSE) -> 15680 | S35: =R35*$O35 -> 36644.16 | T35: =VLOOKUP($F35,'Master Harga'!$E$5:$L$348,7,FALSE) -> 17561.6 | U35: =T35*$O35 -> 41041.459 | V35: =W35/O35 -> 16307.2 | W35: =AVERAGEIF($P$4:$U$4,W$4,$P35:$U35) -> 38109.926 | AA35: =Q35/$E$2 -> 1176
F36: Kaca mata | G36: Buah | H36: 1 | I36: X | J36: Ha | K36: 1 | L36: =L35 -> 31.16 | M36: =((M$27*N$27)/240*($H36/N36)) -> 0.00625 | N36: 1 | O36: =K36*L36*M36*N36 -> 0.19475 | P36: =VLOOKUP($F36,'Master Harga'!$E$5:$L$348,6,FALSE) -> 41983.2 | Q36: =P36*$O36 -> 8176.2282 | R36: =VLOOKUP($F36,'Master Harga'!$E$5:$L$348,6,FALSE) -> 41983.2 | S36: =R36*$O36 -> 8176.2282 | T36: =VLOOKUP($F36,'Master Harga'!$E$5:$L$348,7,FALSE) -> 47021.184 | U36: =T36*$O36 -> 9157.3756 | V36: =W36/O36 -> 43662.528 | W36: =AVERAGEIF($P$4:$U$4,W$4,$P36:$U36) -> 8503.2773 | AA36: =Q36/$E$2 -> 262.395
F37: Sarung Tangan Karet | G37: Buah | H37: 2 | I37: X | J37: Ha | K37: 1 | L37: =L36 -> 31.16 | M37: =((M$27*N$27)/240*($H37/N37)) -> 0.0125 | N37: 1 | O37: =K37*L37*M37*N37 -> 0.3895 | P37: =VLOOKUP($F37,'Master Harga'!$E$5:$L$348,6,FALSE) -> 35985.6 | Q37: =P37*$O37 -> 14016.391 | R37: =VLOOKUP($F37,'Master Harga'!$E$5:$L$348,6,FALSE) -> 35985.6 | S37: =R37*$O37 -> 14016.391 | T37: =VLOOKUP($F37,'Master Harga'!$E$5:$L$348,7,FALSE) -> 40303.872 | U37: =T37*$O37 -> 15698.358 | V37: =W37/O37 -> 37425.024 | W37: =AVERAGEIF($P$4:$U$4,W$4,$P37:$U37) -> 14577.047 | AA37: =Q37/$E$2 -> 449.82
F38: Sepatu Boots | G38: Buah | H38: 1 | I38: X | J38: Ha | K38: 1 | L38: =L37 -> 31.16 | M38: =((M$27*N$27)/240*($H38/N38)) -> 0.00625 | N38: 1 | O38: =K38*L38*M38*N38 -> 0.19475 | P38: =VLOOKUP($F38,'Master Harga'!$E$5:$L$348,6,FALSE) -> 95961.6 | Q38: =P38*$O38 -> 18688.522 | R38: =VLOOKUP($F38,'Master Harga'!$E$5:$L$348,6,FALSE) -> 95961.6 | S38: =R38*$O38 -> 18688.522 | T38: =VLOOKUP($F38,'Master Harga'!$E$5:$L$348,7,FALSE) -> 107476.99 | U38: =T38*$O38 -> 20931.144 | V38: =W38/O38 -> 99800.064 | W38: =AVERAGEIF($P$4:$U$4,W$4,$P38:$U38) -> 19436.062 | AA38: =Q38/$E$2 -> 599.76
E39: Transportasi Air | F39: TUS 1 | G39: RIT | J39: Ha | K39: 1 | L39: =L38 -> 31.16 | M39: 0.27 | N39: 1 | O39: =K39*L39*M39*N39 -> 8.4132 | P39: =200000 -> 200000 | Q39: =P39*$O39 -> 1682640 | R39: =VLOOKUP($F39,'Master Harga'!$E$5:$L$348,6,FALSE) -> 75235.44 | S39: =R39*$O39 -> 632970.8 | T39: =VLOOKUP($F39,'Master Harga'!$E$5:$L$348,7,FALSE) -> 85768.402 | U39: =T39*$O39 -> 721586.72 | V39: =W39/O39 -> 120334.61 | W39: =AVERAGEIF($P$4:$U$4,W$4,$P39:$U39) -> 1012399.2 | AA39: =Q39/$E$2 -> 54000
D40: SUB JUMLAH IMAS TUMBANG PERUN | Q40: =SUM(Q8:Q39) -> 4.7380506e+08 | AA40: =Q40/$E$2 -> 15205554 | AB40: =Q40/$Q$209*100 -> 25.905297
B41: PEMBUATAN SARANA PRASARANA
C42: PEMBUATAN JALAN
D43: Pembuatan Jalan Produksi | F43: Upah PHL | G43: HK | J43: Ha | K43: 0.25 | L43: =E2 -> 31.16 | M43: 1 | N43: 1 | O43: =K43*L43*M43*N43 -> 7.79 | P43: =VLOOKUP($F43,'Master Harga'!$E$5:$L$348,6,FALSE) -> 151208.64 | Q43: =P43*$O43 -> 1177915.3 | R43: =VLOOKUP($F43,'Master Harga'!$E$5:$L$348,6,FALSE) -> 151208.64 | S43: =R43*$O43 -> 1177915.3 | T43: =VLOOKUP($F43,'Master Harga'!$E$5:$L$348,7,FALSE) -> 163305.33 | U43: =T43*$O43 -> 1272148.5 | V43: =W43/O43 -> 155240.87 | W43: =AVERAGEIF($P$4:$U$4,W$4,$P43:$U43) -> 1209326.4 | AA43: =Q43/$E$2 -> 37802.16
F44: Greader 1 | G44: HM | J44: HM | K44: 1 | L44: =E2*33.33 -> 1038.5628 | M44: 0.009 | N44: 1 | O44: =K44*L44*M44*N44 -> 9.3470652 | P44: =VLOOKUP($F44,'Master Harga'!$E$5:$L$348,6,FALSE) -> 715047.83 | Q44: =P44*$O44 -> 6683598.7 | R44: =VLOOKUP($F44,'Master Harga'!$E$5:$L$348,6,FALSE) -> 715047.83 | S44: =R44*$O44 -> 6683598.7 | T44: =VLOOKUP($F44,'Master Harga'!$E$5:$L$348,7,FALSE) -> 751428.67 | U44: =T44*$O44 -> 7023652.7 | V44: =W44/O44 -> 727174.77 | W44: =AVERAGEIF($P$4:$U$4,W$4,$P44:$U44) -> 6796950 | AA44: =Q44/$E$2 -> 214492.9
D45: Pembuatan Jalan Produksi | F45: Upah PHL | G45: HK | J45: Ha | K45: 0.25 | L45: =E2 -> 31.16 | M45: 1 | N45: 1 | O45: =K45*L45*M45*N45 -> 7.79 | P45: =VLOOKUP($F45,'Master Harga'!$E$5:$L$348,6,FALSE) -> 151208.64 | Q45: =P45*$O45 -> 1177915.3 | R45: =VLOOKUP($F45,'Master Harga'!$E$5:$L$348,6,FALSE) -> 151208.64 | S45: =R45*$O45 -> 1177915.3 | T45: =VLOOKUP($F45,'Master Harga'!$E$5:$L$348,7,FALSE) -> 163305.33 | U45: =T45*$O45 -> 1272148.5 | V45: =W45/O45 -> 155240.87 | W45: =AVERAGEIF($P$4:$U$4,W$4,$P45:$U45) -> 1209326.4 | AA45: =Q45/$E$2 -> 37802.16
F46: Farm Traktor 1 | G46: HM | J46: HM | K46: 1 | L46: =E2 -> 31.16 | M46: 1 | N46: 1 | O46: =K46*L46*M46*N46 -> 31.16 | P46: =VLOOKUP($F46,'Master Harga'!$E$5:$L$348,6,FALSE) -> 369600 | Q46: =P46*$O46 -> 11516736 | R46: =VLOOKUP($F46,'Master Harga'!$E$5:$L$348,6,FALSE) -> 369600 | S46: =R46*$O46 -> 11516736 | T46: =VLOOKUP($F46,'Master Harga'!$E$5:$L$348,7,FALSE) -> 413952 | U46: =T46*$O46 -> 12898744 | V46: =W46/O46 -> 384384 | W46: =AVERAGEIF($P$4:$U$4,W$4,$P46:$U46) -> 11977405 | AA46: =Q46/$E$2 -> 369600
B47: SUB JUMLAH PEMBUATAN JALAN | Q47: =SUM(Q43:Q46) -> 20556165 | AA47: =Q47/$E$2 -> 659697.22 | AB47: =Q47/$Q$209*100 -> 1.1239086
C48: PEMBUATAN JEMBATAN
D49: Jembatan Permanen s/d 3 Mtr | F49: Upah PHL | G49: HK
F50: Bahan Jembatan Permanen 1 | G50: Unit
F51: TLB 1 | G51: HM
D52: Jembatan Permanen 4-6 Mtr | F52: Upah PHL | G52: HK
F53: Bahan Jembatan Permanen 2 | G53: Unit
F54: TLB 1 | G54: HM
D55: Jembatan Permanen 6-9 mtr | F55: Upah PHL | G55: HK
F56: Bahan Jembatan Permanen 3 | G56: Unit
F57: TLB 1 | G57: HM
D58: Pembuatan Jembatan Semi Permanen > 2 Mtr | F58: Upah PHL | G58: HK
F59: Bahan Jembatan Semi Permanen 1 | G59: Unit | M59: 1
F60: Excavator 1 | G60: HM | M60: 4
F61: Upah PHL | G61: HK | M61: 4 | N61: 1 | O61: =K61*L61*M61*N61 -> 0 | P61: 0 | Q61: =O61*P61 -> 0 | X61: Untuk mengeluarkan debit air yang ada di dalam blok dan menyebrang CR F17/18 | AA61: =Q61/$E$2 -> 0
D62: Jembatan Permanen | F62: TLB 1 | M62: 0.25 | N62: 1 | O62: =K62*L62*M62*N62 -> 0 | P62: 0 | Q62: =O62*P62 -> 0 | AA62: =Q62/$E$2 -> 0
F63: HDPE Culvert 1.0 X6 Triplewall | M63: 1 | N63: 1 | O63: =K63*L63*M63*N63 -> 0 | P63: 0 | Q63: =O63*P63 -> 0 | AA63: =Q63/$E$2 -> 0
D64: Gorong-Gorong 40 CM | F64: Upah PHL | G64: HK | M64: 1 | N64: 1
F65: Gorong-Gorong 40 CM | G65: Unit | M65: 7 | N65: 1
F66: TLB 1 | G66: HM | M66: 3 | N66: 1
D67: Gorong-Gorong 60 CM | F67: Upah PHL | G67: HK | M67: 1 | N67: 1
F68: Gorong-Gorong 60 CM | G68: Unit | M68: 7 | N68: 1
F69: TLB 1 | G69: HM | M69: 3 | N69: 1
D70: Gorong-Gorong 80 CM | F70: Upah PHL | G70: HK | J70: HK | K70: 1 | L70: 1 | M70: 1 | N70: 1 | O70: =K70*L70*M70*N70 -> 1 | P70: =VLOOKUP($F70,'Master Harga'!$E$5:$L$348,6,FALSE) -> 151208.64 | Q70: =O70*P70 -> 151208.64 | AA70: =Q70/$E$2 -> 4852.6521
D71: (Areal Ring) | F71: Gorong-Gorong 80 CM | G71: Unit | J71: Unit | K71: 1 | L71: 1 | M71: 6 | N71: 1 | O71: =K71*L71*M71*N71 -> 6 | P71: =VLOOKUP($F71,'Master Harga'!$E$5:$L$348,6,FALSE) -> 741000 | Q71: =O71*P71 -> 4446000 | AA71: =Q71/$E$2 -> 142682.93
F72: TLB 1 | G72: HM | J72: HM | K72: 1 | L72: 1 | M72: 3 | N72: 1 | O72: =K72*L72*M72*N72 -> 3 | P72: =VLOOKUP($F72,'Master Harga'!$E$5:$L$348,6,FALSE) -> 680210.07 | Q72: =O72*P72 -> 2040630.2 | AA72: =Q72/$E$2 -> 65488.774
D73: SUB JUMLAH PEMBUATAN JEMBATAN | Q73: =SUM(Q49:Q72) -> 6637838.8 | AA73: =Q73/$E$2 -> 213024.35 | AB73: =Q73/$Q$209*100 -> 0.36292391
C74: PEMBUATAN PARIT
D75: Pembuatan Parit Primer (4x4) | F75: Upah PHL | G75: HK | N75: 1
D76: (Parit ex Tambang) | F76: Excavator 1 | G76: HM | J76: HM | K76: 1 | L76: =L44 -> 1038.5628 | M76: =1/10 -> 0.1 | N76: 1 | O76: =K76*L76*M76*N76 -> 103.85628 | P76: =VLOOKUP($F76,'Master Harga'!$E$5:$L$348,6,FALSE) -> 720338.07 | Q76: =O76*P76 -> 74811633 | AA76: =Q76/$E$2 -> 2400886.8
D77: Pembuatan Parit Sekunder (2x2) | F77: Upah PHL | G77: HK | N77: 1
D78: 65 meter/HM | F78: Excavator 1 | G78: HM | M78: =1/30 -> 0.033333333 | N78: 1 | O78: =K78*L78*M78*N78 -> 0 | P78: 0 | Q78: =P78*$O78 -> 0
D79: Pembuatan Parit Tersier (1x1) | F79: Upah PHL | G79: HK | M79: 1 | N79: 1 | O79: =K79*L79*M79*N79 -> 0 | P79: 0 | Q79: =P79*$O79 -> 0 | X79: Areal rendahan eks tambang yang perlu dibuat field drain 6 :1 | AA79: =Q79/$E$2 -> 0
F80: Excavator 1 | G80: HM | J80: Mtr | K80: 1 | L80: =L76 -> 1038.5628 | M80: =1/60 -> 0.016666667 | N80: 1 | O80: =K80*L80*M80*N80 -> 17.30938 | P80: =VLOOKUP($F80,'Master Harga'!$E$5:$L$348,6,FALSE) -> 720338.07 | Q80: =P80*$O80 -> 12468605 | R80: =VLOOKUP($F80,'Master Harga'!$E$5:$L$348,6,FALSE) -> 720338.07 | S80: =R80*$O80 -> 12468605 | T80: =VLOOKUP($F80,'Master Harga'!$E$5:$L$348,7,FALSE) -> 761671.7 | U80: =T80*$O80 -> 13184065 | V80: =W80/O80 -> 734115.95 | W80: =AVERAGEIF($P$4:$U$4,W$4,$P80:$U80) -> 12707092 | AA80: =Q80/$E$2 -> 400147.8
B81: SUB JUMLAH PEMBUATAN PARIT | Q81: =SUM(Q75:Q80) -> 87280238 | AA81: =Q81/$E$2 -> 2801034.6 | AB81: =Q81/$Q$209*100 -> 4.772048
C82: CUCI PARIT
D83: Cuci Parit Primer (4X4) | F83: Upah PHL | G83: HK | N83: 1
F84: Excavator 1 | G84: HM | J84: Mtr | K84: 1 | M84: =1/10 -> 0.1 | N84: 1 | O84: =K84*L84*M84*N84 -> 0 | P84: 0 | Q84: =P84*$O84 -> 0 | R84: =VLOOKUP($F84,'Master Harga'!$E$5:$L$348,6,FALSE) -> 720338.07 | S84: =R84*$O84 -> 0 | T84: =VLOOKUP($F84,'Master Harga'!$E$5:$L$348,7,FALSE) -> 761671.7 | U84: =T84*$O84 -> 0 | V84: =W84/O84 -> #DIV/0! | W84: =AVERAGEIF($P$4:$U$4,W$4,$P84:$U84) -> 0
D85: Cuci Parit Sekunder (2X2) Parit Alam | F85: Upah PHL | G85: HK | K85: 0 | M85: 1 | N85: 1 | O85: =K85*L85*M85*N85 -> 0 | P85: 0 | Q85: =P85*$O85 -> 0 | AA85: =Q85/46.1 -> 0
F86: Excavator 1 | G86: HM | J86: Mtr | K86: 0 | M86: =1/33 -> 0.03030303 | N86: 1 | O86: =K86*L86*M86*N86 -> 0 | P86: 0 | Q86: =P86*$O86 -> 0 | R86: =VLOOKUP($F86,'Master Harga'!$E$5:$L$348,6,FALSE) -> 720338.07 | S86: =R86*$O86 -> 0 | T86: =VLOOKUP($F86,'Master Harga'!$E$5:$L$348,7,FALSE) -> 761671.7 | U86: =T86*$O86 -> 0 | V86: =W86/O86 -> #DIV/0! | W86: =AVERAGEIF($P$4:$U$4,W$4,$P86:$U86) -> 0 | AA86: =Q86/46.1 -> 0
D87: Cuci Parit Tersier (1X1) | F87: Upah PHL | G87: HK | K87: 1 | M87: 1 | N87: 1 | O87: =K87*L87*M87*N87 -> 0 | P87: 0 | Q87: =P87*$O87 -> 0 | X87: Parit yang tersedia sudah dangkal karena erosi tanah dari lokasi eks tambang | AA87: =Q87/$E$2 -> 0
F88: Excavator 1 | G88: HM | J88: Mtr | K88: 1 | M88: =1/60 -> 0.016666667 | N88: 1 | O88: =K88*L88*M88*N88 -> 0 | P88: 0 | Q88: =P88*$O88 -> 0 | R88: =VLOOKUP($F88,'Master Harga'!$E$5:$L$348,6,FALSE) -> 720338.07 | S88: =R88*$O88 -> 0 | T88: =VLOOKUP($F88,'Master Harga'!$E$5:$L$348,7,FALSE) -> 761671.7 | U88: =T88*$O88 -> 0 | V88: =W88/O88 -> #DIV/0! | W88: =AVERAGEIF($P$4:$U$4,W$4,$P88:$U88) -> 0 | X88: 60 Meter/HM | AA88: =Q88/$E$2 -> 0
B89: SUB JUMLAH CUCI PARIT | Q89: =SUM(Q83:Q88) -> 0 | AA89: =Q89/E2 -> 0 | AB89: =Q89/$Q$209*100 -> 0
C90: PEMELIHARAAN PINTU AIR
F91: Upah PHL | G91: HK | J91: Unit | M91: 3 | N91: 1
F92: Material Pintu Air 1 | G92: Unit | N92: 1
F93: Excavator 1 | G93: HM | M93: 3 | N93: 1
B94: SUB JUMLAH PEMELIHARAAN PINTU AIR | Q94: =SUM(Q90:Q93) -> 0
C95: PENGAWETAN TANAH
D96: Tapak Kuda | F96: Upah PHL | G96: HK | K96: 0.1 | M96: =1/3 -> 0.33333333 | N96: 1 | O96: =K96*L96*M96*N96 -> 0 | P96: 0 | Q96: =O96*P96 -> 0 | AA96: =Q96/$E$2 -> 0
F97: Cangkul | G97: Buah | K97: 1 | M97: =1/3 -> 0.33333333 | N97: 1 | O97: =K97*L97*M97*N97 -> 0 | P97: 0 | Q97: =O97*P97 -> 0 | AA97: =Q97/$E$2 -> 0
D98: Rorak / Benteng | F98: Upah PHL | G98: HK | P98: 0
F99: Cangkul | G99: Buah | P99: 0
D100: Kontur / Teras | F100: Upah PHL | G100: HK | J100: Ha | K100: 1 | M100: 0.2 | N100: 1 | O100: =K100*L100*M100*N100 -> 0 | P100: 0 | Q100: =O100*P100 -> 0 | X100: Blok N13
...

Sheet Kebutuhan TK FFD
B2: Project | D2: : Tanam Pastura
B3: Area | D3: : PT Fass Forest Development
B5: RENCANA KEBUTUHAN HK | O5: Indigofera | P5: Pakchong
B6: No | C6: Uraian | G6: Harga Sat (Rp) | H6: Estimasi Biaya (Rp) | I6: Pastura | K6: Rp/Ha | N6: Material | O6: =#REF! -> #REF! | P6: =#REF! -> #REF!
D7: Indigofera | E7: Pakchong | F7: Total | I7: Indigofera | J7: Pakchong | N7: HK | O7: =I9+I10+I11+I12 -> 1.2119753e+09 | P7: =J9+J10+J11+J12 -> 7.3964644e+08
D8: HK | E8: HK | I8: (Rp) | J8: (Rp) | N8: Alat Berat | O8: =#REF! -> #REF! | P8: =#REF! -> #REF!
B9: 1 | C9: Pembukaan Lahan | D9: ='SI TB LC Indigofera (FFD)'!O8+'SI TB LC Indigofera (FFD)'!O11+'SI TB LC Indigofera (FFD)'!O14+'SI TB LC Indigofera (FFD)'!O17+'SI TB LC Indigofera (FFD)'!O21 -> 682.49 | E9: ='SI TB LC Pakchong (FFD)'!O8+'SI TB LC Pakchong (FFD)'!O11+'SI TB LC Pakchong (FFD)'!O14+'SI TB LC Pakchong (FFD)'!O17+'SI TB LC Pakchong (FFD)'!O21+'SI TB LC Pakchong (FFD)'!O27 -> 864.69 | F9: =D9+E9 -> 1547.18 | G9: ='Master Harga'!$J$8 -> 151208.64 | H9: =G9*F9 -> 2.3394698e+08 | I9: =D9*G9 -> 1.0319838e+08 | J9: =G9*E9 -> 1.307486e+08 | K9: =H9/'Areal Stmt'!$G$25 -> 3967893.2 | N9: Lainnya | O9: =O10-(O6+O7+O8) -> #REF! | P9: =#REF!-(P6+P7+P8) -> #REF!
B10: 2 | C10: Pembuatan Sarana & Prasarana | D10: ='SI TB LC Indigofera (FFD)'!O37+'SI TB LC Indigofera (FFD)'!O39+'SI TB LC Indigofera (FFD)'!O64+'SI TB LC Indigofera (FFD)'!O69+'SI TB LC Indigofera (FFD)'!O71+'SI TB LC Indigofera (FFD)'!O73 -> 14.9 | E10: ='SI TB LC Pakchong (FFD)'!O43+'SI TB LC Pakchong (FFD)'!O45+'SI TB LC Pakchong (FFD)'!O70 -> 16.58 | F10: =D10+E10 -> 31.48 | G10: ='Master Harga'!$J$8 -> 151208.64 | H10: =G10*F10 -> 4760048 | I10: =D10*G10 -> 2253008.7 | J10: =G10*E10 -> 2507039.3 | K10: =H10/'Areal Stmt'!$G$25 -> 80733.514 | O10: =#REF! -> #REF! | P10: =#REF! -> #REF!
B11: 3 | C11: Tanam & Pemeliharaan Awal | D11: ='SI TB LC Indigofera (FFD)'!O119+'SI TB LC Indigofera (FFD)'!O121+'SI TB LC Indigofera (FFD)'!O128+'SI TB LC Indigofera (FFD)'!O130+'SI TB LC Indigofera (FFD)'!O131+'SI TB LC Indigofera (FFD)'!O132+'SI TB LC Indigofera (FFD)'!O134+'SI TB LC Indigofera (FFD)'!O158+'SI TB LC Indigofera (FFD)'!O160+'SI TB LC Indigofera (FFD)'!O161+'SI TB LC Indigofera (FFD)'!O164+'SI TB LC Indigofera (FFD)'!O185+'SI TB LC Indigofera (FFD)'!O187+'SI TB LC Indigofera (FFD)'!O191 -> 3981.862 | E11: ='SI TB LC Pakchong (FFD)'!O125+'SI TB LC Pakchong (FFD)'!O127+'SI TB LC Pakchong (FFD)'!O129+'SI TB LC Pakchong (FFD)'!O153+'SI TB LC Pakchong (FFD)'!O155+'SI TB LC Pakchong (FFD)'!O156+'SI TB LC Pakchong (FFD)'!O159+'SI TB LC Pakchong (FFD)'!O180+'SI TB LC Pakchong (FFD)'!O182+'SI TB LC Pakchong (FFD)'!O186 -> 2950.852 | F11: =D11+E11 -> 6932.714 | G11: ='Master Harga'!$J$8 -> 151208.64 | H11: =G11*F11 -> 1.0482862e+09 | I11: =D11*G11 -> 6.0209193e+08 | J11: =G11*E11 -> 4.4619432e+08 | K11: =H11/'Areal Stmt'!$G$25 -> 17779618
B12: 4 | C12: Panen | D12: ='SI TB LC Indigofera (FFD)'!O209 -> 3336 | E12: ='SI TB LC Pakchong (FFD)'!O204 -> 1059.44 | F12: =D12+E12 -> 4395.44 | G12: ='Master Harga'!$J$8 -> 151208.64 | H12: =G12*F12 -> 6.646285e+08 | I12: =D12*G12 -> 5.0443202e+08 | J12: =G12*E12 -> 1.6019648e+08 | K12: =H12/'Areal Stmt'!$G$25 -> 11272532
B13: 5 | C13: Angkutan, Borongan dan Lainnya | H13: =I13+J13 -> 6.6958377e+08 | I13: ='RKP FFD'!E21-('Kebutuhan TK FFD'!I9+'Kebutuhan TK FFD'!I10+'Kebutuhan TK FFD'!I11+'Kebutuhan TK FFD'!I12+'Kebutuhan Material FFD'!J40+'KeB.HM Alat Berat (FFD)'!K13) -> 4.4593481e+08 | J13: ='RKP FFD'!E22-('Kebutuhan TK FFD'!J9+'Kebutuhan TK FFD'!J10+'Kebutuhan TK FFD'!J11+'Kebutuhan TK FFD'!J12+'Kebutuhan Material FFD'!K40+'KeB.HM Alat Berat (FFD)'!L13) -> 2.2364896e+08 | K13: =H13/'Areal Stmt'!$G$25 -> 11356577
B14: Total | D14: =SUM(D9:D12) -> 8015.252 | E14: =SUM(E9:E12) -> 4891.562 | F14: =SUM(F9:F12) -> 12906.814 | H14: =SUM(H9:H13) -> 2.6212056e+09 | I14: =SUM(I9:I13) -> 1.6579102e+09 | J14: =SUM(J9:J13) -> 9.632954e+08 | K14: =H14/'Areal Stmt'!$G$25 -> 44457353

Sheet Kebutuhan Material FFD
B2: Project | D2: : | E2: Tanam Pastura
B3: Area | D3: : | E3: PT Fass Forest Development
B4: Luas (ha) | D4: : | E4: ='Areal Stmt'!G32+'Areal Stmt'!G35 -> 58.96 | F4: Ha
B5: RENCANA KEBUTUHAN MATERIAL
B6: No | C6: Uraian | D6: Sat | E6: Peruntukan | H6: Harga Sat (Rp) | I6: Estimasi Biaya (Rp) | J6: Pastura | L6: Rp/Ha
E7: Indigofera | F7: Pakchong | G7: Total | J7: Indigofera | K7: Pakchong
B8: 1 | C8: Benih / Bibit
C9: - Benih Indigofera | D9: Kg | E9: ='SI TB LC Indigofera (FFD)'!O120 -> 3.1784667 | G9: =SUM(E9:F9) -> 3.1784667 | H9: ='Master Harga'!J185 -> 28500 | I9: =H9*G9 -> 90586.3 | J9: =E9*H9 -> 90586.3 | K9: =F9*H9 -> 0 | L9: =I9/75.9 -> 1193.4954
C10: - Bibit Pakchong | D10: Pkk | F10: ='SI TB LC Pakchong (FFD)'!O126 -> 560880 | G10: =SUM(E10:F10) -> 560880 | H10: ='Master Harga'!J186 -> 456 | I10: =H10*G10 -> 2.5576128e+08 | J10: =E10*H10 -> 0 | K10: =F10*H10 -> 2.5576128e+08 | L10: =I10/75.9 -> 3369713.8
B11: 2 | C11: Pupuk Organik
C12: - Abu Boiler | D12: Ton | E12: ='SI TB LC Indigofera (FFD)'!O15 -> 139 | F12: ='SI TB LC Pakchong (FFD)'!O15 -> 155.8 | G12: =SUM(E12:F12) -> 294.8 | H12: ='SI TB LC Indigofera (FFD)'!P15 -> 71700 | I12: =H12*G12 -> 21137160 | J12: =E12*H12 -> 9966300 | K12: =F12*H12 -> 11170860 | L12: =I12/75.9 -> 278486.96
C13: - Janjang Kosong | D13: Ton | E13: ='SI TB LC Indigofera (FFD)'!O165 -> 278 | F13: ='SI TB LC Pakchong (FFD)'!O160 -> 311.6 | G13: =SUM(E13:F13) -> 589.6 | H13: ='SI TB LC Indigofera (FFD)'!P165 -> 71700 | I13: =H13*G13 -> 42274320 | J13: =E13*H13 -> 19932600 | K13: =F13*H13 -> 22341720 | L13: =I13/75.9 -> 556973.91
C14: - Pupuk Kandang | D14: Ton | E14: ='SI TB LC Indigofera (FFD)'!O18 -> 139 | F14: ='SI TB LC Pakchong (FFD)'!O18 -> 155.8 | G14: =SUM(E14:F14) -> 294.8 | H14: ='Master Harga'!J148 -> 980000 | I14: =H14*G14 -> 2.88904e+08 | J14: =E14*H14 -> 1.3622e+08 | K14: =F14*H14 -> 1.52684e+08 | L14: =I14/75.9 -> 3806376.8
B15: 3 | C15: Pupuk Anorganik
C16: - NPK 15-15-6-4+TE | D16: Kg | E16: ='SI TB LC Indigofera (FFD)'!O199 -> 6950 | F16: ='SI TB LC Pakchong (FFD)'!O194 -> 13243 | G16: =SUM(E16:F16) -> 20193 | H16: ='Master Harga'!J139 -> 8338.316 | I16: =H16*G16 -> 1.6837561e+08 | J16: =E16*H16 -> 57951296 | K16: =F16*H16 -> 1.1042432e+08 | L16: =I16/75.9 -> 2218387.5
C17: - Rock Phosphate | D17: Kg | E17: ='SI TB LC Indigofera (FFD)'!O123 -> 1362.2 | F17: ='SI TB LC Pakchong (FFD)'!O158 -> 6232 | G17: =SUM(E17:F17) -> 7594.2 | H17: ='Master Harga'!J131 -> 3220 | I17: =H17*G17 -> 24453324 | J17: =E17*H17 -> 4386284 | K17: =F17*H17 -> 20067040 | L17: =I17/75.9 -> 322178.18
B18: 4 | C18: Pestisida
C19: - Glyphosate | D19: Ltr | E19: ='SI TB LC Indigofera (FFD)'!O23 -> 5.8797 | F19: ='SI TB LC Pakchong (FFD)'!O29 -> 6.59034 | G19: =SUM(E19:F19) -> 12.47004 | H19: ='Master Harga'!J103 -> 35343 | I19: =H19*G19 -> 440728.62 | J19: =E19*H19 -> 207806.24 | K19: =F19*H19 -> 232922.39 | L19: =I19/75.9 -> 5806.7012
C20: - Metil Metsulfuron | D20: Kg | E20: ='SI TB LC Indigofera (FFD)'!O24 -> 0.740592 | F20: ='SI TB LC Pakchong (FFD)'!O30 -> 0.8301024 | G20: =SUM(E20:F20) -> 1.5706944 | H20: ='Master Harga'!J104 -> 96390 | I20: =H20*G20 -> 151399.23 | J20: =E20*H20 -> 71385.663 | K20: =F20*H20 -> 80013.57 | L20: =I20/75.9 -> 1994.7198
C21: - Parakuat | D21: Ltr | E21: ='SI TB LC Indigofera (FFD)'!O25 -> 12.51 | F21: ='SI TB LC Pakchong (FFD)'!O31 -> 14.022 | G21: =SUM(E21:F21) -> 26.532 | H21: ='Master Harga'!J106 -> 28381.5 | I21: =H21*G21 -> 753017.96 | J21: =E21*H21 -> 355052.57 | K21: =F21*H21 -> 397965.39 | L21: =I21/75.9 -> 9921.1852
C22: - Perekat | D22: Ltr | E22: ='SI TB LC Indigofera (FFD)'!O26 -> 5.55444 | F22: ='SI TB LC Pakchong (FFD)'!O32 -> 6.225768 | G22: =SUM(E22:F22) -> 11.780208 | H22: ='Master Harga'!J105 -> 44982 | I22: =H22*G22 -> 529897.32 | J22: =E22*H22 -> 249849.82 | K22: =F22*H22 -> 280047.5 | L22: =I22/75.9 -> 6981.5193
B23: 4 | C23: Perlengkapan
C24: - Anak Pancang | D24: Bh | E24: ='SI TB LC Indigofera (FFD)'!O159 -> 222400 | F24: ='SI TB LC Pakchong (FFD)'!O154 -> 84132 | G24: =SUM(E24:F24) -> 306532 | H24: ='SI TB LC Pakchong (FFD)'!P154 -> 50 | I24: =H24*G24 -> 15326600 | J24: =E24*H24 -> 11120000 | K24: =F24*H24 -> 4206600 | L24: =I24/75.9 -> 201931.49
C25: - Baby Bag | D25: Kg | E25: ='SI TB LC Indigofera (FFD)'!O124 -> 272.44 | G25: =SUM(E25:F25) -> 272.44 | H25: ='Master Harga'!J47 -> 26345.76 | I25: =H25*G25 -> 7177638.9 | J25: =E25*H25 -> 7177638.9 | K25: =F25*H25 -> 0 | L25: =I25/75.9 -> 94567.047
C26: - Cangkul | D26: Bh | E26: ='SI TB LC Indigofera (FFD)'!O186+'SI TB LC Indigofera (FFD)'!O188 -> 12.788 | F26: ='SI TB LC Pakchong (FFD)'!O181+'SI TB LC Pakchong (FFD)'!O183 -> 14.3336 | G26: =SUM(E26:F26) -> 27.1216 | H26: ='Master Harga'!J50 -> 84894.6 | I26: =H26*G26 -> 2302477.4 | J26: =E26*H26 -> 1085632.1 | K26: =F26*H26 -> 1216845.2 | L26: =I26/75.9 -> 30335.67
C27: - Celemek | D27: Bh | E27: ='SI TB LC Indigofera (FFD)'!O28 -> 0.695 | F27: ='SI TB LC Pakchong (FFD)'!O34 -> 0.779 | G27: =SUM(E27:F27) -> 1.474 | H27: ='Master Harga'!J52 -> 47980.8 | I27: =H27*G27 -> 70723.699 | J27: =E27*H27 -> 33346.656 | K27: =F27*H27 -> 37377.043 | L27: =I27/75.9 -> 931.80104
C28: - Gorong-Gorong 80 CM | D28: Bh | E28: ='SI TB LC Indigofera (FFD)'!O65 -> 6 | F28: ='SI TB LC Pakchong (FFD)'!O71 -> 6 | G28: =SUM(E28:F28) -> 12 | H28: ='Master Harga'!J177 -> 741000 | I28: =H28*G28 -> 8892000 | J28: =E28*H28 -> 4446000 | K28: =F28*H28 -> 4446000 | L28: =I28/75.9 -> 117154.15
C29: - Kaca mata | D29: Bh | E29: ='SI TB LC Indigofera (FFD)'!O30 -> 0.17375 | F29: ='SI TB LC Pakchong (FFD)'!O36 -> 0.19475 | G29: =SUM(E29:F29) -> 0.3685 | H29: ='Master Harga'!J65 -> 41983.2 | I29: =H29*G29 -> 15470.809 | J29: =E29*H29 -> 7294.581 | K29: =F29*H29 -> 8176.2282 | L29: =I29/75.9 -> 203.83148
C30: - Kawat Duri | D30: Rol | F30: ='SI TB LC Pakchong (FFD)'!O24 -> 0 | G30: =SUM(E30:F30) -> 0 | H30: ='Master Harga'!J95 -> 178071.6 | I30: =H30*G30 -> 0 | J30: =E30*H30 -> 0 | K30: =F30*H30 -> 0 | L30: =I30/75.9 -> 0
C31: - Masker Chemical | D31: Bh | E31: ='SI TB LC Indigofera (FFD)'!O29 -> 2.085 | F31: ='SI TB LC Pakchong (FFD)'!O35 -> 2.337 | G31: =SUM(E31:F31) -> 4.422 | H31: ='Master Harga'!J70 -> 15680 | I31: =H31*G31 -> 69336.96 | J31: =E31*H31 -> 32692.8 | K31: =F31*H31 -> 36644.16 | L31: =I31/75.9 -> 913.53043
C32: - Paku 1" | D32: Kg | F32: ='SI TB LC Pakchong (FFD)'!O25 -> 0 | G32: =SUM(E32:F32) -> 0 | H32: ='Master Harga'!J96 -> 20263.32 | I32: =H32*G32 -> 0 | J32: =E32*H32 -> 0 | K32: =F32*H32 -> 0 | L32: =I32/75.9 -> 0
C33: - Paku 2.5" | D33: Kg | F33: ='SI TB LC Pakchong (FFD)'!O26 -> 0 | G33: =SUM(E33:F33) -> 0 | H33: ='Master Harga'!J97 -> 18421.2 | I33: =H33*G33 -> 0 | J33: =E33*H33 -> 0 | K33: =F33*H33 -> 0 | L33: =I33/75.9 -> 0
C34: - Papan | D34: Bh | E34: ='SI TB LC Indigofera (FFD)'!O129 -> 5.2730323 | G34: =SUM(E34:F34) -> 5.2730323 | H34: ='Master Harga'!J76 -> 2268000 | I34: =H34*G34 -> 11959237 | J34: =E34*H34 -> 11959237 | K34: =F34*H34 -> 0 | L34: =I34/75.9 -> 157565.71
C35: - Patok Kayu | D35: Bh | F35: ='SI TB LC Pakchong (FFD)'!O23 -> 0 | G35: =SUM(E35:F35) -> 0 | H35: ='SI TB LC Pakchong (FFD)'!P23 -> 22400 | I35: =H35*G35 -> 0 | J35: =E35*H35 -> 0 | K35: =F35*H35 -> 0 | L35: =I35/75.9 -> 0
C36: - Plastik Hitam | D36: Mtr | F36: ='SI TB LC Pakchong (FFD)'!O22 -> 60.762 | G36: =SUM(E36:F36) -> 60.762 | H36: ='Master Harga'!J93 -> 3360 | I36: =H36*G36 -> 204160.32 | J36: =E36*H36 -> 0 | K36: =F36*H36 -> 204160.32 | L36: =I36/75.9 -> 2689.8593
C37: - Sarung Tangan Karet | D37: Bh | E37: ='SI TB LC Indigofera (FFD)'!O31 -> 0.3475 | F37: ='SI TB LC Pakchong (FFD)'!O37 -> 0.3895 | G37: =SUM(E37:F37) -> 0.737 | H37: ='Master Harga'!J83 -> 35985.6 | I37: =H37*G37 -> 26521.387 | J37: =E37*H37 -> 12504.996 | K37: =F37*H37 -> 14016.391 | L37: =I37/75.9 -> 349.42539
C38: - Sepatu Boots | D38: Bh | E38: ='SI TB LC Indigofera (FFD)'!O32 -> 0.17375 | F38: ='SI TB LC Pakchong (FFD)'!O38 -> 0.19475 | G38: =SUM(E38:F38) -> 0.3685 | H38: ='Master Harga'!J84 -> 95961.6 | I38: =H38*G38 -> 35361.85 | J38: =E38*H38 -> 16673.328 | K38: =F38*H38 -> 18688.522 | L38: =I38/75.9 -> 465.90052
C39: - Top Soil | D39: Rit | E39: ='SI TB LC Indigofera (FFD)'!O126 -> 77.84 | G39: =SUM(E39:F39) -> 77.84 | H39: ='SI TB LC Indigofera (FFD)'!P126 -> 84360 | I39: =H39*G39 -> 6566582.4 | J39: =E39*H39 -> 6566582.4 | K39: =F39*H39 -> 0 | L39: =I39/75.9 -> 86516.237
B40: Total | I40: =SUM(I9:I39) -> 8.5551744e+08 | J40: =SUM(J9:J39) -> 2.7188876e+08 | K40: =SUM(K9:K39) -> 5.8362868e+08 | L40: =I40/E4 -> 14510133

Sheet KeB.HM Alat Berat (FFD)
B2: Project | E2: : Tanam Pastura
B3: Area | E3: : PT Fass Forest Development
B4: RENCANA KEBUTUHAN HM ALAT BERAT
B5: No | C5: Jenis Alat Berat | D5: HM Alat Berat | I5: Harga Sat (Rp) | J5: Estimasi Biaya (Rp) | K5: Pastura | M5: Rp/Ha
D6: Indigofera | F6: Pakchong | H6: Total | K6: Indigofera | L6: Pakchong
D7: Luas (Ha) | E7: HM | F7: Luas (Ha) | G7: HM | K7: (Rp) | L7: (Rp)
B8: 1 | C8: Buldozer | D8: ='Areal Stmt'!D33 -> 27.8 | E8: ='SI TB LC Indigofera (FFD)'!O12 -> 197.4912 | F8: ='Areal Stmt'!D36 -> 31.16 | G8: ='SI TB LC Pakchong (FFD)'!O12 -> 44.8704 | H8: =E8+G8 -> 242.3616 | I8: ='Master Harga'!J344 -> 1051433.7 | J8: =I8*H8 -> 2.5482715e+08 | K8: =E8*I8 -> 2.076489e+08 | L8: =I8*G8 -> 47178250 | M8: =J8/($D$8+$F$8) -> 4322034.4
B9: 2 | C9: Excavator PC 200 | E9: ='SI TB LC Indigofera (FFD)'!O13+'SI TB LC Indigofera (FFD)'!O70+'SI TB LC Indigofera (FFD)'!O74+'SI TB LC Indigofera (FFD)'!O112+'SI TB LC Indigofera (FFD)'!O113 -> 241.5403 | G9: ='SI TB LC Pakchong (FFD)'!O13+'SI TB LC Pakchong (FFD)'!O76+'SI TB LC Pakchong (FFD)'!O80+'SI TB LC Pakchong (FFD)'!O118+'SI TB LC Pakchong (FFD)'!O119 -> 146.09366 | H9: =E9+G9 -> 387.63396 | I9: ='Master Harga'!J312 -> 720338.07 | J9: =I9*H9 -> 2.792275e+08 | K9: =E9*I9 -> 1.7399067e+08 | L9: =I9*G9 -> 1.0523683e+08 | M9: =J9/($D$8+$F$8) -> 4735880.3
B10: 3 | C10: Greader | E10: ='SI TB LC Indigofera (FFD)'!O38 -> 8.339166 | G10: ='SI TB LC Pakchong (FFD)'!O44 -> 9.3470652 | H10: =E10+G10 -> 17.686231 | I10: ='Master Harga'!J331 -> 715047.83 | J10: =I10*H10 -> 12646501 | K10: =E10*I10 -> 5962902.5 | L10: =I10*G10 -> 6683598.7 | M10: =J10/($D$8+$F$8) -> 214492.9
B11: 4 | C11: TLB | E11: ='SI TB LC Indigofera (FFD)'!O66 -> 3 | G11: ='SI TB LC Pakchong (FFD)'!O72 -> 3 | H11: =E11+G11 -> 6 | I11: ='Master Harga'!J338 -> 680210.07 | J11: =I11*H11 -> 4081260.4 | K11: =E11*I11 -> 2040630.2 | L11: =I11*G11 -> 2040630.2 | M11: =J11/($D$8+$F$8) -> 69220.834
B12: 5 | C12: Farm Traktor | E12: ='SI TB LC Indigofera (FFD)'!O16+'SI TB LC Indigofera (FFD)'!O19+'SI TB LC Indigofera (FFD)'!O20+'SI TB LC Indigofera (FFD)'!O40+'SI TB LC Indigofera (FFD)'!O202 -> 319.7 | G12: ='SI TB LC Pakchong (FFD)'!O16+'SI TB LC Pakchong (FFD)'!O19+'SI TB LC Pakchong (FFD)'!O20+'SI TB LC Pakchong (FFD)'!O46 -> 327.18 | H12: =E12+G12 -> 646.88 | I12: ='Master Harga'!J294 -> 369600 | J12: =I12*H12 -> 2.3908685e+08 | K12: =E12*I12 -> 1.1816112e+08 | L12: =I12*G12 -> 120925728 | M12: =J12/($D$8+$F$8) -> 4055068.7
B13: Total | E13: =SUM(E8:E12) -> 770.07067 | G13: =SUM(G8:G12) -> 530.49113 | H13: =SUM(H8:H12) -> 1300.5618 | J13: =SUM(J8:J12) -> 7.8986926e+08 | K13: =SUM(K8:K12) -> 5.0780423e+08 | L13: =SUM(L8:L12) -> 2.8206503e+08 | M13: =J13/($D$8+$F$8) -> 13396697

Sheet Master Harga
A2: Master Harga
B3: Tenaga Kerja | E3: Nama | F3: Satuan | G3: Harga | R3: Id Budget | S3: AVERAGE 2023-2025 | T3: AVERAGE 2024-2026 | U3: AVERAGE 2025-2027 | V3: AVERAGE 2026-2028
G4: 2023 | H4: 2024 | I4: 2025 | J4: 2026 | K4: 2027 | L4: 2028 | M4: 2029 | N4: 2030 | O4: 2031 | P4: 2032 | Q4: 2033
J5: Forecast BC
A6: Forecast Kenaikkan Upah | I6: Aktual | J6: 1.08 | K6: =J6 -> 1.08 | L6: =K6 -> 1.08 | M6: =L6 -> 1.08 | N6: =M6 -> 1.08 | O6: =N6 -> 1.08 | P6: =O6 -> 1.08 | Q6: =P6 -> 1.08
A7: 1 | B7: TK | C7: 001 | E7: SKU Panen | F7: HK | R7: =A7&"."&B7&"."&C7 -> 1.TK.001
A8: 1 | B8: TK | C8: 002 | E8: Upah PHL | F8: HK | I8: 140008 | J8: =I8*J6 -> 151208.64 | K8: =J8*K6 -> 163305.33 | L8: =K8*L6 -> 176369.76 | M8: =L8*M6 -> 190479.34 | N8: =M8*N6 -> 205717.69 | O8: =N8*O6 -> 222175.1 | P8: =O8*P6 -> 239949.11 | Q8: =P8*Q6 -> 259145.04 | R8: =A8&"."&B8&"."&C8 -> 1.TK.002 | S8: =AVERAGE(H8:J8) -> 145608.32 | T8: =AVERAGE(I8:K8) -> 151507.32 | U8: =AVERAGE(J8:L8) -> 163627.91 | V8: =AVERAGE(K8:M8) -> 176718.14
A9: 1 | B9: TK | C9: 003 | E9: Biaya Konsultan | F9: Rp/Ha | R9: =A9&"."&B9&"."&C9 -> 1.TK.003
A10: 1 | B10: TK | C10: 004 | E10: Muat TBS | F10: Kg | R10: =A10&"."&B10&"."&C10 -> 1.TK.004
A11: 1 | B11: TK | C11: 005 | E11: Upah BM Pupuk Intern | F11: Ton | I11: 19500 | J11: =I11*J6 -> 21060 | K11: =J11*K6 -> 22744.8 | L11: =K11*L6 -> 24564.384 | M11: =L11*M6 -> 26529.535 | N11: =M11*N6 -> 28651.897 | O11: =N11*O6 -> 30944.049 | P11: =O11*P6 -> 33419.573 | Q11: =P11*Q6 -> 36093.139 | R11: =A11&"."&B11&"."&C11 -> 1.TK.005 | S11: =AVERAGE(H11:J11) -> 20280 | T11: =AVERAGE(I11:K11) -> 21101.6 | U11: =AVERAGE(J11:L11) -> 22789.728 | V11: =AVERAGE(K11:M11) -> 24612.906
A12: 1 | B12: TK | C12: 006 | E12: Upah BM Pupuk Ekstern | F12: Ton | I12: 32000 | J12: =I12*J6 -> 34560 | K12: =J12*K6 -> 37324.8 | L12: =K12*L6 -> 40310.784 | M12: =L12*M6 -> 43535.647 | N12: =M12*N6 -> 47018.498 | O12: =N12*O6 -> 50779.978 | P12: =O12*P6 -> 54842.377 | Q12: =P12*Q6 -> 59229.767 | R12: =A12&"."&B12&"."&C12 -> 1.TK.006 | S12: =AVERAGE(H12:J12) -> 33280 | T12: =AVERAGE(I12:K12) -> 34628.267 | U12: =AVERAGE(J12:L12) -> 37398.528 | V12: =AVERAGE(K12:M12) -> 40390.41
A13: 1 | B13: TK | C13: 007 | E13: Borongan Pembuatan Parit | F13: HK | I13: 10000 | J13: =I13*J6 -> 10800 | K13: =J13*K6 -> 11664 | L13: =K13*L6 -> 12597.12 | M13: =L13*M6 -> 13604.89 | N13: =M13*N6 -> 14693.281 | O13: =N13*O6 -> 15868.743 | P13: =O13*P6 -> 17138.243 | Q13: =P13*Q6 -> 18509.302 | R13: =A13&"."&B13&"."&C13 -> 1.TK.007 | S13: =AVERAGE(H13:J13) -> 10400 | T13: =AVERAGE(I13:K13) -> 10821.333 | U13: =AVERAGE(J13:L13) -> 11687.04 | V13: =AVERAGE(K13:M13) -> 12622.003
A14: 1 | B14: TK | C14: 008 | E14: Borongan Pancang | F14: HK | I14: 350000 | J14: =I14*J6 -> 378000 | K14: =J14*K6 -> 408240 | L14: =K14*L6 -> 440899.2 | M14: =L14*M6 -> 476171.14 | N14: =M14*N6 -> 514264.83 | O14: =N14*O6 -> 555406.01 | P14: =O14*P6 -> 599838.49 | Q14: =P14*Q6 -> 647825.57 | R14: =A14&"."&B14&"."&C14 -> 1.TK.008 | S14: =AVERAGE(H14:J14) -> 364000 | T14: =AVERAGE(I14:K14) -> 378746.67 | U14: =AVERAGE(J14:L14) -> 409046.4 | V14: =AVERAGE(K14:M14) -> 441770.11
E15: Ecer Pupuk | I15: 19500 | J15: =I15*J6 -> 21060 | K15: =J15*K6 -> 22744.8 | L15: =K15*L6 -> 24564.384 | M15: =L15*M6 -> 26529.535 | N15: =M15*N6 -> 28651.897 | O15: =N15*O6 -> 30944.049 | P15: =O15*P6 -> 33419.573 | Q15: =P15*Q6 -> 36093.139 | T15: =AVERAGE(I15:K15) -> 21101.6 | U15: =AVERAGE(J15:L15) -> 22789.728 | V15: =AVERAGE(K15:M15) -> 24612.906
A16: 1 | B16: TK | C16: 009 | E16: Upah Supervisi Panen 3 | F16: HK | R16: =A16&"."&B16&"."&C16 -> 1.TK.009
A17: 1 | B17: TK | C17: 010 | E17: Upah Supervisi Panen 4 | F17: HK | R17: =A17&"."&B17&"."&C17 -> 1.TK.010
A18: 1 | B18: TK | C18: 011 | E18: Upah Supervisi Perawatan 1 | F18: HK | R18: =A18&"."&B18&"."&C18 -> 1.TK.011
A19: 1 | B19: TK | C19: 012 | E19: Upah Supervisi Perawatan 2 | F19: HK | R19: =A19&"."&B19&"."&C19 -> 1.TK.012
A20: 1 | B20: TK | C20: 013 | E20: Upah Supervisi Perawatan 3 | F20: HK | R20: =A20&"."&B20&"."&C20 -> 1.TK.013
A21: 1 | B21: TK | C21: 014 | E21: Upah Supervisi Perawatan 4 | F21: HK | R21: =A21&"."&B21&"."&C21 -> 1.TK.014
A22: 1 | B22: TK | C22: 015 | E22: Lain-lain Spv Perawatan 1 | F22: HK | R22: =A22&"."&B22&"."&C22 -> 1.TK.015
A23: 1 | B23: TK | C23: 016 | E23: Lain-lain Spv Perawatan 2 | F23: HK | R23: =A23&"."&B23&"."&C23 -> 1.TK.016
A24: 1 | B24: TK | C24: 017 | E24: Lain-lain Spv Perawatan 3 | F24: HK | R24: =A24&"."&B24&"."&C24 -> 1.TK.017
A25: 1 | B25: TK | C25: 018 | E25: Alokasi | F25: Unit | R25: =A25&"."&B25&"."&C25 -> 1.TK.018
A26: 1 | B26: TK | C26: 019 | E26: Pasang Siring HDPE Culvert 1.5X6 Triplewall | F26: Unit | R26: =A26&"."&B26&"."&C26 -> 1.TK.019
A27: 1 | B27: TK | C27: 020 | E27: Pasang Siring HDPE Culvert 1.8X6 Triplewall | F27: Unit | R27: =A27&"."&B27&"."&C27 -> 1.TK.020
A28: 1 | B28: TK | C28: 021 | E28: Pasang Siring HDPE Culvert 2.3X6 Triplewall | F28: Unit | R28: =A28&"."&B28&"."&C28 -> 1.TK.021
B29: Premi | J29: Forecast BC
I30: Aktual | J30: 1.08 | K30: =J30 -> 1.08 | L30: =K30 -> 1.08 | M30: =L30 -> 1.08 | N30: =M30 -> 1.08 | O30: =N30 -> 1.08 | P30: =O30 -> 1.08 | Q30: =P30 -> 1.08
A31: 2 | B31: TK | C31: 001 | E31: Premi Panen 1 | F31: HK | R31: =A31&"."&B31&"."&C31 -> 2.TK.001
A32: 2 | B32: TK | C32: 002 | E32: Premi Panen 2 | F32: HK | R32: =A32&"."&B32&"."&C32 -> 2.TK.002
A33: 2 | B33: TK | C33: 003 | E33: Premi Panen 3 | F33: HK | R33: =A33&"."&B33&"."&C33 -> 2.TK.003
A34: 2 | B34: TK | C34: 004 | E34: Premi Panen 4 | F34: HK | R34: =A34&"."&B34&"."&C34 -> 2.TK.004
A35: 2 | B35: TK | C35: 005 | E35: Premi Extra Fooding | F35: HK | I35: 3700 | J35: =I35*J30 -> 3996 | K35: =J35*K30 -> 4315.68 | L35: =K35*L30 -> 4660.9344 | M35: =L35*M30 -> 5033.8092 | N35: =M35*N30 -> 5436.5139 | O35: =N35*O30 -> 5871.435 | P35: =O35*P30 -> 6341.1498 | Q35: =P35*Q30 -> 6848.4418 | R35: =A35&"."&B35&"."&C35 -> 2.TK.005 | S35: =AVERAGE(H35:J35) -> 3848 | T35: =AVERAGE(I35:K35) -> 4003.8933 | U35: =AVERAGE(J35:L35) -> 4324.2048 | V35: =AVERAGE(K35:M35) -> 4670.1412
A36: 2 | B36: TK | C36: 006 | E36: Premi Supervisi Panen | F36: HK | R36: =A36&"."&B36&"."&C36 -> 2.TK.006
A37: 2 | B37: TK | C37: 007 | E37: Premi Supervisi Perawatan | F37: HK | R37: =A37&"."&B37&"."&C37 -> 2.TK.007
A38: 2 | B38: TK | C38: 008 | E38: Premi Kerani Panen | F38: HK | R38: =A38&"."&B38&"."&C38 -> 2.TK.008
A39: 2 | B39: TK | C39: 009 | E39: Premi Kerani Perawatan | F39: HK | R39: =A39&"."&B39&"."&C39 -> 2.TK.009
A40: 2 | B40: TK | C40: 010 | E40: Upah PHL Until Pupuk | F40: HK | I40: 140008 | J40: =I40*J30 -> 151208.64 | K40: =J40*K30 -> 163305.33 | L40: =K40*L30 -> 176369.76 | M40: =L40*M30 -> 190479.34 | N40: =M40*N30 -> 205717.69 | O40: =N40*O30 -> 222175.1 | P40: =O40*P30 -> 239949.11 | Q40: =P40*Q30 -> 259145.04 | R40: =A40&"."&B40&"."&C40 -> 2.TK.010 | S40: =AVERAGE(H40:J40) -> 145608.32 | T40: =AVERAGE(I40:K40) -> 151507.32 | U40: =AVERAGE(J40:L40) -> 163627.91 | V40: =AVERAGE(K40:M40) -> 176718.14
B41: Alat Kerja | J41: Forecast BC
A42: Kenaikkan Harga Barang | I42: Aktual | J42: 1.12 | K42: =J42 -> 1.12 | L42: =K42 -> 1.12 | M42: =L42 -> 1.12 | N42: =M42 -> 1.12 | O42: =N42 -> 1.12 | P42: =O42 -> 1.12 | Q42: =P42 -> 1.12
A43: 3 | B43: AK | C43: 001 | E43: Alat Sensus | F43: Set | I43: 30250 | J43: =I43*J42 -> 33880 | K43: =J43*K42 -> 37945.6 | L43: =K43*L42 -> 42499.072 | M43: =L43*M42 -> 47598.961 | N43: =M43*N42 -> 53310.836 | O43: =N43*O42 -> 59708.136 | P43: =O43*P42 -> 66873.113 | Q43: =P43*Q42 -> 74897.886 | R43: =A43&"."&B43&"."&C43 -> 3.AK.001
A44: 3 | B44: AK | C44: 002 | E44: Anak Pancang | F44: Buah | I44: 100 | J44: =I44*J42 -> 112 | K44: =J44*K42 -> 125.44 | L44: =K44*L42 -> 140.4928 | M44: =L44*M42 -> 157.35194 | N44: =M44*N42 -> 176.23417 | O44: =N44*O42 -> 197.38227 | P44: =O44*P42 -> 221.06814 | Q44: =P44*Q42 -> 247.59632 | R44: =A44&"."&B44&"."&C44 -> 3.AK.002 | S44: =AVERAGE(H44:J44) -> 106 | T44: =AVERAGE(I44:K44) -> 112.48 | U44: =AVERAGE(J44:L44) -> 125.9776 | V44: =AVERAGE(K44:M44) -> 141.09491
A45: 3 | B45: AK | C45: 003 | E45: Angkong | F45: Buah | I45: 537481 | J45: =I45*J42 -> 601978.72 | K45: =J45*K42 -> 674216.17 | L45: =K45*L42 -> 755122.11 | M45: =L45*M42 -> 845736.76 | N45: =M45*N42 -> 947225.17 | O45: =N45*O42 -> 1060892.2 | P45: =O45*P42 -> 1188199.3 | Q45: =P45*Q42 -> 1330783.2 | R45: =A45&"."&B45&"."&C45 -> 3.AK.003 | S45: =AVERAGE(H45:J45) -> 569729.86 | T45: =AVERAGE(I45:K45) -> 604558.63 | U45: =AVERAGE(J45:L45) -> 677105.66 | V45: =AVERAGE(K45:M45) -> 758358.34
A46: 3 | B46: AK | C46: 004 | E46: ATK | F46: Set | I46: 20000 | J46: =I46*J42 -> 22400 | K46: =J46*K42 -> 25088 | L46: =K46*L42 -> 28098.56 | M46: =L46*M42 -> 31470.387 | N46: =M46*N42 -> 35246.834 | O46: =N46*O42 -> 39476.454 | P46: =O46*P42 -> 44213.628 | Q46: =P46*Q42 -> 49519.264 | R46: =A46&"."&B46&"."&C46 -> 3.AK.004 | S46: =AVERAGE(H46:J46) -> 21200 | T46: =AVERAGE(I46:K46) -> 22496 | U46: =AVERAGE(J46:L46) -> 25195.52 | V46: =AVERAGE(K46:M46) -> 28218.982
A47: 3 | B47: AK | C47: 005 | E47: Baby Bag | F47: Kg | I47: 23523 | J47: =I47*J42 -> 26345.76 | K47: =J47*K42 -> 29507.251 | L47: =K47*L42 -> 33048.121 | M47: =L47*M42 -> 37013.896 | N47: =M47*N42 -> 41455.563 | O47: =N47*O42 -> 46430.231 | P47: =O47*P42 -> 52001.859 | Q47: =P47*Q42 -> 58242.082 | R47: =A47&"."&B47&"."&C47 -> 3.AK.005 | S47: =AVERAGE(H47:J47) -> 24934.38 | T47: =AVERAGE(I47:K47) -> 26458.67 | U47: =AVERAGE(J47:L47) -> 29633.711 | V47: =AVERAGE(K47:M47) -> 33189.756
A48: 3 | B48: AK | C48: 006 | E48: Batu Asah | F48: Buah | I48: 7841.25 | J48: =I48*J42 -> 8782.2 | K48: =J48*K42 -> 9836.064 | L48: =K48*L42 -> 11016.392 | M48: =L48*M42 -> 12338.359 | N48: =M48*N42 -> 13818.962 | O48: =N48*O42 -> 15477.237 | P48: =O48*P42 -> 17334.506 | Q48: =P48*Q42 -> 19414.646 | R48: =A48&"."&B48&"."&C48 -> 3.AK.006 | S48: =AVERAGE(H48:J48) -> 8311.725 | T48: =AVERAGE(I48:K48) -> 8819.838 | U48: =AVERAGE(J48:L48) -> 9878.2186 | V48: =AVERAGE(K48:M48) -> 11063.605
A49: 3 | B49: AK | C49: 007 | E49: Cados | F49: Buah | I49: 0 | J49: =I49 -> 0 | K49: =J49 -> 0 | L49: =K49 -> 0 | M49: =L49 -> 0 | N49: =M49 -> 0 | O49: =N49 -> 0 | P49: =O49 -> 0 | Q49: =P49 -> 0 | R49: =A49&"."&B49&"."&C49 -> 3.AK.007 | S49: =AVERAGE(H49:J49) -> 0
A50: 3 | B50: AK | C50: 008 | E50: Cangkul | F50: Buah | I50: 75798.75 | J50: =I50*J42 -> 84894.6 | K50: =J50*K42 -> 95081.952 | L50: =K50*L42 -> 106491.79 | M50: =L50*M42 -> 119270.8 | N50: =M50*N42 -> 133583.3 | O50: =N50*O42 -> 149613.29 | P50: =O50*P42 -> 167566.89 | Q50: =P50*Q42 -> 187674.91 | R50: =A50&"."&B50&"."&C50 -> 3.AK.008 | S50: =AVERAGE(H50:J50) -> 80346.675 | T50: =AVERAGE(I50:K50) -> 85258.434 | U50: =AVERAGE(J50:L50) -> 95489.446 | V50: =AVERAGE(K50:M50) -> 106948.18
A51: 3 | B51: AK | C51: 009 | E51: Cat | F51: Kg | I51: 65790 | J51: =I51*J42 -> 73684.8 | K51: =J51*K42 -> 82526.976 | L51: =K51*L42 -> 92430.213 | M51: =L51*M42 -> 103521.84 | N51: =M51*N42 -> 115944.46 | O51: =N51*O42 -> 129857.79 | P51: =O51*P42 -> 145440.73 | Q51: =P51*Q42 -> 162893.62 | R51: =A51&"."&B51&"."&C51 -> 3.AK.009 | S51: =AVERAGE(H51:J51) -> 69737.4 | T51: =AVERAGE(I51:K51) -> 74000.592 | U51: =AVERAGE(J51:L51) -> 82880.663 | V51: =AVERAGE(K51:M51) -> 92826.343
A52: 3 | B52: AK | C52: 010 | E52: Celemek | F52: Buah | I52: 42840 | J52: =I52*J42 -> 47980.8 | K52: =J52*K42 -> 53738.496 | L52: =K52*L42 -> 60187.116 | M52: =L52*M42 -> 67409.569 | N52: =M52*N42 -> 75498.718 | O52: =N52*O42 -> 84558.564 | P52: =O52*P42 -> 94705.591 | Q52: =P52*Q42 -> 106070.26 | R52: =A52&"."&B52&"."&C52 -> 3.AK.010 | S52: =AVERAGE(H52:J52) -> 45410.4 | T52: =AVERAGE(I52:K52) -> 48186.432 | U52: =AVERAGE(J52:L52) -> 53968.804 | V52: =AVERAGE(K52:M52) -> 60445.06
A53: 3 | B53: AK | C53: 011 | E53: Dodos 3" | F53: Buah | I53: 66380.89 | J53: =I53*J42 -> 74346.597 | K53: =J53*K42 -> 83268.188 | L53: =K53*L42 -> 93260.371 | M53: =L53*M42 -> 104451.62 | N53: =M53*N42 -> 116985.81 | O53: =N53*O42 -> 131024.11 | P53: =O53*P42 -> 146747 | Q53: =P53*Q42 -> 164356.64 | R53: =A53&"."&B53&"."&C53 -> 3.AK.011 | S53: =AVERAGE(H53:J53) -> 70363.743 | T53: =AVERAGE(I53:K53) -> 74665.225 | U53: =AVERAGE(J53:L53) -> 83625.052 | V53: =AVERAGE(K53:M53) -> 93660.058
A54: 3 | B54: AK | C54: 012 | E54: Dodos 4" | F54: Buah | I54: 94513.2 | J54: =I54*J42 -> 105854.78 | K54: =J54*K42 -> 118557.36 | L54: =K54*L42 -> 132784.24 | M54: =L54*M42 -> 148718.35 | N54: =M54*N42 -> 166564.55 | O54: =N54*O42 -> 186552.3 | P54: =O54*P42 -> 208938.57 | Q54: =P54*Q42 -> 234011.2 | R54: =A54&"."&B54&"."&C54 -> 3.AK.012 | S54: =AVERAGE(H54:J54) -> 100183.99 | T54: =AVERAGE(I54:K54) -> 106308.45 | U54: =AVERAGE(J54:L54) -> 119065.46 | V54: =AVERAGE(K54:M54) -> 133353.32
A55: 3 | B55: AK | C55: 013 | E55: Dodos 5" | F55: Buah | I55: 107163.75 | J55: =I55*J42 -> 120023.4 | K55: =J55*K42 -> 134426.21 | L55: =K55*L42 -> 150557.35 | M55: =L55*M42 -> 168624.24 | N55: =M55*N42 -> 188859.14 | O55: =N55*O42 -> 211522.24 | P55: =O55*P42 -> 236904.91 | Q55: =P55*Q42 -> 265333.5 | R55: =A55&"."&B55&"."&C55 -> 3.AK.013 | S55: =AVERAGE(H55:J55) -> 113593.58 | T55: =AVERAGE(I55:K55) -> 120537.79 | U55: =AVERAGE(J55:L55) -> 135002.32 | V55: =AVERAGE(K55:M55) -> 151202.6
A56: 3 | B56: AK | C56: 014 | E56: Egrek Set Pool | F56: Set | I56: 0 | J56: =I56*J42 -> 0 | K56: =J56*K42 -> 0 | L56: =K56*L42 -> 0 | M56: =L56*M42 -> 0 | N56: =M56*N42 -> 0 | O56: =N56*O42 -> 0 | P56: =O56*P42 -> 0 | Q56: =P56*Q42 -> 0 | R56: =A56&"."&B56&"."&C56 -> 3.AK.014 | S56: =AVERAGE(H56:J56) -> 0
A57: 3 | B57: AK | C57: 015 | E57: Egrek Sikles | F57: Buah | I57: 0 | J57: =I57*J42 -> 0 | K57: =J57*K42 -> 0 | L57: =K57*L42 -> 0 | M57: =L57*M42 -> 0 | N57: =M57*N42 -> 0 | O57: =N57*O42 -> 0 | P57: =O57*P42 -> 0 | Q57: =P57*Q42 -> 0 | R57: =A57&"."&B57&"."&C57 -> 3.AK.015 | S57: =AVERAGE(H57:J57) -> 0
A58: 3 | B58: AK | C58: 016 | E58: Ember | F58: Buah | I58: 7675.5 | J58: =I58*J42 -> 8596.56 | K58: =J58*K42 -> 9628.1472 | L58: =K58*L42 -> 10783.525 | M58: =L58*M42 -> 12077.548 | N58: =M58*N42 -> 13526.854 | O58: =N58*O42 -> 15150.076 | P58: =O58*P42 -> 16968.085 | Q58: =P58*Q42 -> 19004.255 | R58: =A58&"."&B58&"."&C58 -> 3.AK.016 | S58: =AVERAGE(H58:J58) -> 8136.03 | T58: =AVERAGE(I58:K58) -> 8633.4024 | U58: =AVERAGE(J58:L58) -> 9669.4107 | V58: =AVERAGE(K58:M58) -> 10829.74
A59: 3 | B59: AK | C59: 017 | E59: Galapool | F59: Buah | I59: 0 | J59: =I59*J42 -> 0 | K59: =J59*K42 -> 0 | L59: =K59*L42 -> 0 | M59: =L59*M42 -> 0 | N59: =M59*N42 -> 0 | O59: =N59*O42 -> 0 | P59: =O59*P42 -> 0 | Q59: =P59*Q42 -> 0 | R59: =A59&"."&B59&"."&C59 -> 3.AK.017 | S59: =AVERAGE(H59:J59) -> 0
A60: 3 | B60: AK | C60: 018 | E60: Gancu | F60: Buah | I60: 0 | J60: =I60*J42 -> 0 | K60: =J60*K42 -> 0 | L60: =K60*L42 -> 0 | M60: =L60*M42 -> 0 | N60: =M60*N42 -> 0 | O60: =N60*O42 -> 0 | P60: =O60*P42 -> 0 | Q60: =P60*Q42 -> 0 | R60: =A60&"."&B60&"."&C60 -> 3.AK.018 | S60: =AVERAGE(H60:J60) -> 0
A61: 3 | B61: AK | C61: 019 | E61: Garuk Brondolan | F61: Buah | I61: 0 | J61: =I61*J42 -> 0 | K61: =J61*K42 -> 0 | L61: =K61*L42 -> 0 | M61: =L61*M42 -> 0 | N61: =M61*N42 -> 0 | O61: =N61*O42 -> 0 | P61: =O61*P42 -> 0 | Q61: =P61*Q42 -> 0 | R61: =A61&"."&B61&"."&C61 -> 3.AK.019 | S61: =AVERAGE(H61:J61) -> 0
A62: 3 | B62: AK | C62: 020 | E62: GPS | F62: Buah | I62: 0 | J62: =I62*J42 -> 0 | K62: =J62*K42 -> 0 | L62: =K62*L42 -> 0 | M62: =L62*M42 -> 0 | N62: =M62*N42 -> 0 | O62: =N62*O42 -> 0 | P62: =O62*P42 -> 0 | Q62: =P62*Q42 -> 0 | R62: =A62&"."&B62&"."&C62 -> 3.AK.020 | S62: =AVERAGE(H62:J62) -> 0
A63: 3 | B63: AK | C63: 021 | E63: Helm | F63: Buah | I63: 47124 | J63: =I63*J42 -> 52778.88 | K63: =J63*K42 -> 59112.346 | L63: =K63*L42 -> 66205.827 | M63: =L63*M42 -> 74150.526 | N63: =M63*N42 -> 83048.589 | O63: =N63*O42 -> 93014.42 | P63: =O63*P42 -> 104176.15 | Q63: =P63*Q42 -> 116677.29 | R63: =A63&"."&B63&"."&C63 -> 3.AK.021 | S63: =AVERAGE(H63:J63) -> 49951.44 | T63: =AVERAGE(I63:K63) -> 53005.075 | U63: =AVERAGE(J63:L63) -> 59365.684 | V63: =AVERAGE(K63:M63) -> 66489.566
A64: 3 | B64: AK | C64: 022 | E64: Jas Hujan | F64: Buah | I64: 283815 | J64: =I64*J42 -> 317872.8 | K64: =J64*K42 -> 356017.54 | L64: =K64*L42 -> 398739.64 | M64: =L64*M42 -> 446588.4 | N64: =M64*N42 -> 500179 | O64: =N64*O42 -> 560200.49 | P64: =O64*P42 -> 627424.54 | Q64: =P64*Q42 -> 702715.49 | R64: =A64&"."&B64&"."&C64 -> 3.AK.022 | S64: =AVERAGE(H64:J64) -> 300843.9
A65: 3 | B65: AK | C65: 023 | E65: Kaca Mata | F65: Buah | I65: 37485 | J65: =I65*J42 -> 41983.2 | K65: =J65*K42 -> 47021.184 | L65: =K65*L42 -> 52663.726 | M65: =L65*M42 -> 58983.373 | N65: =M65*N42 -> 66061.378 | O65: =N65*O42 -> 73988.743 | P65: =O65*P42 -> 82867.393 | Q65: =P65*Q42 -> 92811.48 | R65: =A65&"."&B65&"."&C65 -> 3.AK.023 | S65: =AVERAGE(H65:J65) -> 39734.1 | T65: =AVERAGE(I65:K65) -> 42163.128 | U65: =AVERAGE(J65:L65) -> 47222.703 | V65: =AVERAGE(K65:M65) -> 52889.428
A66: 3 | B66: AK | C66: 024 | E66: Kapak Panen | F66: Buah | I66: 0 | J66: =I66*J42 -> 0 | K66: =J66*K42 -> 0 | L66: =K66*L42 -> 0 | M66: =L66*M42 -> 0 | N66: =M66*N42 -> 0 | O66: =N66*O42 -> 0 | P66: =O66*P42 -> 0 | Q66: =P66*Q42 -> 0 | R66: =A66&"."&B66&"."&C66 -> 3.AK.024 | S66: =AVERAGE(H66:J66) -> 0
A67: 3 | B67: AK | C67: 025 | E67: Kompas | F67: Buah | I67: 0 | J67: =I67*J42 -> 0 | K67: =J67*K42 -> 0 | L67: =K67*L42 -> 0 | M67: =L67*M42 -> 0 | N67: =M67*N42 -> 0 | O67: =N67*O42 -> 0 | P67: =O67*P42 -> 0 | Q67: =P67*Q42 -> 0 | R67: =A67&"."&B67&"."&C67 -> 3.AK.025 | S67: =AVERAGE(H67:J67) -> 0
A68: 3 | B68: AK | C68: 026 | E68: Kuas | F68: Buah | I68: 0 | J68: =I68*J42 -> 0 | K68: =J68*K42 -> 0 | L68: =K68*L42 -> 0 | M68: =L68*M42 -> 0 | N68: =M68*N42 -> 0 | O68: =N68*O42 -> 0 | P68: =O68*P42 -> 0 | Q68: =P68*Q42 -> 0 | R68: =A68&"."&B68&"."&C68 -> 3.AK.026 | S68: =AVERAGE(H68:J68) -> 0
A69: 3 | B69: AK | C69: 027 | E69: Large Bag | F69: Kg | I69: 22478.25 | J69: =I69*J42 -> 25175.64 | K69: =J69*K42 -> 28196.717 | L69: =K69*L42 -> 31580.323 | M69: =L69*M42 -> 35369.962 | N69: =M69*N42 -> 39614.357 | O69: =N69*O42 -> 44368.08 | P69: =O69*P42 -> 49692.249 | Q69: =P69*Q42 -> 55655.319 | R69: =A69&"."&B69&"."&C69 -> 3.AK.027 | S69: =AVERAGE(H69:J69) -> 23826.945 | T69: =AVERAGE(I69:K69) -> 25283.536 | U69: =AVERAGE(J69:L69) -> 28317.56 | V69: =AVERAGE(K69:M69) -> 31715.667
A70: 3 | B70: AK | C70: 028 | E70: Masker Chemical | F70: Buah | I70: 14000 | J70: =I70*J42 -> 15680 | K70: =J70*K42 -> 17561.6 | L70: =K70*L42 -> 19668.992 | M70: =L70*M42 -> 22029.271 | N70: =M70*N42 -> 24672.784 | O70: =N70*O42 -> 27633.518 | P70: =O70*P42 -> 30949.54 | Q70: =P70*Q42 -> 34663.484 | R70: =A70&"."&B70&"."&C70 -> 3.AK.028 | S70: =AVERAGE(H70:J70) -> 14840 | T70: =AVERAGE(I70:K70) -> 15747.2 | U70: =AVERAGE(J70:L70) -> 17636.864 | V70: =AVERAGE(K70:M70) -> 19753.288
A71: 3 | B71: AK | C71: 029 | E71: Material Instalasi Air | F71: Set | I71: 40436632 | J71: =I71*J42 -> 45289027 | K71: =J71*K42 -> 50723711 | L71: =K71*L42 -> 56810556 | M71: =L71*M42 -> 63627823 | N71: =M71*N42 -> 71263161 | O71: =N71*O42 -> 79814741 | P71: =O71*P42 -> 89392510 | Q71: =P71*Q42 -> 1.0011961e+08 | R71: =A71&"."&B71&"."&C71 -> 3.AK.029 | S71: =AVERAGE(H71:J71) -> 42862829 | T71: =AVERAGE(I71:K71) -> 45483123 | U71: =AVERAGE(J71:L71) -> 50941098 | V71: =AVERAGE(K71:M71) -> 57054030
A72: 3 | B72: AK | C72: 030 | E72: Material Pondok Hujan | F72: Unit | I72: 0 | J72: =I72*J42 -> 0 | K72: =J72*K42 -> 0 | L72: =K72*L42 -> 0 | M72: =L72*M42 -> 0 | N72: =M72*N42 -> 0 | O72: =N72*O42 -> 0 | P72: =O72*P42 -> 0 | Q72: =P72*Q42 -> 0 | R72: =A72&"."&B72&"."&C72 -> 3.AK.030 | S72: =AVERAGE(H72:J72) -> 0
A73: 3 | B73: AK | C73: 031 | E73: Meteran | F73: Buah | I73: 0 | J73: =I73*J42 -> 0 | K73: =J73*K42 -> 0 | L73: =K73*L42 -> 0 | M73: =L73*M42 -> 0 | N73: =M73*N42 -> 0 | O73: =N73*O42 -> 0 | P73: =O73*P42 -> 0 | Q73: =P73*Q42 -> 0 | R73: =A73&"."&B73&"."&C73 -> 3.AK.031 | S73: =AVERAGE(H73:J73) -> 0
A74: 3 | B74: AK | C74: 032 | E74: Micron Herbi (MHS) | F74: Buah | I74: 0 | J74: =I74*J42 -> 0 | K74: =J74*K42 -> 0 | L74: =K74*L42 -> 0 | M74: =L74*M42 -> 0 | N74: =M74*N42 -> 0 | O74: =N74*O42 -> 0 | P74: =O74*P42 -> 0 | Q74: =P74*Q42 -> 0 | R74: =A74&"."&B74&"."&C74 -> 3.AK.032 | S74: =AVERAGE(H74:J74) -> 0
A75: 3 | B75: AK | C75: 033 | E75: Paku Ulin | F75: Kg | I75: 0 | J75: =I75*J42 -> 0 | K75: =J75*K42 -> 0 | L75: =K75*L42 -> 0 | M75: =L75*M42 -> 0 | N75: =M75*N42 -> 0 | O75: =N75*O42 -> 0 | P75: =O75*P42 -> 0 | Q75: =P75*Q42 -> 0 | R75: =A75&"."&B75&"."&C75 -> 3.AK.033 | S75: =AVERAGE(H75:J75) -> 0
A76: 3 | B76: AK | C76: 034 | E76: Papan | F76: M3 | I76: 2025000 | J76: =I76*J42 -> 2268000 | K76: =J76*K42 -> 2540160 | L76: =K76*L42 -> 2844979.2 | M76: =L76*M42 -> 3186376.7 | N76: =M76*N42 -> 3568741.9 | O76: =N76*O42 -> 3996990.9 | P76: =O76*P42 -> 4476629.8 | Q76: =P76*Q42 -> 5013825.4 | R76: =A76&"."&B76&"."&C76 -> 3.AK.034 | S76: =AVERAGE(H76:J76) -> 2146500 | T76: =AVERAGE(I76:K76) -> 2277720 | U76: =AVERAGE(J76:L76) -> 2551046.4 | V76: =AVERAGE(K76:M76) -> 2857172
A77: 3 | B77: AK | C77: 035 | E77: Paranet | F77: Rol | I77: 0 | J77: =I77*J42 -> 0 | K77: =J77*K42 -> 0 | L77: =K77*L42 -> 0 | M77: =L77*M42 -> 0 | N77: =M77*N42 -> 0 | O77: =N77*O42 -> 0 | P77: =O77*P42 -> 0 | Q77: =P77*Q42 -> 0 | R77: =A77&"."&B77&"."&C77 -> 3.AK.035 | S77: =AVERAGE(H77:J77) -> 0
A78: 3 | B78: AK | C78: 036 | E78: Parang | F78: Buah | I78: 120232.5 | J78: =I78*J42 -> 134660.4 | K78: =J78*K42 -> 150819.65 | L78: =K78*L42 -> 168918.01 | M78: =L78*M42 -> 189188.17 | N78: =M78*N42 -> 211890.75 | O78: =N78*O42 -> 237317.64 | P78: =O78*P42 -> 265795.75 | Q78: =P78*Q42 -> 297691.24 | R78: =A78&"."&B78&"."&C78 -> 3.AK.036 | S78: =AVERAGE(H78:J78) -> 127446.45
A79: 3 | B79: AK | C79: 037 | E79: Pengki Brondolan | F79: Buah | I79: 0 | J79: =I79*J42 -> 0 | K79: =J79*K42 -> 0 | L79: =K79*L42 -> 0 | M79: =L79*M42 -> 0 | N79: =M79*N42 -> 0 | O79: =N79*O42 -> 0 | P79: =O79*P42 -> 0 | Q79: =P79*Q42 -> 0 | R79: =A79&"."&B79&"."&C79 -> 3.AK.037 | S79: =AVERAGE(H79:J79) -> 0
A80: 3 | B80: AK | C80: 038 | E80: Sarung Dodos | F80: Buah | I80: 51229.5 | J80: =I80*J42 -> 57377.04 | K80: =J80*K42 -> 64262.285 | L80: =K80*L42 -> 71973.759 | M80: =L80*M42 -> 80610.61 | N80: =M80*N42 -> 90283.883 | O80: =N80*O42 -> 101117.95 | P80: =O80*P42 -> 113252.1 | Q80: =P80*Q42 -> 126842.36 | R80: =A80&"."&B80&"."&C80 -> 3.AK.038 | S80: =AVERAGE(H80:J80) -> 54303.27 | T80: =AVERAGE(I80:K80) -> 57622.942 | U80: =AVERAGE(J80:L80) -> 64537.695 | V80: =AVERAGE(K80:M80) -> 72282.218
A81: 3 | B81: AK | C81: 039 | E81: Sarung Egrek | F81: Buah | I81: 0 | J81: =I81*J42 -> 0 | K81: =J81*K42 -> 0 | L81: =K81*L42 -> 0 | M81: =L81*M42 -> 0 | N81: =M81*N42 -> 0 | O81: =N81*O42 -> 0 | P81: =O81*P42 -> 0 | Q81: =P81*Q42 -> 0 | R81: =A81&"."&B81&"."&C81 -> 3.AK.039 | S81: =AVERAGE(H81:J81) -> 0
A82: 3 | B82: AK | C82: 040 | E82: Sarung Tangan Kain | F82: Buah | I82: 2677.5 | J82: =I82*J42 -> 2998.8 | K82: =J82*K42 -> 3358.656 | L82: =K82*L42 -> 3761.6947 | M82: =L82*M42 -> 4213.0981 | N82: =M82*N42 -> 4718.6699 | O82: =N82*O42 -> 5284.9102 | P82: =O82*P42 -> 5919.0995 | Q82: =P82*Q42 -> 6629.3914 | R82: =A82&"."&B82&"."&C82 -> 3.AK.040 | S82: =AVERAGE(H82:J82) -> 2838.15
A83: 3 | B83: AK | C83: 041 | E83: Sarung Tangan Karet | F83: Buah | I83: 32130 | J83: =I83*J42 -> 35985.6 | K83: =J83*K42 -> 40303.872 | L83: =K83*L42 -> 45140.337 | M83: =L83*M42 -> 50557.177 | N83: =M83*N42 -> 56624.038 | O83: =N83*O42 -> 63418.923 | P83: =O83*P42 -> 71029.194 | Q83: =P83*Q42 -> 79552.697 | R83: =A83&"."&B83&"."&C83 -> 3.AK.041 | S83: =AVERAGE(H83:J83) -> 34057.8 | T83: =AVERAGE(I83:K83) -> 36139.824 | U83: =AVERAGE(J83:L83) -> 40476.603 | V83: =AVERAGE(K83:M83) -> 45333.795
A84: 3 | B84: AK | C84: 042 | E84: Sepatu Boots | F84: Buah | I84: 85680 | J84: =I84*J42 -> 95961.6 | K84: =J84*K42 -> 107476.99 | L84: =K84*L42 -> 120374.23 | M84: =L84*M42 -> 134819.14 | N84: =M84*N42 -> 150997.44 | O84: =N84*O42 -> 169117.13 | P84: =O84*P42 -> 189411.18 | Q84: =P84*Q42 -> 212140.52 | R84: =A84&"."&B84&"."&C84 -> 3.AK.042 | S84: =AVERAGE(H84:J84) -> 90820.8 | T84: =AVERAGE(I84:K84) -> 96372.864 | U84: =AVERAGE(J84:L84) -> 107937.61 | V84: =AVERAGE(K84:M84) -> 120890.12
A85: 3 | B85: AK | C85: 043 | E85: Sepatu Safety | F85: Buah | I85: 0 | J85: =I85*J42 -> 0 | K85: =J85*K42 -> 0 | L85: =K85*L42 -> 0 | M85: =L85*M42 -> 0 | N85: =M85*N42 -> 0 | O85: =N85*O42 -> 0 | P85: =O85*P42 -> 0 | Q85: =P85*Q42 -> 0 | R85: =A85&"."&B85&"."&C85 -> 3.AK.043 | S85: =AVERAGE(H85:J85) -> 0
A86: 3 | B86: AK | C86: 044 | E86: Sprayer (Inter) | F86: Buah | I86: 1366468.5 | J86: =I86*J42 -> 1530444.7 | K86: =J86*K42 -> 1714098.1 | L86: =K86*L42 -> 1919789.9 | M86: =L86*M42 -> 2150164.6 | N86: =M86*N42 -> 2408184.4 | O86: =N86*O42 -> 2697166.5 | P86: =O86*P42 -> 3020826.5 | Q86: =P86*Q42 -> 3383325.7 | R86: =A86&"."&B86&"."&C86 -> 3.AK.044 | S86: =AVERAGE(H86:J86) -> 1448456.6 | T86: =AVERAGE(I86:K86) -> 1537003.8 | U86: =AVERAGE(J86:L86) -> 1721444.2 | V86: =AVERAGE(K86:M86) -> 1928017.5
A87: 3 | B87: AK | C87: 045 | E87: Sprayer (Solo) | F87: Buah | I87: 0 | J87: =I87*J42 -> 0 | K87: =J87*K42 -> 0 | L87: =K87*L42 -> 0 | M87: =L87*M42 -> 0 | N87: =M87*N42 -> 0 | O87: =N87*O42 -> 0 | P87: =O87*P42 -> 0 | Q87: =P87*Q42 -> 0 | R87: =A87&"."&B87&"."&C87 -> 3.AK.045 | S87: =AVERAGE(H87:J87) -> 0
A88: 3 | B88: AK | C88: 046 | E88: Takaran Pupuk | F88: Buah | I88: 5000 | J88: =I88*J42 -> 5600 | K88: =J88*K42 -> 6272 | L88: =K88*L42 -> 7024.64 | M88: =L88*M42 -> 7867.5968 | N88: =M88*N42 -> 8811.7084 | O88: =N88*O42 -> 9869.1134 | P88: =O88*P42 -> 11053.407 | Q88: =P88*Q42 -> 12379.816 | R88: =A88&"."&B88&"."&C88 -> 3.AK.046 | S88: =AVERAGE(H88:J88) -> 5300 | T88: =AVERAGE(I88:K88) -> 5624 | U88: =AVERAGE(J88:L88) -> 6298.88 | V88: =AVERAGE(K88:M88) -> 7054.7456
A89: 3 | B89: AK | C89: 047 | E89: Tiang Kayu Bibitan | F89: Batang | I89: 30000 | J89: =I89*J42 -> 33600 | K89: =J89*K42 -> 37632 | L89: =K89*L42 -> 42147.84 | M89: =L89*M42 -> 47205.581 | N89: =M89*N42 -> 52870.25 | O89: =N89*O42 -> 59214.681 | P89: =O89*P42 -> 66320.442 | Q89: =P89*Q42 -> 74278.895 | R89: =A89&"."&B89&"."&C89 -> 3.AK.047 | S89: =AVERAGE(H89:J89) -> 31800
A90: 3 | B90: AK | C90: 048 | E90: Tojok | F90: Buah | I90: 0 | J90: =I90*J42 -> 0 | K90: =J90*K42 -> 0 | L90: =K90*L42 -> 0 | M90: =L90*M42 -> 0 | N90: =M90*N42 -> 0 | O90: =N90*O42 -> 0 | P90: =O90*P42 -> 0 | Q90: =P90*Q42 -> 0 | R90: =A90&"."&B90&"."&C90 -> 3.AK.048 | S90: =AVERAGE(H90:J90) -> 0
A91: 3 | B91: AK | C91: 049 | E91: Marshal | I91: 30844.8 | J91: =I91*J42 -> 34546.176 | K91: =J91*K42 -> 38691.717 | L91: =K91*L42 -> 43334.723 | M91: =L91*M42 -> 48534.89 | N91: =M91*N42 -> 54359.077 | O91: =N91*O42 -> 60882.166 | P91: =O91*P42 -> 68188.026 | Q91: =P91*Q42 -> 76370.589 | R91: =A91&"."&B91&"."&C91 -> 3.AK.049 | S91: =AVERAGE(H91:J91) -> 32695.488
A92: 3 | B92: AK | C92: 050 | E92: Ferotrap | F92: Buah | I92: 50000 | J92: =I92*J42 -> 56000 | K92: =J92*K42 -> 62720 | L92: =K92*L42 -> 70246.4 | M92: =L92*M42 -> 78675.968 | N92: =M92*N42 -> 88117.084 | O92: =N92*O42 -> 98691.134 | P92: =O92*P42 -> 110534.07 | Q92: =P92*Q42 -> 123798.16 | R92: =A92&"."&B92&"."&C92 -> 3.AK.050 | S92: =AVERAGE(H92:J92) -> 53000 | T92: =AVERAGE(I92:K92) -> 56240 | U92: =AVERAGE(J92:L92) -> 62988.8 | V92: =AVERAGE(K92:M92) -> 70547.456
A93: 3 | B93: AK | C93: 051 | E93: Plastik Hitam | F93: Mtr | I93: 3000 | J93: =I93*J42 -> 3360 | K93: =J93*K42 -> 3763.2 | L93: =K93*L42 -> 4214.784 | M93: =L93*M42 -> 4720.5581 | N93: =M93*N42 -> 5287.025 | O93: =N93*O42 -> 5921.4681 | P93: =O93*P42 -> 6632.0442 | Q93: =P93*Q42 -> 7427.8895 | R93: =A93&"."&B93&"."&C93 -> 3.AK.051 | S93: =AVERAGE(H93:J93) -> 3180 | T93: =AVERAGE(I93:K93) -> 3374.4 | U93: =AVERAGE(J93:L93) -> 3779.328 | V93: =AVERAGE(K93:M93) -> 4232.8474
A94: 3 | B94: AK | C94: 052 | E94: Patok Kayu | F94: Btg | I94: 20000 | J94: =I94*J42 -> 22400 | K94: =J94*K42 -> 25088 | L94: =K94*L42 -> 28098.56 | M94: =L94*M42 -> 31470.387 | N94: =M94*N42 -> 35246.834 | O94: =N94*O42 -> 39476.454 | P94: =O94*P42 -> 44213.628 | Q94: =P94*Q42 -> 49519.264 | R94: =A94&"."&B94&"."&C94 -> 3.AK.052 | S94: =AVERAGE(H94:J94) -> 21200 | T94: =AVERAGE(I94:K94) -> 22496 | U94: =AVERAGE(J94:L94) -> 25195.52 | V94: =AVERAGE(K94:M94) -> 28218.982
A95: 3 | B95: AK | C95: 053 | E95: Kawat Duri | F95: Mtr | I95: 158992.5 | J95: =I95*J42 -> 178071.6 | K95: =J95*K42 -> 199440.19 | L95: =K95*L42 -> 223373.02 | M95: =L95*M42 -> 250177.78 | N95: =M95*N42 -> 280199.11 | O95: =N95*O42 -> 313823 | P95: =O95*P42 -> 351481.76 | Q95: =P95*Q42 -> 393659.58 | R95: =A95&"."&B95&"."&C95 -> 3.AK.053 | S95: =AVERAGE(H95:J95) -> 168532.05 | T95: =AVERAGE(I95:K95) -> 178834.76 | U95: =AVERAGE(J95:L95) -> 200294.94 | V95: =AVERAGE(K95:M95) -> 224330.33
A96: 3 | B96: AK | C96: 054 | E96: Paku 1" | F96: Kg | I96: 18092.25 | J96: =I96*J42 -> 20263.32 | K96: =J96*K42 -> 22694.918 | L96: =K96*L42 -> 25418.309 | M96: =L96*M42 -> 28468.506 | N96: =M96*N42 -> 31884.726 | O96: =N96*O42 -> 35710.893 | P96: =O96*P42 -> 39996.201 | Q96: =P96*Q42 -> 44795.745 | R96: =A96&"."&B96&"."&C96 -> 3.AK.054 | S96: =AVERAGE(H96:J96) -> 19177.785 | T96: =AVERAGE(I96:K96) -> 20350.163 | U96: =AVERAGE(J96:L96) -> 22792.182 | V96: =AVERAGE(K96:M96) -> 25527.244
A97: 3 | B97: AK | C97: 055 | E97: Paku 2.5" | F97: Kg | I97: 16447.5 | J97: =I97*J42 -> 18421.2 | K97: =J97*K42 -> 20631.744 | L97: =K97*L42 -> 23107.553 | M97: =L97*M42 -> 25880.46 | N97: =M97*N42 -> 28986.115 | O97: =N97*O42 -> 32464.449 | P97: =O97*P42 -> 36360.182 | Q97: =P97*Q42 -> 40723.404 | R97: =A97&"."&B97&"."&C97 -> 3.AK.055 | S97: =AVERAGE(H97:J97) -> 17434.35 | T97: =AVERAGE(I97:K97) -> 18500.148 | U97: =AVERAGE(J97:L97) -> 20720.166 | V97: =AVERAGE(K97:M97) -> 23206.586
A98: 3 | B98: AK | C98: 056 | E98: Paranet | F98: Rol | I98: 1130270.3 | J98: =I98*J42 -> 1265902.7 | K98: =J98*K42 -> 1417811.1 | L98: =K98*L42 -> 1587948.4 | M98: =L98*M42 -> 1778502.2 | N98: =M98*N42 -> 1991922.4 | O98: =N98*O42 -> 2230953.1 | P98: =O98*P42 -> 2498667.5 | Q98: =P98*Q42 -> 2798507.6 | R98: =A98&"."&B98&"."&C98 -> 3.AK.056 | S98: =AVERAGE(H98:J98) -> 1198086.5 | V98: =AVERAGE(K98:M98) -> 1594753.9
B101: Obat | J101: Forecast BC
I102: Aktual | J102: 1.14 | K102: =J102 -> 1.14 | L102: =K102 -> 1.14 | M102: =L102 -> 1.14 | N102: =M102 -> 1.14 | O102: =N102 -> 1.14 | P102: =O102 -> 1.14 | Q102: =P102 -> 1.14
A103: 3 | B103: OB | C103: 001 | E103: Glyphosate | F103: Liter | I103: 36352.8 | J103: 35343 | K103: =J103*J102 -> 40291.02 | L103: =K103*K102 -> 45931.763 | M103: =L103*L102 -> 52362.21 | N103: =M103*M102 -> 59692.919 | O103: =N103*N102 -> 68049.928 | P103: =O103*O102 -> 77576.917 | Q103: =P103*P102 -> 88437.686 | R103: =A103&"."&B103&"."&C103 -> 3.OB.001 | S103: =AVERAGE(H103:J103) -> 35847.9 | T103: =AVERAGE(I103:K103) -> 37328.94 | U103: =AVERAGE(J103:L103) -> 40521.928 | V103: =AVERAGE(K103:M103) -> 46194.997
...
