Workbook
Name \0: #REF!
Name \0: #REF!
Name \a: #N/A
Name \a: #N/A
Name \b: #N/A
Name \b: #N/A
Name \g: #N/A
Name \g: #N/A
Name \n: #N/A
Name \n: #N/A
Name __kop2: #N/A
Name __s2: #REF!
Name __SKF1: #N/A
Name __SKF2: #N/A
Name _0: #REF!
Name _0: #REF!
Name _10_A_1: #REF!
Name _11_A_1: #REF!
Name _12_A_1: #REF!
Name _13_b_1: #REF!
Name _14_b_1: #REF!
Name _15_b_1: #REF!
Name _16_g_1: #REF!
Name _17_g_1: #REF!
Name _18_g_1: #REF!
Name _19_n_1: #REF!
Name _20_n_1: #REF!
Name _21_n_1: #REF!
Name _22Excel_BuiltIn_Database_1: #REF!
Name _23Excel_BuiltIn_Database_1: #REF!
Name _24Excel_BuiltIn_Print_Area_1: #REF!
Name _25Excel_BuiltIn_Print_Area_1: #REF!
Name _26Excel_BuiltIn_Print_Area_31_1: '[4]Kap Rinci'!#REF!
Name _27Excel_BuiltIn_Print_Area_31_1: '[5]Kap Rinci'!#REF!
Name _28Excel_BuiltIn_Print_Area_31_1: '[6]Kap Rinci'!#REF!
Name _29Excel_BuiltIn_Print_Titles_1: #REF!
Name _30Excel_BuiltIn_Print_Titles_1: #REF!
Name _31Excel_BuiltIn_Print_Titles_1: #REF!
Name _432: 432
Name _8_0_1: #REF!
Name _8311: #REF!
Name _8311: #REF!
Name _8311: #REF!
Name _9_0_1: #REF!
Name _a: #REF!
Name _A: #REF!
Name _A: #REF!
Name _A: #N/A
Name _A_1: #REF!
Name _A_1: #REF!
Name _A_1: #REF!
Name _A_2: #REF!
Name _A_2: #REF!
Name _A_28: #REF!
Name _A_28: #REF!
Name _A_28: #REF!
Name _A_3: #REF!
Name _A_3: #REF!
Name _A_31: #REF!
Name _A_31: #REF!

Sheet Sheet1
C2: jb | D2: bb
A3: 2008 | B3: 1 | E3: =SUM(C3:D3) -> 0
B4: 2 | E4: =SUM(C4:D4) -> 0
B5: 3 | E5: =SUM(C5:D5) -> 0
B6: 4 | C6: 310 | D6: 50 | E6: =SUM(C6:D6) -> 360
B7: ttl | C7: =SUM(C3:C6) -> 310 | D7: =SUM(D3:D6) -> 50 | E7: =SUM(E3:E6) -> 360
A9: =A3+1 -> 2009 | B9: 1 | E9: =SUM(C9:D9) -> 0
B10: 2 | E10: =SUM(C10:D10) -> 0
B11: 3 | E11: =SUM(C11:D11) -> 0
B12: 4 | C12: =50.3+80.23+78.84 -> 209.37 | E12: =SUM(C12:D12) -> 209.37
B13: ttl | C13: =SUM(C9:C12) -> 209.37 | D13: =SUM(D9:D12) -> 0 | E13: =SUM(E9:E12) -> 209.37
A15: =A9+1 -> 2010 | B15: 1 | D15: =52.15+61.73+19.59 -> 133.47 | E15: =SUM(C15:D15) -> 133.47
B16: 2 | D16: =60.74+51.74+45.2 -> 157.68 | E16: =SUM(C16:D16) -> 157.68
B17: 3 | C17: 21.54 | D17: =8.02+54.92+1.62 -> 64.56 | E17: =SUM(C17:D17) -> 86.1
B18: 4 | C18: =26.19+46.62-2.62 -> 70.19 | D18: =22+87.37+141.82 -> 251.19 | E18: =SUM(C18:D18) -> 321.38
B19: ttl | C19: =SUM(C15:C18) -> 91.73 | D19: =SUM(D15:D18) -> 606.9 | E19: =SUM(E15:E18) -> 698.63
H20: 326.6 | I20: 50
A21: =A15+1 -> 2011 | B21: 1 | D21: =68.25+93.06+66.29 -> 227.6 | E21: =SUM(C21:D21) -> 227.6 | H21: 197.2 | I21: 606.9
B22: 2 | D22: =38.5+29.04+4.43+0.03 -> 72 | E22: =SUM(C22:D22) -> 72 | H22: 87.3 | I22: 299.6
B23: 3 | C23: =24.26+15.22 -> 39.48 | E23: =SUM(C23:D23) -> 39.48 | H23: 53.79
B24: 4 | C24: =6.25+8.06 -> 14.31 | E24: =SUM(C24:D24) -> 14.31 | H24: =SUM(H20:H23) -> 664.89 | I24: =SUM(I20:I23) -> 956.5
B25: ttl | C25: =SUM(C21:C24) -> 53.79 | D25: =SUM(D21:D24) -> 299.6 | E25: =SUM(E21:E24) -> 353.39
A27: =A21+1 -> 2012 | B27: 1 | C27: 40.65 | D27: 313.54 | E27: =SUM(C27:D27) -> 354.19 | H27: =200+40.65 -> 240.65 | I27: =600+13.54 -> 613.54
B28: 2 | C28: 200 | D28: 300 | E28: =SUM(C28:D28) -> 500 | I28: 200
B29: 3 | E29: =SUM(C29:D29) -> 0 | H29: =SUM(H27:H28) -> 240.65 | I29: =SUM(I27:I28) -> 813.54
B30: 4 | E30: =SUM(C30:D30) -> 0
B31: ttl | C31: =SUM(C27:C30) -> 240.65 | D31: =SUM(D27:D30) -> 613.54 | E31: =SUM(E27:E30) -> 854.19 | H31: =H29+H24 -> 905.54 | I31: =I29+I24 -> 1770.04
C33: =C7+C13+C19+C25+C31 -> 905.54 | D33: =D7+D13+D19+D25+D31 -> 1570.04 | E33: =E7+E13+E19+E25+E31 -> 2475.58
A36: rencana | D36: 200 | E36: =SUM(C36:D36) -> 200
C38: =C33+C36 -> 905.54 | D38: =D33+D36 -> 1770.04 | E38: =E33+E36 -> 2675.58
C39: =C38-H31 -> 0 | D39: =D38-I31 -> 0

Sheet Cover RKP
B10: RENCANA KERJA PROYEK
B11: KEBUN TELUK PULAI
B21: Tahun 2026 - 2029
C35: ='Tingkat Jalan Mineral'!G20 -> 998942.8
C36: ='Tingkat Jalan Mineral'!Q20 -> 1522646.8
C37: ='Drainase Tnh Mineral '!Q21 -> 581740
C38: =SUM(C35:C37) -> 3103329.6
C39: =C33+C38 -> 3103329.6

Sheet Harga
A1: Daftar Harga Satuan
B3: Item | D3: Harga 2026 | H3: Item | J3: Harga
A4: A | B4: Peralatan | G4: A | H4: Peralatan
A5: 1 | B5: Buldozer | C5: Hm | D5: =[22]Sheet1!$F$7 -> 815200 | F5: 450000 | G5: 1 | H5: Buldozer | I5: Hm | J5: 300000 | K5: =D5-J5 -> 515200 | N5: 380000
A6: 2 | B6: Grader | C6: Hm | D6: =[22]Sheet1!$F$8 -> 663600 | F6: 300000 | G6: 2 | H6: Grader | I6: Hm | J6: 200000 | K6: =D6-J6 -> 463600 | N6: 260000
A7: 3 | B7: Excavator | C7: Hm | D7: =[22]Sheet1!$F$9 -> 691200 | F7: 350000 | G7: 3 | H7: Excavator | I7: Hm | J7: 300000 | K7: =D7-J7 -> 391200 | N7: 350000
A8: 4 | B8: Compactor | C8: Hm | D8: =[22]Sheet1!$F$10 -> 579200 | F8: 300000 | G8: 4 | H8: Compactor | I8: Hm | J8: 190000 | K8: =D8-J8 -> 389200 | N8: 300000
A9: 5 | B9: Farm Tractor | C9: Hm | D9: =[22]Sheet1!$F$11 -> 327000 | F9: 150000 | G9: 5 | H9: Farm Tractor | I9: Hm | J9: 150000 | K9: =D9-J9 -> 177000 | N9: 150000
A10: 6 | B10: Gergaji Rantai | C10: JK | D10: 50490 | F10: 50000 | G10: 6 | H10: Gergaji Rantai | I10: JK | J10: 50000 | K10: =D10-J10 -> 490 | N10: 50000
A11: 7 | B11: Sumi sansui irigasi | C11: Roll | D11: 325000 | F11: 350000 | G11: 7 | H11: Sumi sansui irigasi | I11: Roll | J11: 350000 | K11: =D11-J11 -> -25000 | N11: 350000
A12: 8 | B12: Saringan | C12: Pcs | D12: 50000 | F12: 50000 | G12: 8 | H12: Saringan | I12: Pcs | J12: 50000 | K12: =D12-J12 -> 0 | N12: 50000
A13: 9 | B13: Sprayer (Inter) | C13: Unit | D13: =[22]Sheet1!$F$15 -> 1450770 | F13: 241500 | G13: 9 | H13: Sprayer | I13: Unit | J13: 241500 | K13: =D13-J13 -> 1209270 | N13: 241500
A14: 10 | B14: Ember | C14: Unit | D14: 30000 | F14: 7500 | G14: 10 | H14: Ember | I14: Unit | J14: 7500 | K14: =D14-J14 -> 22500 | N14: 7500
A15: 11 | B15: Pipa Paralon/Slang | C15: Set | D15: 1500000 | F15: 1500000 | G15: 11 | H15: Pipa Paralon/Slang | I15: Set | J15: 1500000 | K15: =D15-J15 -> 0 | N15: 1500000
A16: 12 | B16: Mesin Alkon | C16: Unit | D16: 2112000 | F16: 2112000 | G16: 12 | H16: Mesin Alkon | I16: Unit | J16: 2112000 | K16: =D16-J16 -> 0 | N16: 2112000
A17: 13 | B17: Tiang Pagar - ulin | C17: Unit | D17: 30000 | F17: 30000 | G17: 13 | H17: Tiang Pagar - ulin | I17: Unit | J17: 30000 | K17: =D17-J17 -> 0 | N17: 30000
A18: 14 | B18: Kawat Duri | C18: Gulung | D18: 78843 | F18: 50000 | G18: 14 | H18: Kawat Duri | I18: Gulung | J18: 50000 | K18: =D18-J18 -> 28843 | N18: 50000
A19: 15 | B19: Paku | C19: Kg | D19: 18500 | F19: 17735 | G19: 15 | H19: Paku | I19: Kg | J19: 17735 | K19: =D19-J19 -> 765 | N19: 17735
A20: 16 | B20: Rumah Jaga | C20: Unit | D20: 5000000 | F20: 5000000 | G20: 16 | H20: Rumah Jaga | I20: Unit | J20: 5000000 | K20: =D20-J20 -> 0 | N20: 5000000
K21: =D21-J21 -> 0
A22: B | B22: Bahan-bahan | G22: B | H22: Bahan-bahan | K22: =D22-J22 -> 0
A23: 1 | B23: Kecambah (Socfindo) | C23: Butir | D23: 10000 | F23: 9500 | G23: 1 | H23: Kecambah (Socfindo) | I23: Butir | J23: 9500 | K23: =D23-J23 -> 500 | N23: 9500
A24: 2 | B24: Badan Naungan | C24: Unit | D24: 461201 | F24: 350000 | G24: 2 | H24: Badan Naungan | I24: Unit | J24: 350000 | K24: =D24-J24 -> 111201 | N24: 350000
A25: 3 | B25: Polybag (PN) | C25: Kg | D25: 22500 | F25: 139 | G25: 3 | H25: Polybag (PN) | I25: Lbr | J25: 139 | K25: =D25-J25 -> 22361 | N25: 139
A26: 4 | B26: Polybag (MN) | C26: Kg | D26: 45000 | F26: 1013 | G26: 4 | H26: Polybag (MN) | I26: Lbr | J26: 1013 | K26: =D26-J26 -> 43987 | N26: 1015
A27: 5 | B27: PJ | C27: Kg | D27: 98879 | F27: 260000 | G27: 5 | H27: PJ | I27: Kg | J27: 60360 | K27: =D27-J27 -> 38519 | N27: 200000
A28: 6 | B28: CM | C28: Kg | D28: 27497 | F28: 21000 | G28: 6 | H28: CM | I28: Kg | J28: 8385 | K28: =D28-J28 -> 19112 | N28: 21000
A29: 8 | B29: Rhizobium | C29: Kg | D29: 71654 | F29: 77135 | G29: 8 | H29: Rhizobium | I29: Kg | J29: 77135 | K29: =D29-J29 -> -5481 | N29: 77135
A30: 9 | B30: LCC MB | C30: Kg | D30: =[22]Sheet1!$F$32 -> 702065.43
A31: 10 | B31: Cat | C31: Kg | D31: 66759
A32: 11 | B32: Anak Pancang | C32: Buah | D32: 100
K33: =D33-J33 -> 0
A34: C | B34: Pupuk | G34: C | H34: Pupuk | K34: =D34-J34 -> 0
A35: 1 | B35: NPK 15.15.6.4 | C35: Kg | D35: =[22]Sheet1!$F$37 -> 5561.1 | F35: 4700 | G35: 1 | H35: NPK 15.15.6.4 | I35: Kg | J35: =7100+(7100*10%)+(7100*5%) -> 8165 | K35: =D35-J35 -> -2603.9 | N35: 4700
A36: 2 | B36: NPK 12.12.17.2 | C36: Kg | D36: =[22]Sheet1!$F$38 -> 6277.09 | F36: 4950 | G36: 2 | H36: NPK 12.12.17.2 | I36: Kg | J36: 8682.5 | K36: =D36-J36 -> -2405.41 | N36: 4950
A37: 3 | B37: Suburin | C37: Kg | D37: 7450 | F37: 8521.5 | G37: 3 | H37: Suburin | I37: Kg | J37: 8521.5 | K37: =D37-J37 -> -1071.5 | N37: 8521.5
A38: 4 | B38: Pupuk Kandang | C38: Kg | D38: 1115 | F38: 665 | G38: 4 | H38: Pupuk Kandang | I38: Kg | J38: 665 | K38: =D38-J38 -> 450 | N38: 665
A39: 5 | B39: Bayfolan | C39: Kg | D39: =[22]Sheet1!$F$41 -> 61795.55 | F39: 33925 | G39: 5 | H39: Bayfolan | I39: Ltr | J39: =29500+(29500*10%)+(29500*5%) -> 33925 | K39: =D39-J39 -> 27870.55 | N39: 33925
A40: 6 | B40: Urea | C40: Kg | D40: =[22]Sheet1!$F$42 -> 6444.51 | F40: 5099.6 | G40: 6 | H40: Urea | I40: Kg | J40: =2900+(2900*10%)+(2900*5%) -> 3335 | K40: =D40-J40 -> 3109.51 | N40: 5099.6
A41: 7 | B41: RP | C41: Kg | D41: =[22]Sheet1!$F$43 -> 2008.63 | F41: 2117.5 | G41: 7 | H41: RP | I41: Kg | J41: =1750+(1750*10%)+(1750*5%) -> 2012.5 | K41: =D41-J41 -> -3.87 | N41: 2117.5
A42: 8 | B42: MOP | C42: Kg | D42: =[22]Sheet1!$F$44 -> 5372.68 | F42: 5849.8 | G42: 8 | H42: MOP | I42: Kg | J42: =5750+(5750*10%)+(5750*5%) -> 6612.5 | K42: =D42-J42 -> -1239.82 | N42: 5849.8
A43: 9 | B43: Kieserite | C43: Kg | D43: =[22]Sheet1!$F$45 -> 3522.13 | F43: 1989.5 | G43: 9 | H43: Kieserite | I43: Kg | J43: 1989.5 | K43: =D43-J43 -> 1532.63 | N43: 1989.5
A44: 10 | B44: Borate | C44: Kg | D44: =[22]Sheet1!$F$46 -> 11419.34 | F44: 8580 | G44: 10 | H44: Borate | I44: Kg | J44: =10000+(10000*10%)+(10000*5%) -> 11500 | K44: =D44-J44 -> -80.66 | N44: 8580
A45: 11 | B45: Dolomite | C45: Kg | D45: 926 | F45: 539 | G45: 11 | H45: Dolomite | I45: Kg | J45: 1295 | K45: =D45-J45 -> -369 | N45: 539
A46: 12 | B46: OST | C46: Kg | D46: 2108 | F46: 3136.3605 | G46: 12 | H46: OST | I46: Kg | J46: =2727.27+(2727.27*10%)+(2727.27*5%) -> 3136.3605 | K46: =D46-J46 -> -1028.3605 | N46: 3136.3605
A47: 13 | B47: CRF | C47: Kg | D47: 35662.7
A48: 14 | B48: COOPER ZINC | C48: Kg | D48: =[22]Sheet1!$F$50 -> 27934
A49: 15 | B49: NPK 17-8-19+1,5 TE ( Palmo ) | C49: Kg | D49: 28751.6
A50: 16 | B50: NPK 15-15-15-1-3+TE ( Sawitree ) | C50: Kg | D50: 28102.7
K52: =D53-J52 -> 0
A53: D | B53: Pestisida | G53: D | H53: Pestisida | K53: =D54-J53 -> 315000
A54: 1 | B54: Bayleton | C54: Ltr | D54: 315000 | F54: 217935 | G54: 1 | H54: Bayleton | I54: Ltr | J54: 217935 | K54: =D55-J54 -> -60800 | N54: 217935
A55: 2 | B55: Daconil | C55: Ltr | D55: 157135 | F55: 157135 | G55: 2 | H55: Daconil | I55: Ltr | J55: 157135 | K55: =D56-J55 -> 1940 | N55: 157135
A56: 3 | B56: Decis | C56: Ltr | D56: 159075 | F56: 181635 | G56: 3 | H56: Decis | I56: Ltr | J56: 181635 | K56: =D57-J56 -> -133692.94 | N56: 181635
A57: 4 | B57: Glyphosat | C57: Ltr | D57: =[22]Sheet1!$F$58 -> 47942.06 | F57: 30000 | G57: 4 | H57: Glyphosat | I57: Ltr | J57: 45235 | K57: =D58-J57 -> 39765.05 | N57: 30000
A58: 5 | B58: Metil M.Sulfuron | C58: Kg | D58: =[22]Sheet1!$F$59 -> 85000.05 | F58: 200000 | G58: 5 | H58: Metil M.Sulfuron | I58: Kg | J58: 462135 | K58: =D59-J58 -> -437679.66 | N58: 200000
A59: 6 | B59: Parakuat | C59: Ltr | D59: =[22]Sheet1!$F$60 -> 24455.34 | F59: 39460 | G59: 6 | H59: Parakuat | I59: Ltr | J59: 39460 | K59: =D60-J59 -> -8018.23 | N59: 39460
A60: 7 | B60: Rodentisida | C60: Kg | D60: =[22]Sheet1!$F$61 -> 31441.77 | F60: 24335 | G60: 7 | H60: Rodentisida | I60: Kg | J60: 24335 | K60: =D61-J60 -> -24335 | N60: 24335
K61: =D62-J61 -> 0
A62: E | B62: Angkutan (km) | G62: E | H62: Angkutan (km) | K62: =D63-J62 -> 112
A63: 1 | B63: Material | C63: Kg | D63: 112 | F63: 112 | G63: 1 | H63: Material | I63: Kg | J63: 112 | K63: =D64-J63 -> 388 | N63: 112
A64: 2 | B64: Medan - Lokasi | C64: Btr | D64: 500 | F64: 400 | G64: 2 | H64: Medan - Lokasi | I64: Btr | J64: 300 | K64: =D65-J64 -> 77462 | N64: 400
A65: 3 | B65: Angkutan topsoil | C65: Rit | D65: 77762
A66: F | B66: Pekerja | G66: F | H66: Pekerja
A67: 1 | B67: Mandor | C67: Hk | D67: =176134*105% -> 184940.7 | F67: 66550 | G67: 1 | H67: Mandor | I67: Hk | J67: 50000 | K67: =D68-J67 -> 98028 | N67: 50000
A68: 2 | B68: Buruh | C68: Hk | D68: =[22]Sheet1!$F$70 -> 148028 | F68: 38720 | G68: 2 | H68: Buruh | I68: Hk | J68: 32000 | K68: =D69-J68 -> -32000 | N68: 32000

Sheet RKP 08
B1: RENCANA KERJA PROYEK ( RKP )
B2: PT. KUMAI SENTOSA | I2: =G58*E58 -> 2.1386846e+08
B3: Kebun Teluk Pulai | I3: =F58/E58 -> 611052.75
B5: LUAS : | D5: 350 | E5: Tahun Tanam 2026/2027/2028/2029
B6: No. | C6: Item | E6: Rencana | J6: TAHUN I ( 2026) | R6: TAHUN II ( 2027 ) | AB6: TAHUN III ( 2028 ) | AL6: TAHUN IV ( 2029 ) | AV6: TAHUN V ( 2030 ) | BF6: TAHUN VI ( 2031) | BP6: TAHUN VII ( 2032 )
E7: Proyek 4 Tahun | G7: Harga | H7: Rotasi | I7: Harga | J7: Catur Wulan 1 | L7: Catur Wulan 2 | N7: Catur Wulan 3 | P7: Jumlah Tahun I | R7: Catur Wulan 1 | T7: Catur Wulan 2 | V7: Catur Wulan 3 | X7: Jumlah Tahun II | Z7: Jumlah S/d Tahun II | AB7: Catur Wulan 1 | AD7: Catur Wulan 2 | AF7: Catur Wulan 3 | AH7: Jumlah Tahun III | AJ7: Jumlah S/d Tahun III | AL7: Catur Wulan 1 | AN7: Catur Wulan 2 | AP7: Catur Wulan 3 | AR7: Jumlah Tahun IV | AT7: Jumlah S/d Tahun IV | AV7: Catur Wulan 1 | AX7: Catur Wulan 2 | AZ7: Catur Wulan 3 | BB7: Jumlah Tahun V | BD7: Jumlah S/d Tahun V | BF7: Catur Wulan 1 | BH7: Catur Wulan 2 | BJ7: Catur Wulan 3 | BL7: Jumlah Tahun VI | BN7: Jumlah S/d Tahun VI | BP7: Catur Wulan 1 | BR7: Catur Wulan 2 | BT7: Catur Wulan 3 | BV7: Jumlah Tahun VII | BX7: Jumlah S/d Tahun VII
E8: Volume | F8: Biaya | G8: Satuan | H8: (Periode) | I8: (Rp/Ha/Rot) | J8: Fisik | K8: Biaya | L8: Fisik | M8: Biaya | N8: Fisik | O8: Biaya | P8: Fisik | Q8: Biaya | R8: Fisik | S8: Biaya | T8: Fisik | U8: Biaya | V8: Fisik | W8: Biaya | X8: Fisik | Y8: Biaya | Z8: Fisik | AA8: Biaya | AB8: Fisik | AC8: Biaya | AD8: Fisik | AE8: Biaya | AF8: Fisik | AG8: Biaya | AH8: Fisik | AI8: Biaya | AJ8: Fisik | AK8: Biaya | AL8: Fisik | AM8: Biaya | AN8: Fisik | AO8: Biaya | AP8: Fisik | AQ8: Biaya | AR8: Fisik | AS8: Biaya | AT8: Fisik | AU8: Biaya | AV8: Fisik | AW8: Biaya | AX8: Fisik | AY8: Biaya | AZ8: Fisik | BA8: Biaya | BB8: Fisik | BC8: Biaya | BD8: Fisik | BE8: Biaya | BF8: Fisik | BG8: Biaya | BH8: Fisik | BI8: Biaya | BJ8: Fisik | BK8: Biaya | BL8: Fisik | BM8: Biaya | BN8: Fisik | BO8: Biaya | BP8: Fisik | BQ8: Biaya | BR8: Fisik | BS8: Biaya | BT8: Fisik | BU8: Biaya | BV8: Fisik | BW8: Biaya | BX8: Fisik | BY8: Biaya | CI8: Perbandingan Cost / Ha
E9: ( Ha ) | F9: ( Rp ) | G9: ( Rp / Ha ) | J9: ( Ha ) | K9: ( Rp ) | L9: ( Ha ) | M9: ( Rp ) | N9: ( Ha ) | O9: ( Rp ) | P9: ( Ha ) | Q9: ( Rp ) | R9: ( Ha ) | S9: ( Rp ) | T9: ( Ha ) | U9: ( Rp ) | V9: ( Ha ) | W9: ( Rp ) | X9: ( Ha ) | Y9: ( Rp ) | Z9: ( Ha ) | AA9: ( Rp ) | AB9: ( Ha ) | AC9: ( Rp ) | AD9: ( Ha ) | AE9: ( Rp ) | AF9: ( Ha ) | AG9: ( Rp ) | AH9: ( Ha ) | AI9: ( Rp ) | AJ9: ( Ha ) | AK9: ( Rp ) | AL9: ( Ha ) | AM9: ( Rp ) | AN9: ( Ha ) | AO9: ( Rp ) | AP9: ( Ha ) | AQ9: ( Rp ) | AR9: ( Ha ) | AS9: ( Rp ) | AT9: ( Ha ) | AU9: ( Rp ) | AV9: ( Ha ) | AW9: ( Rp ) | AX9: ( Ha ) | AY9: ( Rp ) | AZ9: ( Ha ) | BA9: ( Rp ) | BB9: ( Ha ) | BC9: ( Rp ) | BD9: ( Ha ) | BE9: ( Rp ) | BF9: ( Ha ) | BG9: ( Rp ) | BH9: ( Ha ) | BI9: ( Rp ) | BJ9: ( Ha ) | BK9: ( Rp ) | BL9: ( Ha ) | BM9: ( Rp ) | BN9: ( Ha ) | BO9: ( Rp ) | BP9: ( Ha ) | BQ9: ( Rp ) | BR9: ( Ha ) | BS9: ( Rp ) | BT9: ( Ha ) | BU9: ( Rp ) | BV9: ( Ha ) | BW9: ( Rp ) | BX9: ( Ha ) | BY9: ( Rp ) | CI9: Mitra | CJ9: Plasma | CK9: Selisih
B10: A. | C10: TANAMAN & INFRASTRUKTUR KEBUN
B11: I | C11: TANAMAN
B12: 1 | C12: Pembukaan Lahan (Land Clearing)
C13: Mekanis | E13: =$D$5 -> 350 | F13: =E13*G13 -> 3.6107051e+09 | G13: ='Rekapitulasi Biaya'!C18 -> 10316300 | H13: 1 | I13: =G13/H13 -> 10316300 | J13: 0 | K13: =J13*$G13 -> 0 | L13: 200 | M13: =L13*$G13 -> 2063260038 | N13: 150 | O13: =N13*$G13 -> 1.547445e+09 | P13: =J13+L13+N13 -> 350 | Q13: =K13+M13+O13 -> 3.6107051e+09 | R13: 0 | S13: =R13*$G13 -> 0 | T13: 0 | U13: =T13*$G13 -> 0 | V13: 0 | W13: =V13*$G13 -> 0 | X13: =R13+T13+V13 -> 0 | Y13: =S13+U13+W13 -> 0 | Z13: =X13+P13 -> 350 | AA13: =Y13+Q13 -> 3.6107051e+09 | AC13: =AB13*$G13 -> 0 | AE13: =AD13*$G13 -> 0 | AG13: =AF13*$G13 -> 0 | AH13: =AB13+AD13+AF13 -> 0 | AI13: =AC13+AE13+AG13 -> 0 | AJ13: =AH13+Z13 -> 350 | AK13: =AI13+AA13 -> 3.6107051e+09 | AM13: =AL13*$G13 -> 0 | AO13: =AN13*$G13 -> 0 | AQ13: =AP13*$G13 -> 0 | AR13: =AL13+AN13+AP13 -> 0 | AS13: =AM13+AO13+AQ13 -> 0 | AT13: =AR13+AJ13 -> 350 | AU13: =AS13+AK13 -> 3.6107051e+09 | AW13: =AV13*$G13 -> 0 | AY13: =AX13*$G13 -> 0 | BA13: =AZ13*$G13 -> 0 | BB13: =AV13+AX13+AZ13 -> 0 | BC13: =AW13+AY13+BA13 -> 0 | BD13: =BB13+AT13 -> 350 | BE13: =BC13+AU13 -> 3.6107051e+09 | BG13: =BF13*$G13 -> 0 | BI13: =BH13*$G13 -> 0 | BK13: =BJ13*$G13 -> 0 | BL13: =BF13+BH13+BJ13 -> 0 | BM13: =BG13+BI13+BK13 -> 0 | BN13: =BL13+BD13 -> 350 | BO13: =BM13+BE13 -> 3.6107051e+09 | BQ13: =BP13*$G13 -> 0 | BS13: =BR13*$G13 -> 0 | BU13: =BT13*$G13 -> 0 | BV13: =BP13+BR13+BT13 -> 0 | BW13: =BQ13+BS13+BU13 -> 0 | BX13: =BV13+BN13 -> 350 | BY13: =BW13+BO13 -> 3.6107051e+09 | CA13: =E13*H13 -> 350 | CB13: =CA13-BX13 -> 0 | CC13: =E13-BX13 -> 0 | CD13: =F13-BY13 -> 0 | CE13: 8.8847695e+09 | CF13: =CE13-BY13 -> 5.2740644e+09 | CG13: =CF13-BZ13 -> 5.2740644e+09 | CI13: 7640840.6 | CJ13: 7640840.6 | CK13: 0
CA14: =E14*H14 -> 0 | CB14: =CA14-BX14 -> 0 | CC14: =E14-BX14 -> 0 | CD14: =F14-BY14 -> 0 | CF14: =CE14-BY14 -> 0 | CG14: =CF14-BZ14 -> 0 | CI14: 0 | CJ14: 0 | CK14: 0
C15: Total Pembukaan Lahan | F15: =SUM(F13:F14) -> 3.6107051e+09 | G15: =SUM(G13:G14) -> 10316300 | I15: =SUM(I13:I14) -> 10316300 | K15: =SUM(K13:K14) -> 0 | M15: =SUM(M13:M14) -> 2063260038 | O15: =SUM(O13:O14) -> 1.547445e+09 | Q15: =SUM(Q13:Q14) -> 3.6107051e+09 | S15: =SUM(S13:S14) -> 0 | U15: =SUM(U13:U14) -> 0 | W15: =SUM(W13:W14) -> 0 | Y15: =SUM(Y13:Y14) -> 0 | AA15: =SUM(AA13:AA14) -> 3.6107051e+09 | AC15: =SUM(AC13:AC14) -> 0 | AE15: =SUM(AE13:AE14) -> 0 | AG15: =SUM(AG13:AG14) -> 0 | AI15: =SUM(AI13:AI14) -> 0 | AK15: =SUM(AK13:AK14) -> 3.6107051e+09 | AM15: =SUM(AM13:AM14) -> 0 | AO15: =SUM(AO13:AO14) -> 0 | AQ15: =SUM(AQ13:AQ14) -> 0 | AS15: =SUM(AS13:AS14) -> 0 | AU15: =SUM(AU13:AU14) -> 3.6107051e+09 | AW15: =SUM(AW13:AW14) -> 0 | AY15: =SUM(AY13:AY14) -> 0 | BA15: =SUM(BA13:BA14) -> 0 | BC15: =SUM(BC13:BC14) -> 0 | BE15: =SUM(BE13:BE14) -> 3.6107051e+09 | BG15: =SUM(BG13:BG14) -> 0 | BI15: =SUM(BI13:BI14) -> 0 | BK15: =SUM(BK13:BK14) -> 0 | BM15: =SUM(BM13:BM14) -> 0 | BO15: =SUM(BO13:BO14) -> 3.6107051e+09 | BQ15: =SUM(BQ13:BQ14) -> 0 | BS15: =SUM(BS13:BS14) -> 0 | BU15: =SUM(BU13:BU14) -> 0 | BW15: =SUM(BW13:BW14) -> 0 | BY15: =SUM(BY13:BY14) -> 3.6107051e+09 | CA15: =E15*H15 -> 0 | CB15: =CA15-BX15 -> 0 | CC15: =E15-BX15 -> 0 | CD15: =F15-BY15 -> 0 | CE15: 8.8847695e+09 | CF15: =CE15-BY15 -> 5.2740644e+09 | CG15: =CF15-BZ15 -> 5.2740644e+09 | CI15: 7640840.6 | CJ15: 7640840.6 | CK15: 0
C16: Harga Satuan Land Clearing | CA16: =E16*H16 -> 0 | CB16: =CA16-BX16 -> 0 | CC16: =E16-BX16 -> 0 | CD16: =F16-BY16 -> 0 | CF16: =CE16-BY16 -> 0 | CG16: =CF16-BZ16 -> 0 | CI16: 0 | CJ16: 0 | CK16: 0
B17: 2 | C17: Persiapan Lahan | CA17: =E17*H17 -> 0 | CB17: =CA17-BX17 -> 0 | CC17: =E17-BX17 -> 0 | CD17: =F17-BY17 -> 0 | CF17: =CE17-BY17 -> 0 | CG17: =CF17-BZ17 -> 0 | CI17: 0 | CJ17: 0 | CK17: 0
C18: a. Nursery | CA18: =E18*H18 -> 0 | CB18: =CA18-BX18 -> 0 | CC18: =E18-BX18 -> 0 | CD18: =F18-BY18 -> 0 | CF18: =CE18-BY18 -> 0 | CG18: =CF18-BZ18 -> 0 | CI18: 0 | CJ18: 0 | CK18: 0
C19: Pre Nursery | E19: =$D$5 -> 350 | F19: =E19*G19 -> 7.3441523e+08 | G19: ='Rekapitulasi Biaya'!C19 -> 2098329.2 | H19: 1 | I19: =G19/H19 -> 2098329.2 | J19: 0 | K19: =J19*$G19 -> 0 | L19: 200 | M19: =L19*$G19 -> 4.1966585e+08 | N19: 150 | O19: =N19*$G19 -> 3.1474939e+08 | P19: =J19+L19+N19 -> 350 | Q19: =K19+M19+O19 -> 7.3441523e+08 | S19: =R19*$G19 -> 0 | U19: =T19*$G19 -> 0 | W19: =V19*$G19 -> 0 | X19: =R19+T19+V19 -> 0 | Y19: =S19+U19+W19 -> 0 | Z19: =X19+P19 -> 350 | AA19: =Y19+Q19 -> 7.3441523e+08 | AC19: =AB19*$G19 -> 0 | AE19: =AD19*$G19 -> 0 | AG19: =AF19*$G19 -> 0 | AH19: =AB19+AD19+AF19 -> 0 | AI19: =AC19+AE19+AG19 -> 0 | AJ19: =AH19+Z19 -> 350 | AK19: =AI19+AA19 -> 7.3441523e+08 | AM19: =AL19*$G19 -> 0 | AO19: =AN19*$G19 -> 0 | AQ19: =AP19*$G19 -> 0 | AR19: =AL19+AN19+AP19 -> 0 | AS19: =AM19+AO19+AQ19 -> 0 | AT19: =AR19+AJ19 -> 350 | AU19: =AS19+AK19 -> 7.3441523e+08 | AW19: =AV19*$G19 -> 0 | AY19: =AX19*$G19 -> 0 | BA19: =AZ19*$G19 -> 0 | BB19: =AV19+AX19+AZ19 -> 0 | BC19: =AW19+AY19+BA19 -> 0 | BD19: =BB19+AT19 -> 350 | BE19: =BC19+AU19 -> 7.3441523e+08 | BG19: =BF19*$G19 -> 0 | BI19: =BH19*$G19 -> 0 | BK19: =BJ19*$G19 -> 0 | BL19: =BF19+BH19+BJ19 -> 0 | BM19: =BG19+BI19+BK19 -> 0 | BN19: =BL19+BD19 -> 350 | BO19: =BM19+BE19 -> 7.3441523e+08 | BQ19: =BP19*$G19 -> 0 | BS19: =BR19*$G19 -> 0 | BU19: =BT19*$G19 -> 0 | BV19: =BP19+BR19+BT19 -> 0 | BW19: =BQ19+BS19+BU19 -> 0 | BX19: =BV19+BN19 -> 350 | BY19: =BW19+BO19 -> 7.3441523e+08 | CA19: =E19*H19 -> 350 | CB19: =CA19-BX19 -> 0 | CC19: =E19-BX19 -> 0 | CD19: =F19-BY19 -> 0 | CE19: 2.6941336e+09 | CF19: =CE19-BY19 -> 1.9597183e+09 | CG19: =CF19-BZ19 -> 1.9597183e+09 | CI19: 2316936.3 | CJ19: 2316936.3 | CK19: 0
C20: Main Nursery | E20: =$D$5 -> 350 | F20: =E20*G20 -> 2.116286e+09 | G20: ='Rekapitulasi Biaya'!C20 -> 6046531.3 | H20: 1 | I20: =G20/H20 -> 6046531.3 | J20: =J19 -> 0 | K20: =J20*$G20 -> 0 | L20: =L19 -> 200 | M20: =L20*$G20 -> 1.2093063e+09 | N20: 150 | O20: =N20*$G20 -> 9.069797e+08 | P20: =J20+L20+N20 -> 350 | Q20: =K20+M20+O20 -> 2.116286e+09 | S20: =R20*$G20 -> 0 | U20: =T20*$G20 -> 0 | W20: =V20*$G20 -> 0 | X20: =R20+T20+V20 -> 0 | Y20: =S20+U20+W20 -> 0 | Z20: =X20+P20 -> 350 | AA20: =Y20+Q20 -> 2.116286e+09 | AC20: =AB20*$G20 -> 0 | AE20: =AD20*$G20 -> 0 | AG20: =AF20*$G20 -> 0 | AH20: =AB20+AD20+AF20 -> 0 | AI20: =AC20+AE20+AG20 -> 0 | AJ20: =AH20+Z20 -> 350 | AK20: =AI20+AA20 -> 2.116286e+09 | AM20: =AL20*$G20 -> 0 | AO20: =AN20*$G20 -> 0 | AQ20: =AP20*$G20 -> 0 | AR20: =AL20+AN20+AP20 -> 0 | AS20: =AM20+AO20+AQ20 -> 0 | AT20: =AR20+AJ20 -> 350 | AU20: =AS20+AK20 -> 2.116286e+09 | AW20: =AV20*$G20 -> 0 | AY20: =AX20*$G20 -> 0 | BA20: =AZ20*$G20 -> 0 | BB20: =AV20+AX20+AZ20 -> 0 | BC20: =AW20+AY20+BA20 -> 0 | BD20: =BB20+AT20 -> 350 | BE20: =BC20+AU20 -> 2.116286e+09 | BG20: =BF20*$G20 -> 0 | BI20: =BH20*$G20 -> 0 | BK20: =BJ20*$G20 -> 0 | BL20: =BF20+BH20+BJ20 -> 0 | BM20: =BG20+BI20+BK20 -> 0 | BN20: =BL20+BD20 -> 350 | BO20: =BM20+BE20 -> 2.116286e+09 | BQ20: =BP20*$G20 -> 0 | BS20: =BR20*$G20 -> 0 | BU20: =BT20*$G20 -> 0 | BV20: =BP20+BR20+BT20 -> 0 | BW20: =BQ20+BS20+BU20 -> 0 | BX20: =BV20+BN20 -> 350 | BY20: =BW20+BO20 -> 2.116286e+09 | CA20: =E20*H20 -> 350 | CB20: =CA20-BX20 -> 0 | CC20: =E20-BX20 -> 0 | CD20: =F20-BY20 -> 0 | CE20: 7.8373505e+09 | CF20: =CE20-BY20 -> 5.7210645e+09 | CG20: =CF20-BZ20 -> 5.7210645e+09 | CI20: 6740067.5 | CJ20: 6740067.5 | CK20: 0
C21: Sub Total Pembibitan | F21: =SUM(F19:F20) -> 2.8507012e+09 | G21: =SUM(G19:G20) -> 8144860.6 | I21: =SUM(I19:I20) -> 8144860.6 | K21: =SUM(K19:K20) -> 0 | M21: =SUM(M19:M20) -> 1.6289721e+09 | O21: =SUM(O19:O20) -> 1.2217291e+09 | Q21: =SUM(Q19:Q20) -> 2.8507012e+09 | S21: =SUM(S19:S20) -> 0 | U21: =SUM(U19:U20) -> 0 | W21: =SUM(W19:W20) -> 0 | Y21: =SUM(Y19:Y20) -> 0 | AA21: =SUM(AA19:AA20) -> 2.8507012e+09 | AC21: =SUM(AC19:AC20) -> 0 | AE21: =SUM(AE19:AE20) -> 0 | AG21: =SUM(AG19:AG20) -> 0 | AI21: =SUM(AI19:AI20) -> 0 | AK21: =SUM(AK19:AK20) -> 2.8507012e+09 | AM21: =SUM(AM19:AM20) -> 0 | AO21: =SUM(AO19:AO20) -> 0 | AQ21: =SUM(AQ19:AQ20) -> 0 | AS21: =SUM(AS19:AS20) -> 0 | AU21: =SUM(AU19:AU20) -> 2.8507012e+09 | AW21: =SUM(AW19:AW20) -> 0 | AY21: =SUM(AY19:AY20) -> 0 | BA21: =SUM(BA19:BA20) -> 0 | BC21: =SUM(BC19:BC20) -> 0 | BE21: =SUM(BE19:BE20) -> 2.8507012e+09 | BG21: =SUM(BG19:BG20) -> 0 | BI21: =SUM(BI19:BI20) -> 0 | BK21: =SUM(BK19:BK20) -> 0 | BM21: =SUM(BM19:BM20) -> 0 | BO21: =SUM(BO19:BO20) -> 2.8507012e+09 | BQ21: =SUM(BQ19:BQ20) -> 0 | BS21: =SUM(BS19:BS20) -> 0 | BU21: =SUM(BU19:BU20) -> 0 | BW21: =SUM(BW19:BW20) -> 0 | BY21: =SUM(BY19:BY20) -> 2.8507012e+09 | CA21: =E21*H21 -> 0 | CB21: =CA21-BX21 -> 0 | CC21: =E21-BX21 -> 0 | CD21: =F21-BY21 -> 0 | CE21: 1.0531484e+10 | CF21: =CE21-BY21 -> 7.6807829e+09 | CG21: =CF21-BZ21 -> 7.6807829e+09 | CI21: 9057003.8 | CJ21: 9057003.8 | CK21: 0
C22: b. Aplikasi Bahan Organik | E22: =$D$5 -> 350 | F22: =E22*G22 -> 9.237438e+08 | G22: ='Rekapitulasi Biaya'!C22 -> 2639268 | H22: 1 | I22: =G22/H22 -> 2639268 | K22: =J22*$G22 -> 0 | L22: 200 | M22: =L22*$G22 -> 5.278536e+08 | N22: 150 | O22: =N22*$G22 -> 3.958902e+08 | P22: =J22+L22+N22 -> 350 | Q22: =K22+M22+O22 -> 9.237438e+08 | R22: 0 | S22: =R22*$G22 -> 0 | T22: 0 | U22: =T22*$G22 -> 0 | V22: 0 | W22: =V22*$G22 -> 0 | X22: 0 | Y22: =S22+U22+W22 -> 0 | Z22: =X22+P22 -> 350 | AA22: =Y22+Q22 -> 9.237438e+08 | AB22: 0 | AC22: =AB22*$G22 -> 0 | AD22: 0 | AE22: =AD22*$G22 -> 0 | AG22: =AF22*$G22 -> 0 | AH22: 0 | AI22: =AC22+AE22+AG22 -> 0 | AJ22: =AH22+Z22 -> 350 | AK22: =AI22+AA22 -> 9.237438e+08 | AM22: =AL22*$G22 -> 0 | AO22: =AN22*$G22 -> 0 | AQ22: =AP22*$G22 -> 0 | AR22: =AL22+AN22+AP22 -> 0 | AS22: =AM22+AO22+AQ22 -> 0 | AT22: =AR22+AJ22 -> 350 | AU22: =AS22+AK22 -> 9.237438e+08 | AW22: =AV22*$G22 -> 0 | AY22: =AX22*$G22 -> 0 | BA22: =AZ22*$G22 -> 0 | BB22: =AV22+AX22+AZ22 -> 0 | BC22: =AW22+AY22+BA22 -> 0 | BD22: =BB22+AT22 -> 350 | BE22: =BC22+AU22 -> 9.237438e+08 | BG22: =BF22*$G22 -> 0 | BI22: =BH22*$G22 -> 0 | BK22: =BJ22*$G22 -> 0 | BL22: =BF22+BH22+BJ22 -> 0 | BM22: =BG22+BI22+BK22 -> 0 | BN22: =BL22+BD22 -> 350 | BO22: =BM22+BE22 -> 9.237438e+08 | BQ22: =BP22*$G22 -> 0 | BS22: =BR22*$G22 -> 0 | BU22: =BT22*$G22 -> 0 | BV22: =BP22+BR22+BT22 -> 0 | BW22: =BQ22+BS22+BU22 -> 0 | BX22: =BV22+BN22 -> 350 | BY22: =BW22+BO22 -> 9.237438e+08 | CA22: =E22*H22 -> 350 | CB22: =CA22-BX22 -> 0 | CC22: =E22-BX22 -> 0 | CD22: =F22-BY22 -> 0 | CE22: 1.7801121e+09 | CF22: =CE22-BY22 -> 8.5636827e+08 | CG22: =CF22-BZ22 -> 8.5636827e+08 | CI22: 1530884.1 | CJ22: 1530884.1 | CK22: 0
C23: Penanaman | E23: =$D$5 -> 350 | K23: =J23*$G23 -> 0 | M23: =L23*$G23 -> 0 | O23: =N23*$G23 -> 0 | P23: =J23+L23+N23 -> 0 | Q23: =K23+M23+O23 -> 0 | S23: =R23*$G23 -> 0 | U23: =T23*$G23 -> 0 | W23: =V23*$G23 -> 0 | X23: =R23+T23+V23 -> 0 | Y23: =S23+U23+W23 -> 0 | Z23: =X23+P23 -> 0 | AA23: =Y23+Q23 -> 0 | AC23: =AB23*$G23 -> 0 | AE23: =AD23*$G23 -> 0 | AG23: =AF23*$G23 -> 0 | AH23: =AB23+AD23+AF23 -> 0 | AI23: =AC23+AE23+AG23 -> 0 | AJ23: =AH23+Z23 -> 0 | AK23: =AI23+AA23 -> 0 | AM23: =AL23*$G23 -> 0 | AO23: =AN23*$G23 -> 0 | AQ23: =AP23*$G23 -> 0 | AR23: =AL23+AN23+AP23 -> 0 | AS23: =AM23+AO23+AQ23 -> 0 | AT23: =AR23+AJ23 -> 0 | AU23: =AS23+AK23 -> 0 | AW23: =AV23*$G23 -> 0 | AY23: =AX23*$G23 -> 0 | BA23: =AZ23*$G23 -> 0 | BB23: =AV23+AX23+AZ23 -> 0 | BC23: =AW23+AY23+BA23 -> 0 | BD23: =BB23+AT23 -> 0 | BE23: =BC23+AU23 -> 0 | BG23: =BF23*$G23 -> 0 | BI23: =BH23*$G23 -> 0 | BK23: =BJ23*$G23 -> 0 | BL23: =BF23+BH23+BJ23 -> 0 | BM23: =BG23+BI23+BK23 -> 0 | BN23: =BL23+BD23 -> 0 | BO23: =BM23+BE23 -> 0 | BQ23: =BP23*$G23 -> 0 | BS23: =BR23*$G23 -> 0 | BU23: =BT23*$G23 -> 0 | BV23: =BP23+BR23+BT23 -> 0 | BW23: =BQ23+BS23+BU23 -> 0 | BX23: =BV23+BN23 -> 0 | BY23: =BW23+BO23 -> 0 | CA23: =E23*H23 -> 0 | CB23: =CA23-BX23 -> 0 | CC23: =E23-BX23 -> 350 | CD23: =F23-BY23 -> 0 | CE23: 0 | CF23: =CE23-BY23 -> 0 | CG23: =CF23-BZ23 -> 0 | CI23: 0 | CJ23: 0 | CK23: 0
C24: Pemeliharaan | E24: =$D$5 -> 350 | P24: =J24+L24+N24 -> 0 | Z24: =X24+P24 -> 0 | AA24: =Y24+Q24 -> 0 | AJ24: =AH24+Z24 -> 0 | AK24: =AI24+AA24 -> 0 | AT24: =AR24+AJ24 -> 0 | AU24: =AS24+AK24 -> 0 | BD24: =BB24+AT24 -> 0 | BE24: =BC24+AU24 -> 0 | BN24: =BL24+BD24 -> 0 | BO24: =BM24+BE24 -> 0 | BX24: =BV24+BN24 -> 0 | BY24: =BW24+BO24 -> 0 | CA24: =E24*H24 -> 0 | CB24: =CA24-BX24 -> 0 | CC24: =E24-BX24 -> 350 | CD24: =F24-BY24 -> 0 | CE24: 0 | CF24: =CE24-BY24 -> 0 | CG24: =CF24-BZ24 -> 0 | CI24: 0 | CJ24: 0 | CK24: 0
C25: Sub Total Tanam LCC | E25: =$D$5 -> 350 | I25: =SUM(I22:I24) -> 2639268 | P25: =J25+L25+N25 -> 0 | Z25: =X25+P25 -> 0 | AA25: =Y25+Q25 -> 0 | AJ25: =AH25+Z25 -> 0 | AK25: =AI25+AA25 -> 0 | AT25: =AR25+AJ25 -> 0 | AU25: =AS25+AK25 -> 0 | BD25: =BB25+AT25 -> 0 | BE25: =BC25+AU25 -> 0 | BN25: =BL25+BD25 -> 0 | BO25: =BM25+BE25 -> 0 | BX25: =BV25+BN25 -> 0 | BY25: =BW25+BO25 -> 0 | CA25: =E25*H25 -> 0 | CB25: =CA25-BX25 -> 0 | CC25: =E25-BX25 -> 350 | CD25: =F25-BY25 -> 0 | CE25: 0 | CF25: =CE25-BY25 -> 0 | CG25: =CF25-BZ25 -> 0 | CI25: 0 | CJ25: 0 | CK25: 0
C26: c. Tanam Kelapa Sawit | E26: =$D$5 -> 350 | F26: =E26*G26 -> 1444166542 | G26: ='Rekapitulasi Biaya'!C23 -> 4126190.1 | H26: 1 | I26: =G26/H26 -> 4126190.1 | J26: 0 | K26: =J26*$G26 -> 0 | L26: 200 | M26: =L26*$G26 -> 825238024 | N26: 150 | O26: =N26*$G26 -> 618928518 | P26: =J26+L26+N26 -> 350 | Q26: =K26+M26+O26 -> 1444166542 | R26: 0 | S26: =R26*$I26 -> 0 | T26: 0 | U26: =T26*$I26 -> 0 | V26: 0 | W26: =V26*$I26 -> 0 | X26: 0 | Y26: =S26+U26+W26 -> 0 | Z26: =X26+P26 -> 350 | AA26: =Y26+Q26 -> 1444166542 | AB26: 0 | AC26: =AB26*$I26 -> 0 | AE26: =AD26*$I26 -> 0 | AG26: =AF26*$I26 -> 0 | AH26: 0 | AI26: =AC26+AE26+AG26 -> 0 | AJ26: =AH26+Z26 -> 350 | AK26: =AI26+AA26 -> 1444166542 | AM26: =AL26*$I26 -> 0 | AO26: =AN26*$I26 -> 0 | AQ26: =AP26*$I26 -> 0 | AR26: =AL26+AN26+AP26 -> 0 | AS26: =AM26+AO26+AQ26 -> 0 | AT26: =AR26+AJ26 -> 350 | AU26: =AS26+AK26 -> 1444166542 | AW26: =AV26*$I26 -> 0 | AY26: =AX26*$I26 -> 0 | BA26: =AZ26*$I26 -> 0 | BB26: =AV26+AX26+AZ26 -> 0 | BC26: =AW26+AY26+BA26 -> 0 | BD26: =BB26+AT26 -> 350 | BE26: =BC26+AU26 -> 1444166542 | BG26: =BF26*$I26 -> 0 | BI26: =BH26*$I26 -> 0 | BK26: =BJ26*$I26 -> 0 | BL26: =BF26+BH26+BJ26 -> 0 | BM26: =BG26+BI26+BK26 -> 0 | BN26: =BL26+BD26 -> 350 | BO26: =BM26+BE26 -> 1444166542 | BQ26: =BP26*$I26 -> 0 | BS26: =BR26*$I26 -> 0 | BU26: =BT26*$I26 -> 0 | BV26: =BP26+BR26+BT26 -> 0 | BW26: =BQ26+BS26+BU26 -> 0 | BX26: =BV26+BN26 -> 350 | BY26: =BW26+BO26 -> 1444166542 | CA26: =E26*H26 -> 350 | CB26: =CA26-BX26 -> 0 | CC26: =E26-BX26 -> 0 | CD26: =F26-BY26 -> 0 | CE26: 5.1506828e+09 | CF26: =CE26-BY26 -> 3.7065162e+09 | CG26: =CF26-BZ26 -> 3.7065162e+09 | CI26: 4429551.7 | CJ26: 4429551.8 | CK26: 0
P27: =J27+L27+N27 -> 0 | Q27: =K27+M27+O27 -> 0 | X27: =R27+T27+V27 -> 0 | Y27: =S27+U27+W27 -> 0 | AH27: =AB27+AD27+AF27 -> 0 | AI27: =AC27+AE27+AG27 -> 0 | AR27: =AL27+AN27+AP27 -> 0 | AS27: =AM27+AO27+AQ27 -> 0 | BB27: =AV27+AX27+AZ27 -> 0 | BC27: =AW27+AY27+BA27 -> 0 | BL27: =BF27+BH27+BJ27 -> 0 | BM27: =BG27+BI27+BK27 -> 0 | BV27: =BP27+BR27+BT27 -> 0 | BW27: =BQ27+BS27+BU27 -> 0 | CA27: =E27*H27 -> 0 | CB27: =CA27-BX27 -> 0 | CC27: =E27-BX27 -> 0 | CD27: =F27-BY27 -> 0 | CF27: =CE27-BY27 -> 0 | CG27: =CF27-BZ27 -> 0 | CI27: 0 | CJ27: 0 | CK27: 0
CA28: =E28*H28 -> 0 | CB28: =CA28-BX28 -> 0 | CC28: =E28-BX28 -> 0 | CD28: =F28-BY28 -> 0 | CF28: =CE28-BY28 -> 0 | CG28: =CF28-BZ28 -> 0 | CI28: 0 | CJ28: 0 | CK28: 0
CA29: =E29*H29 -> 0 | CB29: =CA29-BX29 -> 0 | CC29: =E29-BX29 -> 0 | CD29: =F29-BY29 -> 0 | CF29: =CE29-BY29 -> 0 | CG29: =CF29-BZ29 -> 0 | CI29: 0 | CJ29: 0 | CK29: 0
CA30: =E30*H30 -> 0 | CB30: =CA30-BX30 -> 0 | CC30: =E30-BX30 -> 0 | CD30: =F30-BY30 -> 0 | CF30: =CE30-BY30 -> 0 | CG30: =CF30-BZ30 -> 0 | CI30: 0 | CJ30: 0 | CK30: 0
C31: Total Persiapan Lahan | F31: =F21+F22+F26 -> 5.2186115e+09 | G31: =G21+G22+G26 -> 14910319 | I31: =I21+I22+I26 -> 14910319 | K31: =K21+K22+K26 -> 0 | M31: =M21+M22+M26 -> 2.9820637e+09 | O31: =O21+O22+O26 -> 2.2365478e+09 | Q31: =Q21+Q22+Q26 -> 5.2186115e+09 | S31: =S21+S22+S26 -> 0 | U31: =U21+U22+U26 -> 0 | W31: =W21+W22+W26 -> 0 | Y31: =Y21+Y22+Y26 -> 0 | AA31: =AA21+AA22+AA26 -> 5.2186115e+09 | AC31: =AC21+AC22+AC26 -> 0 | AE31: =AE21+AE22+AE26 -> 0 | AG31: =AG21+AG22+AG26 -> 0 | AI31: =AI21+AI22+AI26 -> 0 | AK31: =AK21+AK22+AK26 -> 5.2186115e+09 | AM31: =AM21+AM22+AM26 -> 0 | AO31: =AO21+AO22+AO26 -> 0 | AQ31: =AQ21+AQ22+AQ26 -> 0 | AS31: =AS21+AS22+AS26 -> 0 | AU31: =AU21+AU22+AU26 -> 5.2186115e+09 | AW31: =AW21+AW22+AW26 -> 0 | AY31: =AY21+AY22+AY26 -> 0 | BA31: =BA21+BA22+BA26 -> 0 | BC31: =BC21+BC22+BC26 -> 0 | BE31: =BE21+BE22+BE26 -> 5.2186115e+09 | BG31: =BG21+BG22+BG26 -> 0 | BI31: =BI21+BI22+BI26 -> 0 | BK31: =BK21+BK22+BK26 -> 0 | BM31: =BM21+BM22+BM26 -> 0 | BO31: =BO21+BO22+BO26 -> 5.2186115e+09 | BQ31: =BQ21+BQ22+BQ26 -> 0 | BS31: =BS21+BS22+BS26 -> 0 | BU31: =BU21+BU22+BU26 -> 0 | BW31: =BW21+BW22+BW26 -> 0 | BY31: =BY21+BY22+BY26 -> 5.2186115e+09 | CA31: =E31*H31 -> 0 | CB31: =CA31-BX31 -> 0 | CC31: =E31-BX31 -> 0 | CD31: =F31-BY31 -> 0 | CE31: 1.7462279e+10 | CF31: =CE31-BY31 -> 1.2243667e+10 | CG31: =CF31-BZ31 -> 1.2243667e+10 | CI31: 15017440 | CJ31: 15017440 | CK31: 0
CA32: =E32*H32 -> 0 | CB32: =CA32-BX32 -> 0 | CC32: =E32-BX32 -> 0 | CD32: =F32-BY32 -> 0 | CF32: =CE32-BY32 -> 0 | CG32: =CF32-BZ32 -> 0 | CI32: 0 | CJ32: 0 | CK32: 0
B33: 3 | C33: Pemeliharaan TBM-1 | E33: =$D$5 -> 350 | F33: =E33*G33 -> 4.915516e+09 | G33: ='Rekapitulasi Biaya'!C24 -> 14044331 | H33: 1 | I33: =G33/H33 -> 14044331 | K33: =J33*$G33 -> 0 | M33: =L33*$G33 -> 0 | O33: =N33*$G33 -> 0 | P33: =J33+L33+N33 -> 0 | Q33: =K33+M33+O33 -> 0 | R33: 200 | S33: =R33*$G33 -> 2.8088663e+09 | T33: 150 | U33: =T33*$G33 -> 2.1066497e+09 | V33: 0 | W33: =V33*$G33 -> 0 | X33: =V33+T33+R33 -> 350 | Y33: =S33+U33+W33 -> 4.915516e+09 | Z33: =X33+P33 -> 350 | AA33: =Y33+Q33 -> 4.915516e+09 | AB33: 0 | AC33: =AB33*$G33 -> 0 | AD33: 0 | AE33: =AD33*$G33 -> 0 | AF33: 0 | AG33: =AF33*$G33 -> 0 | AH33: =AF33+AD33+AB33 -> 0 | AI33: =AC33+AE33+AG33 -> 0 | AJ33: =AH33+Z33 -> 350 | AK33: =AI33+AA33 -> 4.915516e+09 | AL33: 0 | AM33: =AL33*$G33 -> 0 | AN33: =AL33 -> 0 | AO33: =AN33*$G33 -> 0 | AP33: =AN33 -> 0 | AQ33: =AP33*$G33 -> 0 | AR33: 0 | AS33: =AM33+AO33+AQ33 -> 0 | AT33: =AR33+AJ33 -> 350 | AU33: =AS33+AK33 -> 4.915516e+09 | AW33: =AV33*$G33 -> 0 | AY33: =AX33*$G33 -> 0 | BA33: =AZ33*$G33 -> 0 | BB33: =AV33+AX33+AZ33 -> 0 | BC33: =AW33+AY33+BA33 -> 0 | BD33: =BB33+AT33 -> 350 | BE33: =BC33+AU33 -> 4.915516e+09 | BG33: =BF33*$G33 -> 0 | BI33: =BH33*$G33 -> 0 | BK33: =BJ33*$G33 -> 0 | BL33: =BF33+BH33+BJ33 -> 0 | BM33: =BG33+BI33+BK33 -> 0 | BN33: =BL33+BD33 -> 350 | BO33: =BM33+BE33 -> 4.915516e+09 | BQ33: =BP33*$G33 -> 0 | BS33: =BR33*$G33 -> 0 | BU33: =BT33*$G33 -> 0 | BV33: =BP33+BR33+BT33 -> 0 | BW33: =BQ33+BS33+BU33 -> 0 | BX33: =BV33+BN33 -> 350 | BY33: =BW33+BO33 -> 4.915516e+09 | CA33: =E33*H33 -> 350 | CB33: =CA33-BX33 -> 0 | CC33: =E33-BX33 -> 0 | CD33: =F33-BY33 -> 0 | CE33: 1.5604327e+10 | CF33: =CE33-BY33 -> 1.0688811e+10 | CG33: =CF33-BZ33 -> 1.0688811e+10 | CI33: 13419614 | CJ33: 13419614 | CK33: 0
C34: Pembersihan Piringan/Gawangan | E34: =$D$5 -> 350 | P34: =J34+L34+N34 -> 0 | Q34: =K34+M34+O34 -> 0 | X34: =R34+T34+V34 -> 0 | Y34: =S34+U34+W34 -> 0 | Z34: =X34+P34 -> 0 | AA34: =Y34+Q34 -> 0 | AH34: =AF34+AD34+AB34 -> 0 | AI34: =AC34+AE34+AG34 -> 0 | AJ34: =AH34+Z34 -> 0 | AK34: =AI34+AA34 -> 0 | AR34: =AL34+AN34+AP34 -> 0 | AS34: =AM34+AO34+AQ34 -> 0 | AT34: =AR34+AJ34 -> 0 | AU34: =AS34+AK34 -> 0 | BB34: =AV34+AX34+AZ34 -> 0 | BC34: =AW34+AY34+BA34 -> 0 | BD34: =BB34+AT34 -> 0 | BE34: =BC34+AU34 -> 0 | BL34: =BF34+BH34+BJ34 -> 0 | BM34: =BG34+BI34+BK34 -> 0 | BN34: =BL34+BD34 -> 0 | BO34: =BM34+BE34 -> 0 | BV34: =BP34+BR34+BT34 -> 0 | BW34: =BQ34+BS34+BU34 -> 0 | BX34: =BV34+BN34 -> 0 | BY34: =BW34+BO34 -> 0 | CA34: =E34*H34 -> 0 | CB34: =CA34-BX34 -> 0 | CC34: =E34-BX34 -> 350 | CD34: =F34-BY34 -> 0 | CE34: 0 | CF34: =CE34-BY34 -> 0 | CG34: =CF34-BZ34 -> 0 | CI34: 0 | CJ34: 0 | CK34: 0
C35: ='Tingkat Jalan Mineral'!G20 -> 998942.8 | E35: =$D$5 -> 350 | P35: =J35+L35+N35 -> 0 | Q35: =K35+M35+O35 -> 0 | X35: =R35+T35+V35 -> 0 | Y35: =S35+U35+W35 -> 0 | Z35: =X35+P35 -> 0 | AA35: =Y35+Q35 -> 0 | AH35: =AF35+AD35+AB35 -> 0 | AI35: =AC35+AE35+AG35 -> 0 | AJ35: =AH35+Z35 -> 0 | AK35: =AI35+AA35 -> 0 | AR35: =AL35+AN35+AP35 -> 0 | AS35: =AM35+AO35+AQ35 -> 0 | AT35: =AR35+AJ35 -> 0 | AU35: =AS35+AK35 -> 0 | BB35: =AV35+AX35+AZ35 -> 0 | BC35: =AW35+AY35+BA35 -> 0 | BD35: =BB35+AT35 -> 0 | BE35: =BC35+AU35 -> 0 | BL35: =BF35+BH35+BJ35 -> 0 | BM35: =BG35+BI35+BK35 -> 0 | BN35: =BL35+BD35 -> 0 | BO35: =BM35+BE35 -> 0 | BV35: =BP35+BR35+BT35 -> 0 | BW35: =BQ35+BS35+BU35 -> 0 | BX35: =BV35+BN35 -> 0 | BY35: =BW35+BO35 -> 0 | CA35: =E35*H35 -> 0 | CB35: =CA35-BX35 -> 0 | CC35: =E35-BX35 -> 350 | CD35: =F35-BY35 -> 0 | CE35: 0 | CF35: =CE35-BY35 -> 0 | CG35: =CF35-BZ35 -> 0 | CI35: 0 | CJ35: 0 | CK35: 0
C36: ='Tingkat Jalan Mineral'!Q20 -> 1522646.8 | E36: =$D$5 -> 350 | P36: =J36+L36+N36 -> 0 | Q36: =K36+M36+O36 -> 0 | X36: =R36+T36+V36 -> 0 | Y36: =S36+U36+W36 -> 0 | Z36: =X36+P36 -> 0 | AA36: =Y36+Q36 -> 0 | AH36: =AF36+AD36+AB36 -> 0 | AI36: =AC36+AE36+AG36 -> 0 | AJ36: =AH36+Z36 -> 0 | AK36: =AI36+AA36 -> 0 | AR36: =AL36+AN36+AP36 -> 0 | AS36: =AM36+AO36+AQ36 -> 0 | AT36: =AR36+AJ36 -> 0 | AU36: =AS36+AK36 -> 0 | BB36: =AV36+AX36+AZ36 -> 0 | BC36: =AW36+AY36+BA36 -> 0 | BD36: =BB36+AT36 -> 0 | BE36: =BC36+AU36 -> 0 | BL36: =BF36+BH36+BJ36 -> 0 | BM36: =BG36+BI36+BK36 -> 0 | BN36: =BL36+BD36 -> 0 | BO36: =BM36+BE36 -> 0 | BV36: =BP36+BR36+BT36 -> 0 | BW36: =BQ36+BS36+BU36 -> 0 | BX36: =BV36+BN36 -> 0 | BY36: =BW36+BO36 -> 0 | CA36: =E36*H36 -> 0 | CB36: =CA36-BX36 -> 0 | CC36: =E36-BX36 -> 350 | CD36: =F36-BY36 -> 0 | CE36: 0 | CF36: =CE36-BY36 -> 0 | CG36: =CF36-BZ36 -> 0 | CI36: 0 | CJ36: 0 | CK36: 0
C37: ='Drainase Tnh Mineral '!Q21 -> 581740 | E37: =$D$5 -> 350 | P37: =J37+L37+N37 -> 0 | Q37: =K37+M37+O37 -> 0 | X37: =R37+T37+V37 -> 0 | Y37: =S37+U37+W37 -> 0 | Z37: =X37+P37 -> 0 | AA37: =Y37+Q37 -> 0 | AH37: =AF37+AD37+AB37 -> 0 | AI37: =AC37+AE37+AG37 -> 0 | AJ37: =AH37+Z37 -> 0 | AK37: =AI37+AA37 -> 0 | AR37: =AL37+AN37+AP37 -> 0 | AS37: =AM37+AO37+AQ37 -> 0 | AT37: =AR37+AJ37 -> 0 | AU37: =AS37+AK37 -> 0 | BB37: =AV37+AX37+AZ37 -> 0 | BC37: =AW37+AY37+BA37 -> 0 | BD37: =BB37+AT37 -> 0 | BE37: =BC37+AU37 -> 0 | BL37: =BF37+BH37+BJ37 -> 0 | BM37: =BG37+BI37+BK37 -> 0 | BN37: =BL37+BD37 -> 0 | BO37: =BM37+BE37 -> 0 | BV37: =BP37+BR37+BT37 -> 0 | BW37: =BQ37+BS37+BU37 -> 0 | BX37: =BV37+BN37 -> 0 | BY37: =BW37+BO37 -> 0 | CA37: =E37*H37 -> 0 | CB37: =CA37-BX37 -> 0 | CC37: =E37-BX37 -> 350 | CD37: =F37-BY37 -> 0 | CE37: 0 | CF37: =CE37-BY37 -> 0 | CG37: =CF37-BZ37 -> 0 | CI37: 0 | CJ37: 0 | CK37: 0
B38: 4 | C38: Pemeliharaan TBM-2 | E38: =$D$5 -> 350 | F38: =E38*G38 -> 6.5254319e+09 | G38: ='Rekapitulasi Biaya'!C25 -> 18644091 | H38: 1 | I38: =G38/H38 -> 18644091 | K38: =J38*$G38 -> 0 | M38: =L38*$G38 -> 0 | O38: =N38*$G38 -> 0 | P38: =J38+L38+N38 -> 0 | Q38: =K38+M38+O38 -> 0 | S38: =R38*$G38 -> 0 | U38: =T38*$G38 -> 0 | W38: =V38*$G38 -> 0 | X38: =R38+T38+V38 -> 0 | Y38: =S38+U38+W38 -> 0 | Z38: =X38+P38 -> 0 | AA38: =Y38+Q38 -> 0 | AB38: 200 | AC38: =AB38*$G38 -> 3.7288183e+09 | AD38: 150 | AE38: =AD38*$G38 -> 2.7966137e+09 | AF38: 0 | AG38: =AF38*$G38 -> 0 | AH38: =+AD38+AB38 -> 350 | AI38: =AC38+AE38+AG38 -> 6.5254319e+09 | AJ38: =AH38+Z38 -> 350 | AK38: =AI38+AA38 -> 6.5254319e+09 | AL38: 0 | AM38: =AL38*$G38 -> 0 | AN38: 0 | AO38: =AN38*$G38 -> 0 | AP38: 0 | AQ38: =AP38*$G38 -> 0 | AR38: =AL38+AN38+AP38 -> 0 | AS38: =AM38+AO38+AQ38 -> 0 | AT38: =AR38+AJ38 -> 350 | AU38: =AS38+AK38 -> 6.5254319e+09 | AV38: 0 | AW38: =AV38*$G38 -> 0 | AX38: =AV38 -> 0 | AY38: =AX38*$G38 -> 0 | AZ38: =AX38 -> 0 | BA38: =AZ38*$G38 -> 0 | BB38: 0 | BC38: =AW38+AY38+BA38 -> 0 | BD38: =BB38+AT38 -> 350 | BE38: =BC38+AU38 -> 6.5254319e+09 | BG38: =BF38*$G38 -> 0 | BI38: =BH38*$G38 -> 0 | BK38: =BJ38*$G38 -> 0 | BL38: =BF38+BH38+BJ38 -> 0 | BM38: =BG38+BI38+BK38 -> 0 | BN38: =BL38+BD38 -> 350 | BO38: =BM38+BE38 -> 6.5254319e+09 | BQ38: =BP38*$G38 -> 0 | BS38: =BR38*$G38 -> 0 | BU38: =BT38*$G38 -> 0 | BV38: =BP38+BR38+BT38 -> 0 | BW38: =BQ38+BS38+BU38 -> 0 | BX38: =BV38+BN38 -> 350 | BY38: =BW38+BO38 -> 6.5254319e+09 | CA38: =E38*H38 -> 350 | CB38: =CA38-BX38 -> 0 | CC38: =E38-BX38 -> 0 | CD38: =F38-BY38 -> 0 | CE38: 1.5932355e+10 | CF38: =CE38-BY38 -> 9.4069232e+09 | CG38: =CF38-BZ38 -> 9.4069232e+09 | CI38: 13701716 | CJ38: 13701716 | CK38: 0
C39: =C33+C38 -> #VALUE! | E39: =$D$5 -> 350 | K39: =J39*$G39 -> 0 | M39: =L39*$G39 -> 0 | O39: =N39*$G39 -> 0 | P39: =J39+L39+N39 -> 0 | Q39: =K39+M39+O39 -> 0 | S39: =R39*$G39 -> 0 | U39: =T39*$G39 -> 0 | W39: =V39*$G39 -> 0 | X39: =R39+T39+V39 -> 0 | Y39: =S39+U39+W39 -> 0 | Z39: =X39+P39 -> 0 | AA39: =Y39+Q39 -> 0 | AC39: =AB39*$G39 -> 0 | AE39: =AD39*$G39 -> 0 | AG39: =AF39*$G39 -> 0 | AH39: =AB39+AD39+AF39 -> 0 | AI39: =AC39+AE39+AG39 -> 0 | AJ39: =AH39+Z39 -> 0 | AK39: =AI39+AA39 -> 0 | AR39: =AL39+AN39+AP39 -> 0 | AS39: =AM39+AO39+AQ39 -> 0 | AT39: =AR39+AJ39 -> 0 | AU39: =AS39+AK39 -> 0 | BB39: =AV39+AX39+AZ39 -> 0 | BC39: =AW39+AY39+BA39 -> 0 | BD39: =BB39+AT39 -> 0 | BE39: =BC39+AU39 -> 0 | BL39: =BF39+BH39+BJ39 -> 0 | BM39: =BG39+BI39+BK39 -> 0 | BN39: =BL39+BD39 -> 0 | BO39: =BM39+BE39 -> 0 | BV39: =BP39+BR39+BT39 -> 0 | BW39: =BQ39+BS39+BU39 -> 0 | BX39: =BV39+BN39 -> 0 | BY39: =BW39+BO39 -> 0 | CA39: =E39*H39 -> 0 | CB39: =CA39-BX39 -> 0 | CC39: =E39-BX39 -> 350 | CD39: =F39-BY39 -> 0 | CE39: 0 | CF39: =CE39-BY39 -> 0 | CG39: =CF39-BZ39 -> 0 | CI39: 0 | CJ39: 0 | CK39: 0
C40: Pemupukan | E40: =$D$5 -> 350 | K40: =J40*$G40 -> 0 | M40: =L40*$G40 -> 0 | O40: =N40*$G40 -> 0 | P40: =J40+L40+N40 -> 0 | Q40: =K40+M40+O40 -> 0 | S40: =R40*$G40 -> 0 | U40: =T40*$G40 -> 0 | W40: =V40*$G40 -> 0 | X40: =R40+T40+V40 -> 0 | Y40: =S40+U40+W40 -> 0 | Z40: =X40+P40 -> 0 | AA40: =Y40+Q40 -> 0 | AC40: =AB40*$G40 -> 0 | AE40: =AD40*$G40 -> 0 | AG40: =AF40*$G40 -> 0 | AH40: =AB40+AD40+AF40 -> 0 | AI40: =AC40+AE40+AG40 -> 0 | AJ40: =AH40+Z40 -> 0 | AK40: =AI40+AA40 -> 0 | AR40: =AL40+AN40+AP40 -> 0 | AS40: =AM40+AO40+AQ40 -> 0 | AT40: =AR40+AJ40 -> 0 | AU40: =AS40+AK40 -> 0 | BB40: =AV40+AX40+AZ40 -> 0 | BC40: =AW40+AY40+BA40 -> 0 | BD40: =BB40+AT40 -> 0 | BE40: =BC40+AU40 -> 0 | BL40: =BF40+BH40+BJ40 -> 0 | BM40: =BG40+BI40+BK40 -> 0 | BN40: =BL40+BD40 -> 0 | BO40: =BM40+BE40 -> 0 | BV40: =BP40+BR40+BT40 -> 0 | BW40: =BQ40+BS40+BU40 -> 0 | BX40: =BV40+BN40 -> 0 | BY40: =BW40+BO40 -> 0 | CA40: =E40*H40 -> 0 | CB40: =CA40-BX40 -> 0 | CC40: =E40-BX40 -> 350 | CD40: =F40-BY40 -> 0 | CE40: 0 | CF40: =CE40-BY40 -> 0 | CG40: =CF40-BZ40 -> 0 | CI40: 0 | CJ40: 0 | CK40: 0
C41: Pemberantasan Hama Penyakit | E41: =$D$5 -> 350 | K41: =J41*$G41 -> 0 | M41: =L41*$G41 -> 0 | O41: =N41*$G41 -> 0 | P41: =J41+L41+N41 -> 0 | Q41: =K41+M41+O41 -> 0 | S41: =R41*$G41 -> 0 | U41: =T41*$G41 -> 0 | W41: =V41*$G41 -> 0 | X41: =R41+T41+V41 -> 0 | Y41: =S41+U41+W41 -> 0 | Z41: =X41+P41 -> 0 | AA41: =Y41+Q41 -> 0 | AC41: =AB41*$G41 -> 0 | AE41: =AD41*$G41 -> 0 | AG41: =AF41*$G41 -> 0 | AH41: =AB41+AD41+AF41 -> 0 | AI41: =AC41+AE41+AG41 -> 0 | AJ41: =AH41+Z41 -> 0 | AK41: =AI41+AA41 -> 0 | AR41: =AL41+AN41+AP41 -> 0 | AS41: =AM41+AO41+AQ41 -> 0 | AT41: =AR41+AJ41 -> 0 | AU41: =AS41+AK41 -> 0 | BB41: =AV41+AX41+AZ41 -> 0 | BC41: =AW41+AY41+BA41 -> 0 | BD41: =BB41+AT41 -> 0 | BE41: =BC41+AU41 -> 0 | BL41: =BF41+BH41+BJ41 -> 0 | BM41: =BG41+BI41+BK41 -> 0 | BN41: =BL41+BD41 -> 0 | BO41: =BM41+BE41 -> 0 | BV41: =BP41+BR41+BT41 -> 0 | BW41: =BQ41+BS41+BU41 -> 0 | BX41: =BV41+BN41 -> 0 | BY41: =BW41+BO41 -> 0 | CA41: =E41*H41 -> 0 | CB41: =CA41-BX41 -> 0 | CC41: =E41-BX41 -> 350 | CD41: =F41-BY41 -> 0 | CE41: 0 | CF41: =CE41-BY41 -> 0 | CG41: =CF41-BZ41 -> 0 | CI41: 0 | CJ41: 0 | CK41: 0
C42: Total TBM-2 | E42: =$D$5 -> 350 | K42: =J42*$G42 -> 0 | M42: =L42*$G42 -> 0 | O42: =N42*$G42 -> 0 | P42: =J42+L42+N42 -> 0 | Q42: =K42+M42+O42 -> 0 | S42: =R42*$G42 -> 0 | U42: =T42*$G42 -> 0 | W42: =V42*$G42 -> 0 | X42: =R42+T42+V42 -> 0 | Y42: =S42+U42+W42 -> 0 | Z42: =X42+P42 -> 0 | AA42: =Y42+Q42 -> 0 | AC42: =AB42*$G42 -> 0 | AE42: =AD42*$G42 -> 0 | AG42: =AF42*$G42 -> 0 | AH42: =AB42+AD42+AF42 -> 0 | AI42: =AC42+AE42+AG42 -> 0 | AJ42: =AH42+Z42 -> 0 | AK42: =AI42+AA42 -> 0 | AR42: =AL42+AN42+AP42 -> 0 | AS42: =AM42+AO42+AQ42 -> 0 | AT42: =AR42+AJ42 -> 0 | AU42: =AS42+AK42 -> 0 | BB42: =AV42+AX42+AZ42 -> 0 | BC42: =AW42+AY42+BA42 -> 0 | BD42: =BB42+AT42 -> 0 | BE42: =BC42+AU42 -> 0 | BL42: =BF42+BH42+BJ42 -> 0 | BM42: =BG42+BI42+BK42 -> 0 | BN42: =BL42+BD42 -> 0 | BO42: =BM42+BE42 -> 0 | BV42: =BP42+BR42+BT42 -> 0 | BW42: =BQ42+BS42+BU42 -> 0 | BX42: =BV42+BN42 -> 0 | BY42: =BW42+BO42 -> 0 | CA42: =E42*H42 -> 0 | CB42: =CA42-BX42 -> 0 | CC42: =E42-BX42 -> 350 | CD42: =F42-BY42 -> 0 | CE42: 0 | CF42: =CE42-BY42 -> 0 | CG42: =CF42-BZ42 -> 0 | CI42: 0 | CJ42: 0 | CK42: 0
B43: 5 | C43: Pemeliharaan TBM-3 | E43: =$D$5 -> 350 | F43: =E43*G43 -> 7.4427351e+09 | G43: ='Rekapitulasi Biaya'!C26 -> 21264957 | H43: 1 | I43: =G43/H43 -> 21264957 | K43: =J43*$G43 -> 0 | M43: =L43*$G43 -> 0 | O43: =N43*$G43 -> 0 | P43: =J43+L43+N43 -> 0 | Q43: =K43+M43+O43 -> 0 | S43: =R43*$G43 -> 0 | U43: =T43*$G43 -> 0 | W43: =V43*$G43 -> 0 | X43: =R43+T43+V43 -> 0 | Y43: =S43+U43+W43 -> 0 | Z43: =X43+P43 -> 0 | AA43: =Y43+Q43 -> 0 | AC43: =AB43*$G43 -> 0 | AE43: =AD43*$G43 -> 0 | AG43: =AF43*$G43 -> 0 | AH43: =AB43+AD43+AF43 -> 0 | AI43: =AC43+AE43+AG43 -> 0 | AJ43: =AH43+Z43 -> 0 | AK43: =AI43+AA43 -> 0 | AL43: 200 | AM43: =AL43*$G43 -> 4.2529915e+09 | AN43: 150 | AO43: =AN43*$G43 -> 3.1897436e+09 | AP43: 0 | AQ43: =AP43*$G43 -> 0 | AR43: =AL43+AN43+AP43 -> 350 | AS43: =AM43+AO43+AQ43 -> 7.4427351e+09 | AT43: =AR43+AJ43 -> 350 | AU43: =AS43+AK43 -> 7.4427351e+09 | AV43: 0 | AW43: =AV43*$G43 -> 0 | AX43: =AV43 -> 0 | AY43: =AX43*$G43 -> 0 | AZ43: 0 | BA43: =AZ43*$G43 -> 0 | BB43: 0 | BC43: =AW43+AY43+BA43 -> 0 | BD43: =+AT43+BB43 -> 350 | BE43: =BC43+AU43 -> 7.4427351e+09 | BF43: 0 | BG43: =BF43*$G43 -> 0 | BH43: =BF43 -> 0 | BI43: =BH43*$G43 -> 0 | BJ43: =BH43 -> 0 | BK43: =BJ43*$G43 -> 0 | BL43: 0 | BM43: =BG43+BI43+BK43 -> 0 | BN43: =BL43+BD43 -> 350 | BO43: =BM43+BE43 -> 7.4427351e+09 | BQ43: =BP43*$G43 -> 0 | BS43: =BR43*$G43 -> 0 | BU43: =BT43*$G43 -> 0 | BV43: =BP43+BR43+BT43 -> 0 | BW43: =BQ43+BS43+BU43 -> 0 | BX43: =BV43+BN43 -> 350 | BY43: =BW43+BO43 -> 7.4427351e+09 | CA43: =E43*H43 -> 350 | CB43: =CA43-BX43 -> 0 | CC43: =E43-BX43 -> 0 | CD43: =F43-BY43 -> 0 | CE43: 1.3120423e+10 | CF43: =CE43-BY43 -> 5.6776878e+09 | CG43: =CF43-BZ43 -> 5.6776878e+09 | CI43: 11283473 | CJ43: 11283473 | CK43: 0
C44: Pembersihan Piringan/Gawangan | CA44: =E44*H44 -> 0 | CB44: =CA44-BX44 -> 0 | CC44: =E44-BX44 -> 0 | CD44: =F44-BY44 -> 0 | CF44: =CE44-BY44 -> 0 | CG44: =CF44-BZ44 -> 0 | CI44: 0 | CJ44: 0 | CK44: 0
C45: Pemupukan | CA45: =E45*H45 -> 0 | CB45: =CA45-BX45 -> 0 | CC45: =E45-BX45 -> 0 | CD45: =F45-BY45 -> 0 | CF45: =CE45-BY45 -> 0 | CG45: =CF45-BZ45 -> 0 | CI45: 0 | CJ45: 0 | CK45: 0
C46: Pemberantasan Hama Penyakit | CA46: =E46*H46 -> 0 | CB46: =CA46-BX46 -> 0 | CC46: =E46-BX46 -> 0 | CD46: =F46-BY46 -> 0 | CF46: =CE46-BY46 -> 0 | CG46: =CF46-BZ46 -> 0 | CI46: 0 | CJ46: 0 | CK46: 0
C47: Total TBM-3 | CA47: =E47*H47 -> 0 | CB47: =CA47-BX47 -> 0 | CC47: =E47-BX47 -> 0 | CD47: =F47-BY47 -> 0 | CF47: =CE47-BY47 -> 0 | CG47: =CF47-BZ47 -> 0 | CI47: 0 | CJ47: 0 | CK47: 0
C48: TOTAL TANAMAN | F48: =F15+F31+F33+F38+F43 -> 2.7713e+10 | G48: =G15+G31+G33+G38+G43 -> 79179999 | I48: =I15+I31+I33+I38+I43 -> 79179999 | K48: =K15+K31+K33+K38+K43 -> 0 | M48: =M15+M31+M33+M38+M43 -> 5.0453238e+09 | O48: =O15+O31+O33+O38+O43 -> 3.7839928e+09 | Q48: =Q15+Q31+Q33+Q38+Q43 -> 8.8293166e+09 | S48: =S15+S31+S33+S38+S43 -> 2.8088663e+09 | U48: =U15+U31+U33+U38+U43 -> 2.1066497e+09 | W48: =W15+W31+W33+W38+W43 -> 0 | Y48: =Y15+Y31+Y33+Y38+Y43 -> 4.915516e+09 | AA48: =AA15+AA31+AA33+AA38+AA43 -> 1.3744833e+10 | AC48: =AC15+AC31+AC33+AC38+AC43 -> 3.7288183e+09 | AE48: =AE15+AE31+AE33+AE38+AE43 -> 2.7966137e+09 | AG48: =AG15+AG31+AG33+AG38+AG43 -> 0 | AI48: =AI15+AI31+AI33+AI38+AI43 -> 6.5254319e+09 | AK48: =AK15+AK31+AK33+AK38+AK43 -> 2.0270265e+10 | AM48: =AM15+AM31+AM33+AM38+AM43 -> 4.2529915e+09 | AO48: =AO15+AO31+AO33+AO38+AO43 -> 3.1897436e+09 | AQ48: =AQ15+AQ31+AQ33+AQ38+AQ43 -> 0 | AS48: =AS15+AS31+AS33+AS38+AS43 -> 7.4427351e+09 | AU48: =AU15+AU31+AU33+AU38+AU43 -> 2.7713e+10 | AW48: =AW15+AW31+AW33+AW38+AW43 -> 0 | AY48: =AY15+AY31+AY33+AY38+AY43 -> 0 | BA48: =BA15+BA31+BA33+BA38+BA43 -> 0 | BC48: =BC15+BC31+BC33+BC38+BC43 -> 0 | BE48: =BE15+BE31+BE33+BE38+BE43 -> 2.7713e+10 | BG48: =BG15+BG31+BG33+BG38+BG43 -> 0 | BI48: =BI15+BI31+BI33+BI38+BI43 -> 0 | BK48: =BK15+BK31+BK33+BK38+BK43 -> 0 | BM48: =BM15+BM31+BM33+BM38+BM43 -> 0 | BO48: =BO15+BO31+BO33+BO38+BO43 -> 2.7713e+10 | BQ48: =BQ15+BQ31+BQ33+BQ38+BQ43 -> 0 | BS48: =BS15+BS31+BS33+BS38+BS43 -> 0 | BU48: =BU15+BU31+BU33+BU38+BU43 -> 0 | BW48: =BW15+BW31+BW33+BW38+BW43 -> 0 | BY48: =BY15+BY31+BY33+BY38+BY43 -> 2.7713e+10 | CA48: =E48*H48 -> 0 | CB48: =CA48-BX48 -> 0 | CC48: =E48-BX48 -> 0 | CD48: =F48-BY48 -> 0 | CE48: 7.1004153e+10 | CF48: =CE48-BY48 -> 4.3291154e+10 | CG48: =CF48-BZ48 -> 4.3291154e+10 | CI48: 61063083 | CJ48: 61063083 | CK48: 0
B49: II | C49: INFRASTRUKTUR KEBUN | CA49: =E49*H49 -> 0 | CB49: =CA49-BX49 -> 0 | CD49: =F49-BY49 -> 0 | CF49: =CE49-BY49 -> 0 | CG49: =CF49-BZ49 -> 0 | CI49: 0 | CJ49: 0 | CK49: 0
B50: 1 | C50: Drainase | CA50: =E50*H50 -> 0 | CB50: =CA50-BX50 -> 0 | CC50: =E50-BX50 -> 0 | CD50: =F50-BY50 -> 0 | CF50: =CE50-BY50 -> 0 | CG50: =CF50-BZ50 -> 0 | CI50: 0 | CJ50: 0 | CK50: 0
C51: Pembuatan Drainase dan Jembatan | F51: =E51*G51 -> 0 | H51: 1 | I51: =G51/H51 -> 0 | K51: =J51*$G51 -> 0 | M51: =L51*$G51 -> 0 | O51: =N51*$G51 -> 0 | P51: =J51+L51+N51 -> 0 | Q51: =K51+M51+O51 -> 0 | S51: =R51*$G51 -> 0 | U51: =T51*$G51 -> 0 | W51: =V51*$G51 -> 0 | X51: =R51+T51+V51 -> 0 | Y51: =S51+U51+W51 -> 0 | Z51: =X51+P51 -> 0 | AA51: =Y51+Q51 -> 0 | AC51: =AB51*$G51 -> 0 | AE51: =AD51*$G51 -> 0 | AG51: =AF51*$G51 -> 0 | AH51: =AB51+AD51+AF51 -> 0 | AI51: =AC51+AE51+AG51 -> 0 | AJ51: =AH51+Z51 -> 0 | AK51: =AI51+AA51 -> 0 | AM51: =AL51*$G51 -> 0 | AO51: =AN51*$G51 -> 0 | AQ51: =AP51*$G51 -> 0 | AR51: =AL51+AN51+AP51 -> 0 | AS51: =AM51+AO51+AQ51 -> 0 | AT51: =AR51+AJ51 -> 0 | AU51: =AS51+AK51 -> 0 | AW51: =AV51*$G51 -> 0 | AY51: =AX51*$G51 -> 0 | BA51: =AZ51*$G51 -> 0 | BB51: =AV51+AX51+AZ51 -> 0 | BC51: =AW51+AY51+BA51 -> 0 | BD51: =BB51+AT51 -> 0 | BE51: =BC51+AU51 -> 0 | BG51: =BF51*$G51 -> 0 | BI51: =BH51*$G51 -> 0 | BK51: =BJ51*$G51 -> 0 | BL51: =BF51+BH51+BJ51 -> 0 | BM51: =BG51+BI51+BK51 -> 0 | BN51: =BL51+BD51 -> 0 | BO51: =BM51+BE51 -> 0 | BQ51: =BP51*$G51 -> 0 | BS51: =BR51*$G51 -> 0 | BU51: =BT51*$G51 -> 0 | BV51: =BP51+BR51+BT51 -> 0 | BW51: =BQ51+BS51+BU51 -> 0 | BX51: =BV51+BN51 -> 0 | BY51: =BW51+BO51 -> 0 | CA51: =E51*H51 -> 0 | CB51: =CA51-BX51 -> 0 | CC51: =E51-BX51 -> 0 | CD51: =F51-BY51 -> 0 | CE51: 0 | CF51: =CE51-BY51 -> 0 | CG51: =CF51-BZ51 -> 0 | CI51: 0 | CJ51: 0 | CK51: 0
D52: - Pembuatan Jembatan Permanen (3-4 Mtr) | E52: =$D$5 -> 350 | F52: =G52*E52 -> 192574200 | G52: =('RKT 18_19 Infra'!E19/'RKP 08'!$D$5)*'RKT 18_19 Infra'!D19 -> 550212 | H52: 1 | I52: =G52/H52 -> 550212 | J52: 0 | K52: =J52*$G52 -> 0 | L52: 200 | M52: =L52*$G52 -> 110042400 | N52: 150 | O52: =N52*$G52 -> 82531800 | P52: =J52+L52+N52 -> 350 | Q52: =K52+M52+O52 -> 192574200 | R52: ='RKT 18_19 Infra'!GT19 -> 0 | S52: =R52*$G52 -> 0 | T52: ='RKT 18_19 Infra'!GV19 -> 0 | U52: =T52*$G52 -> 0 | V52: ='RKT 18_19 Infra'!GX19 -> 0 | W52: =V52*$G52 -> 0 | X52: =R52+T52+V52 -> 0 | Y52: =S52+U52+W52 -> 0 | Z52: =X52+P52 -> 350 | AA52: =Y52+Q52 -> 192574200 | AB52: ='RKT 18_19 Infra'!HB19 -> 0 | AC52: =AB52*$G52 -> 0 | AD52: ='RKT 18_19 Infra'!HD19 -> 0 | AE52: =AD52*$G52 -> 0 | AF52: ='RKT 18_19 Infra'!HF19 -> 0 | AG52: =AF52*$G52 -> 0 | AH52: =AB52+AD52+AF52 -> 0 | AI52: =AC52+AE52+AG52 -> 0 | AJ52: =AH52+Z52 -> 350 | AK52: =AI52+AA52 -> 192574200 | AL52: ='RKT 18_19 Infra'!HJ19 -> 0 | AM52: =AL52*$G52 -> 0 | AN52: ='RKT 18_19 Infra'!HL19 -> 0 | AO52: =AN52*$G52 -> 0 | AP52: ='RKT 18_19 Infra'!HN19 -> 0 | AQ52: =AP52*$G52 -> 0 | AR52: =AL52+AN52+AP52 -> 0 | AS52: =AM52+AO52+AQ52 -> 0 | AT52: =AR52+AJ52 -> 350 | AU52: =AS52+AK52 -> 192574200 | BB52: =AV52+AX52+AZ52 -> 0 | BC52: =AW52+AY52+BA52 -> 0 | BD52: =BB52+AT52 -> 350 | BE52: =BC52+AU52 -> 192574200 | BL52: =BF52+BH52+BJ52 -> 0 | BM52: =BG52+BI52+BK52 -> 0 | BN52: =BL52+BD52 -> 350 | BO52: =BM52+BE52 -> 192574200 | BV52: =BP52+BR52+BT52 -> 0 | BW52: =BQ52+BS52+BU52 -> 0 | BX52: =BV52+BN52 -> 350 | BY52: =BW52+BO52 -> 192574200 | CC52: =E52-BX52 -> 0 | CD52: =F52-BY52 -> 0 | CE52: 0 | CF52: =CE52-BY52 -> -192574200 | CG52: =CF52-BZ52 -> -192574200 | CI52: 0 | CJ52: 0 | CK52: 0
D53: - Pembuatan Parit 10x5x3.5 | E53: 0 | F53: =G53*E53 -> 0 | G53: 0 | H53: 1 | I53: =G53/H53 -> 0 | J53: ='RKT 18_19 Infra'!GL20 -> 0 | K53: =J53*$G53 -> 0 | L53: 0 | M53: =L53*$G53 -> 0 | N53: ='RKT 18_19 Infra'!GP20 -> 0 | O53: =N53*$G53 -> 0 | P53: =J53+L53+N53 -> 0 | Q53: =K53+M53+O53 -> 0 | R53: ='RKT 18_19 Infra'!GT20 -> 0 | S53: =R53*$G53 -> 0 | T53: ='RKT 18_19 Infra'!GV20 -> 0 | U53: =T53*$G53 -> 0 | V53: ='RKT 18_19 Infra'!GX20 -> 0 | W53: =V53*$G53 -> 0 | X53: =R53+T53+V53 -> 0 | Y53: =S53+U53+W53 -> 0 | Z53: =X53+P53 -> 0 | AA53: =Y53+Q53 -> 0 | AB53: ='RKT 18_19 Infra'!HB20 -> 0 | AC53: =AB53*$G53 -> 0 | AD53: ='RKT 18_19 Infra'!HD20 -> 0 | AE53: =AD53*$G53 -> 0 | AF53: ='RKT 18_19 Infra'!HF20 -> 0 | AG53: =AF53*$G53 -> 0 | AH53: =AB53+AD53+AF53 -> 0 | AI53: =AC53+AE53+AG53 -> 0 | AJ53: =AH53+Z53 -> 0 | AK53: =AI53+AA53 -> 0 | AL53: ='RKT 18_19 Infra'!HJ20 -> 0 | AM53: =AL53*$G53 -> 0 | AN53: ='RKT 18_19 Infra'!HL20 -> 0 | AO53: =AN53*$G53 -> 0 | AP53: ='RKT 18_19 Infra'!HN20 -> 0 | AQ53: =AP53*$G53 -> 0 | AR53: =AL53+AN53+AP53 -> 0 | AS53: =AM53+AO53+AQ53 -> 0 | AT53: =AR53+AJ53 -> 0 | AU53: =AS53+AK53 -> 0 | BB53: =AV53+AX53+AZ53 -> 0 | BC53: =AW53+AY53+BA53 -> 0 | BD53: =BB53+AT53 -> 0 | BE53: =BC53+AU53 -> 0 | BL53: =BF53+BH53+BJ53 -> 0 | BM53: =BG53+BI53+BK53 -> 0 | BN53: =BL53+BD53 -> 0 | BO53: =BM53+BE53 -> 0 | BV53: =BP53+BR53+BT53 -> 0 | BW53: =BQ53+BS53+BU53 -> 0 | BX53: =BV53+BN53 -> 0 | BY53: =BW53+BO53 -> 0 | CC53: =E53-BX53 -> 0 | CD53: =F53-BY53 -> 0 | CE53: 1441749750 | CF53: =CE53-BY53 -> 1441749750 | CG53: =CF53-BZ53 -> 1441749750 | CI53: 0 | CJ53: 0 | CK53: 0
D54: - Pembuatan Parit 6x3x3 (Outlet) | E54: 0 | F54: =G54*E54 -> 0 | G54: =('RKT 18_19 Infra'!E20/'RKP 08'!$D$5)*'RKT 18_19 Infra'!D20 -> 0 | H54: 1 | I54: =G54/H54 -> 0 | J54: 0 | K54: =J54*$G54 -> 0 | L54: ='RKT 18_19 Infra'!GN21 -> 0 | M54: =L54*$G54 -> 0 | N54: ='RKT 18_19 Infra'!GP21 -> 0 | O54: =N54*$G54 -> 0 | P54: =J54+L54+N54 -> 0 | Q54: =K54+M54+O54 -> 0 | R54: ='RKT 18_19 Infra'!GT21 -> 0 | S54: =R54*$G54 -> 0 | T54: ='RKT 18_19 Infra'!GV21 -> 0 | U54: =T54*$G54 -> 0 | V54: ='RKT 18_19 Infra'!GX21 -> 0 | W54: =V54*$G54 -> 0 | X54: =R54+T54+V54 -> 0 | Y54: =S54+U54+W54 -> 0 | Z54: =X54+P54 -> 0 | AA54: =Y54+Q54 -> 0 | AB54: ='RKT 18_19 Infra'!HB21 -> 0 | AC54: =AB54*$G54 -> 0 | AD54: ='RKT 18_19 Infra'!HD21 -> 0 | AE54: =AD54*$G54 -> 0 | AF54: ='RKT 18_19 Infra'!HF21 -> 0 | AG54: =AF54*$G54 -> 0 | AH54: =AB54+AD54+AF54 -> 0 | AI54: =AC54+AE54+AG54 -> 0 | AJ54: =AH54+Z54 -> 0 | AK54: =AI54+AA54 -> 0 | AL54: ='RKT 18_19 Infra'!HJ21 -> 0 | AM54: =AL54*$G54 -> 0 | AN54: ='RKT 18_19 Infra'!HL21 -> 0 | AO54: =AN54*$G54 -> 0 | AP54: ='RKT 18_19 Infra'!HN21 -> 0 | AQ54: =AP54*$G54 -> 0 | AR54: =AL54+AN54+AP54 -> 0 | AS54: =AM54+AO54+AQ54 -> 0 | AT54: =AR54+AJ54 -> 0 | AU54: =AS54+AK54 -> 0 | BB54: =AV54+AX54+AZ54 -> 0 | BC54: =AW54+AY54+BA54 -> 0 | BD54: =BB54+AT54 -> 0 | BE54: =BC54+AU54 -> 0 | BL54: =BF54+BH54+BJ54 -> 0 | BM54: =BG54+BI54+BK54 -> 0 | BN54: =BL54+BD54 -> 0 | BO54: =BM54+BE54 -> 0 | BV54: =BP54+BR54+BT54 -> 0 | BW54: =BQ54+BS54+BU54 -> 0 | BX54: =BV54+BN54 -> 0 | BY54: =BW54+BO54 -> 0 | CC54: =E54-BX54 -> 0 | CD54: =F54-BY54 -> 0 | CE54: 0 | CF54: =CE54-BY54 -> 0 | CG54: =CF54-BZ54 -> 0 | CI54: 0 | CJ54: 0 | CK54: 0
D55: - Pembuatan Parit 6x3x3 (Tanggul) | E55: =$D$5 -> 350 | F55: =G55*E55 -> 2.1122427e+08 | G55: =('RKT 18_19 Infra'!E21/'RKP 08'!$D$5)*'RKT 18_19 Infra'!D21 -> 603497.92 | H55: 1 | I55: =G55/H55 -> 603497.92 | J55: 0 | K55: =J55*$G55 -> 0 | L55: 200 | M55: =L55*$G55 -> 1.2069958e+08 | N55: 150 | O55: =N55*$G55 -> 90524687 | P55: =J55+L55+N55 -> 350 | Q55: =K55+M55+O55 -> 2.1122427e+08 | R55: ='RKT 18_19 Infra'!GT22 -> 0 | S55: =R55*$G55 -> 0 | T55: ='RKT 18_19 Infra'!GV22 -> 0 | U55: =T55*$G55 -> 0 | V55: ='RKT 18_19 Infra'!GX22 -> 0 | W55: =V55*$G55 -> 0 | X55: =R55+T55+V55 -> 0 | Y55: =S55+U55+W55 -> 0 | Z55: =X55+P55 -> 350 | AA55: =Y55+Q55 -> 2.1122427e+08 | AB55: ='RKT 18_19 Infra'!HB22 -> 0 | AC55: =AB55*$G55 -> 0 | AD55: ='RKT 18_19 Infra'!HD22 -> 0 | AE55: =AD55*$G55 -> 0 | AF55: ='RKT 18_19 Infra'!HF22 -> 0 | AG55: =AF55*$G55 -> 0 | AH55: =AB55+AD55+AF55 -> 0 | AI55: =AC55+AE55+AG55 -> 0 | AJ55: =AH55+Z55 -> 350 | AK55: =AI55+AA55 -> 2.1122427e+08 | AL55: ='RKT 18_19 Infra'!HJ22 -> 0 | AM55: =AL55*$G55 -> 0 | AN55: ='RKT 18_19 Infra'!HL22 -> 0 | AO55: =AN55*$G55 -> 0 | AP55: ='RKT 18_19 Infra'!HN22 -> 0 | AQ55: =AP55*$G55 -> 0 | AR55: =AL55+AN55+AP55 -> 0 | AS55: =AM55+AO55+AQ55 -> 0 | AT55: =AR55+AJ55 -> 350 | AU55: =AS55+AK55 -> 2.1122427e+08 | BB55: =AV55+AX55+AZ55 -> 0 | BC55: =AW55+AY55+BA55 -> 0 | BD55: =BB55+AT55 -> 350 | BE55: =BC55+AU55 -> 2.1122427e+08 | BL55: =BF55+BH55+BJ55 -> 0 | BM55: =BG55+BI55+BK55 -> 0 | BN55: =BL55+BD55 -> 350 | BO55: =BM55+BE55 -> 2.1122427e+08 | BV55: =BP55+BR55+BT55 -> 0 | BW55: =BQ55+BS55+BU55 -> 0 | BX55: =BV55+BN55 -> 350 | BY55: =BW55+BO55 -> 2.1122427e+08 | CC55: =E55-BX55 -> 0 | CD55: =F55-BY55 -> 0 | CE55: 2844836800 | CF55: =CE55-BY55 -> 2.6336125e+09 | CG55: =CF55-BZ55 -> 2.6336125e+09 | CI55: 3216589.5 | CJ55: 2579843.5 | CK55: 636746.05
D56: - Pembuatan Parit 3x3x2 (Main drain) | E56: =$D$5 -> 350 | F56: =G56*E56 -> 1.1315882e+09 | G56: =('RKT 18_19 Infra'!E22/'RKP 08'!$D$5)*'RKT 18_19 Infra'!D22 -> 3233109.2 | H56: 1 | I56: =G56/H56 -> 3233109.2 | J56: 0 | K56: =J56*$G56 -> 0 | L56: 200 | M56: =L56*$G56 -> 6.4662184e+08 | N56: 150 | O56: =N56*$G56 -> 4.8496638e+08 | P56: =J56+L56+N56 -> 350 | Q56: =K56+M56+O56 -> 1.1315882e+09 | R56: ='RKT 18_19 Infra'!GT23 -> 0 | S56: =R56*$G56 -> 0 | T56: ='RKT 18_19 Infra'!GV23 -> 0 | U56: =T56*$G56 -> 0 | V56: ='RKT 18_19 Infra'!GX23 -> 0 | W56: =V56*$G56 -> 0 | X56: =R56+T56+V56 -> 0 | Y56: =S56+U56+W56 -> 0 | Z56: =X56+P56 -> 350 | AA56: =Y56+Q56 -> 1.1315882e+09 | AB56: ='RKT 18_19 Infra'!HB23 -> 0 | AC56: =AB56*$G56 -> 0 | AD56: ='RKT 18_19 Infra'!HD23 -> 0 | AE56: =AD56*$G56 -> 0 | AF56: ='RKT 18_19 Infra'!HF23 -> 0 | AG56: =AF56*$G56 -> 0 | AH56: =AB56+AD56+AF56 -> 0 | AI56: =AC56+AE56+AG56 -> 0 | AJ56: =AH56+Z56 -> 350 | AK56: =AI56+AA56 -> 1.1315882e+09 | AL56: ='RKT 18_19 Infra'!HJ23 -> 0 | AM56: =AL56*$G56 -> 0 | AN56: ='RKT 18_19 Infra'!HL23 -> 0 | AO56: =AN56*$G56 -> 0 | AP56: ='RKT 18_19 Infra'!HN23 -> 0 | AQ56: =AP56*$G56 -> 0 | AR56: =AL56+AN56+AP56 -> 0 | AS56: =AM56+AO56+AQ56 -> 0 | AT56: =AR56+AJ56 -> 350 | AU56: =AS56+AK56 -> 1.1315882e+09 | BB56: =AV56+AX56+AZ56 -> 0 | BC56: =AW56+AY56+BA56 -> 0 | BD56: =BB56+AT56 -> 350 | BE56: =BC56+AU56 -> 1.1315882e+09 | BL56: =BF56+BH56+BJ56 -> 0 | BM56: =BG56+BI56+BK56 -> 0 | BN56: =BL56+BD56 -> 350 | BO56: =BM56+BE56 -> 1.1315882e+09 | BV56: =BP56+BR56+BT56 -> 0 | BW56: =BQ56+BS56+BU56 -> 0 | BX56: =BV56+BN56 -> 350 | BY56: =BW56+BO56 -> 1.1315882e+09 | CC56: =E56-BX56 -> 0 | CD56: =F56-BY56 -> 0 | CE56: 0 | CF56: =CE56-BY56 -> -1.1315882e+09 | CG56: =CF56-BZ56 -> -1.1315882e+09 | CI56: 0 | CJ56: 0 | CK56: 0
D57: - Pembuatan Parit 3x1.5x2 | F57: =G57*E57 -> 0 | G57: 0 | H57: 1 | I57: =G57/H57 -> 0 | J57: 0 | K57: =J57*$G57 -> 0 | L57: ='RKT 18_19 Infra'!GN22 -> 0 | M57: =L57*$G57 -> 0 | N57: ='RKT 18_19 Infra'!GP22 -> 0 | O57: =N57*$G57 -> 0 | P57: =J57+L57+N57 -> 0 | Q57: =K57+M57+O57 -> 0 | R57: ='RKT 18_19 Infra'!GT24 -> 0 | S57: =R57*$G57 -> 0 | T57: ='RKT 18_19 Infra'!GV24 -> 0 | U57: =T57*$G57 -> 0 | V57: ='RKT 18_19 Infra'!GX24 -> 0 | W57: =V57*$G57 -> 0 | X57: =R57+T57+V57 -> 0 | Y57: =S57+U57+W57 -> 0 | Z57: =X57+P57 -> 0 | AA57: =Y57+Q57 -> 0 | AB57: ='RKT 18_19 Infra'!HB24 -> 0 | AC57: =AB57*$G57 -> 0 | AD57: ='RKT 18_19 Infra'!HD24 -> 0 | AE57: =AD57*$G57 -> 0 | AF57: ='RKT 18_19 Infra'!HF24 -> 0 | AG57: =AF57*$G57 -> 0 | AH57: =AB57+AD57+AF57 -> 0 | AI57: =AC57+AE57+AG57 -> 0 | AJ57: =AH57+Z57 -> 0 | AK57: =AI57+AA57 -> 0 | AL57: ='RKT 18_19 Infra'!HJ24 -> 0 | AM57: =AL57*$G57 -> 0 | AN57: ='RKT 18_19 Infra'!HL24 -> 0 | AO57: =AN57*$G57 -> 0 | AP57: ='RKT 18_19 Infra'!HN24 -> 0 | AQ57: =AP57*$G57 -> 0 | AR57: =AL57+AN57+AP57 -> 0 | AS57: =AM57+AO57+AQ57 -> 0 | AT57: =AR57+AJ57 -> 0 | AU57: =AS57+AK57 -> 0 | BB57: =AV57+AX57+AZ57 -> 0 | BC57: =AW57+AY57+BA57 -> 0 | BD57: =BB57+AT57 -> 0 | BE57: =BC57+AU57 -> 0 | BL57: =BF57+BH57+BJ57 -> 0 | BM57: =BG57+BI57+BK57 -> 0 | BN57: =BL57+BD57 -> 0 | BO57: =BM57+BE57 -> 0 | BV57: =BP57+BR57+BT57 -> 0 | BW57: =BQ57+BS57+BU57 -> 0 | BX57: =BV57+BN57 -> 0 | BY57: =BW57+BO57 -> 0 | CC57: =E57-BX57 -> 0 | CD57: =F57-BY57 -> 0 | CE57: 0 | CF57: =CE57-BY57 -> 0 | CG57: =CF57-BZ57 -> 0 | CI57: 0 | CJ57: 0 | CK57: 0
D58: - Pembuatan Parit 2x2x1.5 (Collection Drain) | E58: =$D$5 -> 350 | F58: =G58*E58 -> 2.1386846e+08 | G58: =('RKT 18_19 Infra'!E23/'RKP 08'!$D$5)*'RKT 18_19 Infra'!D23 -> 611052.75 | H58: 1 | I58: =G58/H58 -> 611052.75 | J58: 0 | K58: =J58*$G58 -> 0 | L58: 200 | M58: =L58*$G58 -> 122210550 | N58: 150 | O58: =N58*$G58 -> 91657912 | P58: =J58+L58+N58 -> 350 | Q58: =K58+M58+O58 -> 2.1386846e+08 | R58: ='RKT 18_19 Infra'!GT23 -> 0 | S58: =R58*$G58 -> 0 | T58: ='RKT 18_19 Infra'!GV23 -> 0 | U58: =T58*$G58 -> 0 | V58: ='RKT 18_19 Infra'!GX23 -> 0 | W58: =V58*$G58 -> 0 | X58: =R58+T58+V58 -> 0 | Y58: =S58+U58+W58 -> 0 | Z58: =X58+P58 -> 350 | AA58: =Y58+Q58 -> 2.1386846e+08 | AB58: ='RKT 18_19 Infra'!HB23 -> 0 | AC58: =AB58*$G58 -> 0 | AD58: ='RKT 18_19 Infra'!HD23 -> 0 | AE58: =AD58*$G58 -> 0 | AF58: ='RKT 18_19 Infra'!HF23 -> 0 | AG58: =AF58*$G58 -> 0 | AH58: =AB58+AD58+AF58 -> 0 | AI58: =AC58+AE58+AG58 -> 0 | AJ58: =AH58+Z58 -> 350 | AK58: =AI58+AA58 -> 2.1386846e+08 | AL58: ='RKT 18_19 Infra'!HJ23 -> 0 | AM58: =AL58*$G58 -> 0 | AN58: ='RKT 18_19 Infra'!HL23 -> 0 | AO58: =AN58*$G58 -> 0 | AP58: ='RKT 18_19 Infra'!HN23 -> 0 | AQ58: =AP58*$G58 -> 0 | AR58: =AL58+AN58+AP58 -> 0 | AS58: =AM58+AO58+AQ58 -> 0 | AT58: =AR58+AJ58 -> 350 | AU58: =AS58+AK58 -> 2.1386846e+08 | BB58: =AV58+AX58+AZ58 -> 0 | BC58: =AW58+AY58+BA58 -> 0 | BD58: =BB58+AT58 -> 350 | BE58: =BC58+AU58 -> 2.1386846e+08 | BL58: =BF58+BH58+BJ58 -> 0 | BM58: =BG58+BI58+BK58 -> 0 | BN58: =BL58+BD58 -> 350 | BO58: =BM58+BE58 -> 2.1386846e+08 | BV58: =BP58+BR58+BT58 -> 0 | BW58: =BQ58+BS58+BU58 -> 0 | BX58: =BV58+BN58 -> 350 | BY58: =BW58+BO58 -> 2.1386846e+08 | CC58: =E58-BX58 -> 0 | CD58: =F58-BY58 -> 0 | CE58: 0 | CF58: =CE58-BY58 -> -2.1386846e+08 | CG58: =CF58-BZ58 -> -2.1386846e+08 | CI58: 0 | CJ58: 0 | CK58: 0
D59: - Pembuatan Parit 1x1x1 | E59: =$D$5 -> 350 | F59: =G59*E59 -> 9.332442e+08 | G59: =('RKT 18_19 Infra'!E24/'RKP 08'!$D$5)*'RKT 18_19 Infra'!D24 -> 2666412 | H59: 1 | I59: =G59/H59 -> 2666412 | J59: 0 | K59: =J59*$G59 -> 0 | L59: 200 | M59: =L59*$G59 -> 5.332824e+08 | N59: 150 | O59: =N59*$G59 -> 3.999618e+08 | P59: =J59+L59+N59 -> 350 | Q59: =K59+M59+O59 -> 9.332442e+08 | R59: 0 | S59: =R59*$G59 -> 0 | T59: 0 | U59: =T59*$G59 -> 0 | V59: ='RKT 18_19 Infra'!GX24 -> 0 | W59: =V59*$G59 -> 0 | X59: =R59+T59+V59 -> 0 | Y59: =S59+U59+W59 -> 0 | Z59: =X59+P59 -> 350 | AA59: =Y59+Q59 -> 9.332442e+08 | AB59: ='RKT 18_19 Infra'!HB24 -> 0 | AC59: =AB59*$G59 -> 0 | AD59: ='RKT 18_19 Infra'!HD24 -> 0 | AE59: =AD59*$G59 -> 0 | AF59: ='RKT 18_19 Infra'!HF24 -> 0 | AG59: =AF59*$G59 -> 0 | AH59: =AB59+AD59+AF59 -> 0 | AI59: =AC59+AE59+AG59 -> 0 | AJ59: =AH59+Z59 -> 350 | AK59: =AI59+AA59 -> 9.332442e+08 | AL59: ='RKT 18_19 Infra'!HJ24 -> 0 | AM59: =AL59*$G59 -> 0 | AN59: ='RKT 18_19 Infra'!HL24 -> 0 | AO59: =AN59*$G59 -> 0 | AP59: ='RKT 18_19 Infra'!HN24 -> 0 | AQ59: =AP59*$G59 -> 0 | AR59: =AL59+AN59+AP59 -> 0 | AS59: =AM59+AO59+AQ59 -> 0 | AT59: =AR59+AJ59 -> 350 | AU59: =AS59+AK59 -> 9.332442e+08 | BB59: =AV59+AX59+AZ59 -> 0 | BC59: =AW59+AY59+BA59 -> 0 | BD59: =BB59+AT59 -> 350 | BE59: =BC59+AU59 -> 9.332442e+08 | BL59: =BF59+BH59+BJ59 -> 0 | BM59: =BG59+BI59+BK59 -> 0 | BN59: =BL59+BD59 -> 350 | BO59: =BM59+BE59 -> 9.332442e+08 | BV59: =BP59+BR59+BT59 -> 0 | BW59: =BQ59+BS59+BU59 -> 0 | BX59: =BV59+BN59 -> 350 | BY59: =BW59+BO59 -> 9.332442e+08 | CC59: =E59-BX59 -> 0 | CD59: =F59-BY59 -> 0 | CE59: 780267870 | CF59: =CE59-BY59 -> -1.5297633e+08 | CG59: =CF59-BZ59 -> -1.5297633e+08 | CI59: 2259884.3 | CJ59: 2684100 | CK59: -424215.71
D60: - Pintu Air / Overflow | E60: =$D$5 -> 350 | F60: =G60*E60 -> 55451413 | G60: =('RKT 18_19 Infra'!E25/'RKP 08'!$D$5)*'RKT 18_19 Infra'!D25 -> 158432.61 | H60: 1 | I60: =G60/H60 -> 158432.61 | J60: 0 | K60: =J60*$G60 -> 0 | L60: 200 | M60: =L60*$G60 -> 31686522 | N60: 150 | O60: =N60*$G60 -> 23764891 | P60: =J60+L60+N60 -> 350 | Q60: =K60+M60+O60 -> 55451413 | R60: 0 | S60: =R60*$G60 -> 0 | T60: 0 | U60: =T60*$G60 -> 0 | V60: ='RKT 18_19 Infra'!GX25 -> 0 | W60: =V60*$G60 -> 0 | X60: =R60+T60+V60 -> 0 | Y60: =S60+U60+W60 -> 0 | Z60: =X60+P60 -> 350 | AA60: =Y60+Q60 -> 55451413 | AB60: ='RKT 18_19 Infra'!HB25 -> 0 | AC60: =AB60*$G60 -> 0 | AD60: ='RKT 18_19 Infra'!HD25 -> 0 | AE60: =AD60*$G60 -> 0 | AF60: ='RKT 18_19 Infra'!HF25 -> 0 | AG60: =AF60*$G60 -> 0 | AH60: =AB60+AD60+AF60 -> 0 | AI60: =AC60+AE60+AG60 -> 0 | AJ60: =AH60+Z60 -> 350 | AK60: =AI60+AA60 -> 55451413 | AL60: ='RKT 18_19 Infra'!HJ25 -> 0 | AM60: =AL60*$G60 -> 0 | AN60: ='RKT 18_19 Infra'!HL25 -> 0 | AO60: =AN60*$G60 -> 0 | AP60: ='RKT 18_19 Infra'!HN25 -> 0 | AQ60: =AP60*$G60 -> 0 | AR60: =AL60+AN60+AP60 -> 0 | AS60: =AM60+AO60+AQ60 -> 0 | AT60: =AR60+AJ60 -> 350 | AU60: =AS60+AK60 -> 55451413 | BB60: =AV60+AX60+AZ60 -> 0 | BC60: =AW60+AY60+BA60 -> 0 | BD60: =BB60+AT60 -> 350 | BE60: =BC60+AU60 -> 55451413 | BL60: =BF60+BH60+BJ60 -> 0 | BM60: =BG60+BI60+BK60 -> 0 | BN60: =BL60+BD60 -> 350 | BO60: =BM60+BE60 -> 55451413 | BV60: =BP60+BR60+BT60 -> 0 | BW60: =BQ60+BS60+BU60 -> 0 | BX60: =BV60+BN60 -> 350 | BY60: =BW60+BO60 -> 55451413 | CC60: =E60-BX60 -> 0 | CD60: =F60-BY60 -> 0 | CE60: 4.2518177e+08 | CF60: =CE60-BY60 -> 3.6973036e+08 | CG60: =CF60-BZ60 -> 3.6973036e+08 | CI60: 2374432.8 | CJ60: 375161.49 | CK60: 1999271.4
D61: - Titi Panen Beton | E61: =$D$5 -> 350 | F61: =G61*E61 -> 1289206590 | G61: =('RKT 18_19 Infra'!E26/'RKP 08'!$D$5)*'RKT 18_19 Infra'!D26 -> 3683447.4 | H61: 1 | I61: =G61/H61 -> 3683447.4 | J61: 0 | K61: =J61*$G61 -> 0 | L61: 0 | M61: =L61*$G61 -> 0 | N61: 0 | O61: =N61*$G61 -> 0 | P61: =J61+L61+N61 -> 0 | Q61: =K61+M61+O61 -> 0 | R61: ='RKT 18_19 Infra'!GT26 -> 0 | S61: =R61*$G61 -> 0 | T61: ='RKT 18_19 Infra'!GV26 -> 0 | U61: =T61*$G61 -> 0 | V61: ='RKT 18_19 Infra'!GX26 -> 0 | W61: =V61*$G61 -> 0 | X61: =R61+T61+V61 -> 0 | Y61: =S61+U61+W61 -> 0 | Z61: =X61+P61 -> 0 | AA61: =Y61+Q61 -> 0 | AB61: 200 | AC61: =AB61*$G61 -> 736689480 | AD61: 150 | AE61: =AD61*$G61 -> 552517110 | AF61: ='RKT 18_19 Infra'!HF26 -> 0 | AG61: =AF61*$G61 -> 0 | AH61: =AB61+AD61+AF61 -> 350 | AI61: =AC61+AE61+AG61 -> 1289206590 | AJ61: =AH61+Z61 -> 350 | AK61: =AI61+AA61 -> 1289206590 | AL61: ='RKT 18_19 Infra'!HJ26 -> 0 | AM61: =AL61*$G61 -> 0 | AN61: ='RKT 18_19 Infra'!HL26 -> 0 | AO61: =AN61*$G61 -> 0 | AP61: ='RKT 18_19 Infra'!HN26 -> 0 | AQ61: =AP61*$G61 -> 0 | AR61: =AL61+AN61+AP61 -> 0 | AS61: =AM61+AO61+AQ61 -> 0 | AT61: =AR61+AJ61 -> 350 | AU61: =AS61+AK61 -> 1289206590 | AV61: ='RKT 18_19 Infra'!HR26 -> 0 | AW61: ='RKT 18_19 Infra'!HS26 -> 0 | AX61: ='RKT 18_19 Infra'!HT26 -> 0 | AY61: ='RKT 18_19 Infra'!HU26 -> 0 | AZ61: ='RKT 18_19 Infra'!HV26 -> 0 | BA61: ='RKT 18_19 Infra'!HW26 -> 0 | BB61: =AV61+AX61+AZ61 -> 0 | BC61: =AW61+AY61+BA61 -> 0 | BD61: =BB61+AT61 -> 350 | BE61: =BC61+AU61 -> 1289206590 | BF61: ='RKT 18_19 Infra'!HZ26 -> 0 | BG61: ='RKT 18_19 Infra'!IA26 -> 0 | BH61: ='RKT 18_19 Infra'!IB26 -> 0 | BI61: ='RKT 18_19 Infra'!IC26 -> 0 | BJ61: ='RKT 18_19 Infra'!ID26 -> 0 | BK61: ='RKT 18_19 Infra'!IE26 -> 0 | BL61: 0 | BM61: =BG61+BI61+BK61 -> 0 | BN61: =BL61+BD61 -> 350 | BO61: =BM61+BE61 -> 1289206590 | BV61: =BP61+BR61+BT61 -> 0 | BW61: =BQ61+BS61+BU61 -> 0 | BX61: =BV61+BN61 -> 350 | BY61: =BW61+BO61 -> 1289206590 | CC61: =E61-BX61 -> 0 | CD61: =F61-BY61 -> 0 | CE61: 0 | CF61: =CE61-BY61 -> -1289206590 | CG61: =CF61-BZ61 -> -1289206590 | CI61: 0 | CJ61: 0 | CK61: 0
C62: Pemeliharaan Drainase dan Jembatan | AM62: =AL62*$G62 -> 0 | CA62: =E62*H62 -> 0 | CB62: =CA62-BD62 -> 0 | CC62: =E62-BX62 -> 0 | CD62: =F62-BY62 -> 0 | CF62: =CE62-BY62 -> 0 | CG62: =CF62-BZ62 -> 0 | CI62: 0 | CJ62: 0 | CK62: 0
C63: Total Drainase | F63: =SUM(F51:F62) -> 4.0271574e+09 | G63: =SUM(G51:G62) -> 11506164 | I63: =SUM(I51:I62) -> 11506164 | K63: =SUM(K51:K62) -> 0 | M63: =SUM(M51:M62) -> 1.5645433e+09 | O63: =SUM(O51:O62) -> 1.1734075e+09 | Q63: =SUM(Q51:Q62) -> 2.7379508e+09 | S63: =SUM(S51:S62) -> 0 | U63: =SUM(U51:U62) -> 0 | W63: =SUM(W51:W62) -> 0 | Y63: =SUM(Y51:Y62) -> 0 | AA63: =SUM(AA51:AA62) -> 2.7379508e+09 | AC63: =SUM(AC51:AC62) -> 736689480 | AE63: =SUM(AE51:AE62) -> 552517110 | AG63: =SUM(AG51:AG62) -> 0 | AI63: =SUM(AI51:AI62) -> 1289206590 | AK63: =SUM(AK51:AK62) -> 4.0271574e+09 | AM63: =SUM(AM51:AM62) -> 0 | AO63: =SUM(AO51:AO62) -> 0 | AQ63: =SUM(AQ51:AQ62) -> 0 | AS63: =SUM(AS51:AS62) -> 0 | AU63: =SUM(AU51:AU62) -> 4.0271574e+09 | AW63: =SUM(AW51:AW62) -> 0 | AY63: =SUM(AY51:AY62) -> 0 | BA63: =SUM(BA51:BA62) -> 0 | BC63: =SUM(BC51:BC62) -> 0 | BE63: =SUM(BE51:BE62) -> 4.0271574e+09 | BG63: =SUM(BG51:BG62) -> 0 | BI63: =SUM(BI51:BI62) -> 0 | BK63: =SUM(BK51:BK62) -> 0 | BM63: =SUM(BM51:BM62) -> 0 | BO63: =SUM(BO51:BO62) -> 4.0271574e+09 | BQ63: =SUM(BQ51:BQ62) -> 0 | BS63: =SUM(BS51:BS62) -> 0 | BU63: =SUM(BU51:BU62) -> 0 | BW63: =SUM(BW51:BW62) -> 0 | BY63: =SUM(BY51:BY62) -> 4.0271574e+09 | CA63: =E63*H63 -> 0 | CB63: =CA63-BD63 -> 0 | CC63: =E63-BX63 -> 0 | CD63: =F63-BY63 -> 0 | CE63: 5.4920362e+09 | CF63: =CE63-BY63 -> 1.4648788e+09 | CG63: =CF63-BZ63 -> 1.4648788e+09 | CI63: 7850906.7 | CJ63: 5639105 | CK63: 2211801.7
B64: 2 | C64: Jalan | CA64: =E64*H64 -> 0 | CB64: =CA64-BD64 -> 0 | CC64: =E64-BX64 -> 0 | CD64: =F64-BY64 -> 0 | CF64: =CE64-BY64 -> 0 | CG64: =CF64-BZ64 -> 0 | CI64: 0 | CJ64: 0 | CK64: 0
C65: Pembuatan Jalan | CA65: =E65*H65 -> 0 | CB65: =CA65-BD65 -> 0 | CC65: =E65-BX65 -> 0 | CD65: =F65-BY65 -> 0 | CF65: =CE65-BY65 -> 0 | CG65: =CF65-BZ65 -> 0 | CI65: 0 | CJ65: 0 | CK65: 0
C66: Jalan Produksi | E66: =$D$5 -> 350 | F66: =G66*E66 -> 91432008 | G66: =('RKT 18_19 Infra'!E17/'RKP 08'!$D$5)*'RKT 18_19 Infra'!D17 -> 261234.31 | H66: 1 | I66: =G66/H66 -> 261234.31 | J66: ='RKT 18_19 Infra'!GL17 -> 350 | K66: =J66*$G66 -> 91432008 | L66: ='RKT 18_19 Infra'!GN17 -> 0 | M66: =L66*$G66 -> 0 | N66: ='RKT 18_19 Infra'!GP17 -> 0 | O66: =N66*$G66 -> 0 | P66: =J66+L66+N66 -> 350 | Q66: =K66+M66+O66 -> 91432008 | R66: ='RKT 18_19 Infra'!GT17 -> 0 | S66: =R66*$G66 -> 0 | T66: ='RKT 18_19 Infra'!GV17 -> 0 | U66: =T66*$G66 -> 0 | V66: ='RKT 18_19 Infra'!GX17 -> 0 | W66: =V66*$G66 -> 0 | X66: =R66+T66+V66 -> 0 | Y66: =S66+U66+W66 -> 0 | Z66: =X66+P66 -> 350 | AA66: =Y66+Q66 -> 91432008 | AB66: ='RKT 18_19 Infra'!HB17 -> 0 | AC66: =AB66*$G66 -> 0 | AD66: ='RKT 18_19 Infra'!HD17 -> 0 | AE66: =AD66*$G66 -> 0 | AF66: ='RKT 18_19 Infra'!HF17 -> 0 | AG66: =AF66*$G66 -> 0 | AH66: =AB66+AD66+AF66 -> 0 | AI66: =AC66+AE66+AG66 -> 0 | AJ66: =AH66+Z66 -> 350 | AK66: =AI66+AA66 -> 91432008 | AM66: =AL66*$G66 -> 0 | AO66: =AN66*$G66 -> 0 | AQ66: =AP66*$G66 -> 0 | AR66: =AL66+AN66+AP66 -> 0 | AS66: =AM66+AO66+AQ66 -> 0 | AT66: =AR66+AJ66 -> 350 | AU66: =AS66+AK66 -> 91432008 | AW66: =AV66*$G66 -> 0 | AY66: =AX66*$G66 -> 0 | BA66: =AZ66*$G66 -> 0 | BB66: =AV66+AX66+AZ66 -> 0 | BC66: =AW66+AY66+BA66 -> 0 | BD66: =BB66+AT66 -> 350 | BE66: =BC66+AU66 -> 91432008 | BG66: =BF66*$G66 -> 0 | BI66: =BH66*$G66 -> 0 | BK66: =BJ66*$G66 -> 0 | BL66: =BF66+BH66+BJ66 -> 0 | BM66: =BG66+BI66+BK66 -> 0 | BN66: =BL66+BD66 -> 350 | BO66: =BM66+BE66 -> 91432008 | BQ66: =BP66*$G66 -> 0 | BS66: =BR66*$G66 -> 0 | BU66: =BT66*$G66 -> 0 | BV66: =BP66+BR66+BT66 -> 0 | BW66: =BQ66+BS66+BU66 -> 0 | BX66: =BV66+BN66 -> 350 | BY66: =BW66+BO66 -> 91432008 | CA66: =E66*H66 -> 350 | CB66: =CA66-BD66 -> 0 | CC66: =E66-BX66 -> 0 | CD66: =F66-BY66 -> 0 | CE66: 0 | CF66: =CE66-BY66 -> -91432008 | CG66: =CF66-BZ66 -> -91432008 | CI66: 0 | CJ66: 0 | CK66: 0
C67: Jalan Koleksi | E67: =$D$5 -> 350 | F67: =G67*E67 -> 2.7096178e+08 | G67: =('RKT 18_19 Infra'!E18/'RKP 08'!$D$5)*'RKT 18_19 Infra'!D18 -> 774176.5 | H67: 1 | I67: =G67/H67 -> 774176.5 | J67: ='RKT 18_19 Infra'!GL18 -> 350 | K67: =J67*$G67 -> 2.7096178e+08 | L67: ='RKT 18_19 Infra'!GN18 -> 0 | M67: =L67*$G67 -> 0 | N67: ='RKT 18_19 Infra'!GP18 -> 0 | O67: =N67*$G67 -> 0 | P67: =J67+L67+N67 -> 350 | Q67: =K67+M67+O67 -> 2.7096178e+08 | R67: ='RKT 18_19 Infra'!GT18 -> 0 | S67: =R67*$G67 -> 0 | T67: ='RKT 18_19 Infra'!GV18 -> 0 | U67: =T67*$G67 -> 0 | V67: ='RKT 18_19 Infra'!GX18 -> 0 | W67: =V67*$G67 -> 0 | X67: =R67+T67+V67 -> 0 | Y67: =S67+U67+W67 -> 0 | Z67: =X67+P67 -> 350 | AA67: =Y67+Q67 -> 2.7096178e+08 | AB67: ='RKT 18_19 Infra'!HB18 -> 0 | AC67: =AB67*$G67 -> 0 | AD67: ='RKT 18_19 Infra'!HD18 -> 0 | AE67: =AD67*$G67 -> 0 | AF67: ='RKT 18_19 Infra'!HF18 -> 0 | AG67: =AF67*$G67 -> 0 | AH67: =AB67+AD67+AF67 -> 0 | AI67: =AC67+AE67+AG67 -> 0 | AJ67: =AH67+Z67 -> 350 | AK67: =AI67+AA67 -> 2.7096178e+08 | AM67: =AL67*$G67 -> 0 | AO67: =AN67*$G67 -> 0 | AQ67: =AP67*$G67 -> 0 | AR67: =AL67+AN67+AP67 -> 0 | AS67: =AM67+AO67+AQ67 -> 0 | AT67: =AR67+AJ67 -> 350 | AU67: =AS67+AK67 -> 2.7096178e+08 | AW67: =AV67*$G67 -> 0 | AY67: =AX67*$G67 -> 0 | BA67: =AZ67*$G67 -> 0 | BB67: =AV67+AX67+AZ67 -> 0 | BC67: =AW67+AY67+BA67 -> 0 | BD67: =BB67+AT67 -> 350 | BE67: =BC67+AU67 -> 2.7096178e+08 | BG67: =BF67*$G67 -> 0 | BI67: =BH67*$G67 -> 0 | BK67: =BJ67*$G67 -> 0 | BL67: =BF67+BH67+BJ67 -> 0 | BM67: =BG67+BI67+BK67 -> 0 | BN67: =BL67+BD67 -> 350 | BO67: =BM67+BE67 -> 2.7096178e+08 | BQ67: =BP67*$G67 -> 0 | BS67: =BR67*$G67 -> 0 | BU67: =BT67*$G67 -> 0 | BV67: =BP67+BR67+BT67 -> 0 | BW67: =BQ67+BS67+BU67 -> 0 | BX67: =BV67+BN67 -> 350 | BY67: =BW67+BO67 -> 2.7096178e+08 | CA67: =E67*H67 -> 350 | CB67: =CA67-BD67 -> 0 | CC67: =E67-BX67 -> 0 | CD67: =F67-BY67 -> 0 | CE67: 831005050 | CF67: =CE67-BY67 -> 560043275 | CG67: =CF67-BZ67 -> 560043275 | CI67: 0 | CJ67: 0 | CK67: 0
C68: Sub Total Pembuatan Jalan | F68: =SUM(F66:F67) -> 3.6239378e+08 | G68: =SUM(G66:G67) -> 1035410.8 | I68: =SUM(I66:I67) -> 1035410.8 | K68: =SUM(K66:K67) -> 3.6239378e+08 | M68: =SUM(M66:M67) -> 0 | O68: =SUM(O66:O67) -> 0 | Q68: =SUM(Q66:Q67) -> 3.6239378e+08 | S68: =SUM(S66:S67) -> 0 | U68: =SUM(U66:U67) -> 0 | W68: =SUM(W66:W67) -> 0 | Y68: =SUM(Y66:Y67) -> 0 | AA68: =SUM(AA66:AA67) -> 3.6239378e+08 | AC68: =SUM(AC66:AC67) -> 0 | AE68: =SUM(AE66:AE67) -> 0 | AG68: =SUM(AG66:AG67) -> 0 | AI68: =SUM(AI66:AI67) -> 0 | AK68: =SUM(AK66:AK67) -> 3.6239378e+08 | AM68: =SUM(AM66:AM67) -> 0 | AO68: =SUM(AO66:AO67) -> 0 | AQ68: =SUM(AQ66:AQ67) -> 0 | AS68: =SUM(AS66:AS67) -> 0 | AU68: =SUM(AU66:AU67) -> 3.6239378e+08 | AW68: =SUM(AW66:AW67) -> 0 | AY68: =SUM(AY66:AY67) -> 0 | BA68: =SUM(BA66:BA67) -> 0 | BC68: =SUM(BC66:BC67) -> 0 | BE68: =SUM(BE66:BE67) -> 3.6239378e+08 | BG68: =SUM(BG66:BG67) -> 0 | BI68: =SUM(BI66:BI67) -> 0 | BK68: =SUM(BK66:BK67) -> 0 | BM68: =SUM(BM66:BM67) -> 0 | BO68: =SUM(BO66:BO67) -> 3.6239378e+08 | BQ68: =SUM(BQ66:BQ67) -> 0 | BS68: =SUM(BS66:BS67) -> 0 | BU68: =SUM(BU66:BU67) -> 0 | BW68: =SUM(BW66:BW67) -> 0 | BY68: =SUM(BY66:BY67) -> 3.6239378e+08 | CA68: =E68*H68 -> 0 | CB68: =CA68-BD68 -> 0 | CC68: =E68-BX68 -> 0 | CD68: =F68-BY68 -> 0 | CE68: 831005050 | CF68: =CE68-BY68 -> 4.6861127e+08 | CG68: =CF68-BZ68 -> 4.6861127e+08 | CI68: 0 | CJ68: 0 | CK68: 0
C69: Peningkatan Jalan | CA69: =E69*H69 -> 0 | CB69: =CA69-BD69 -> 0 | CC69: =E69-BX69 -> 0 | CD69: =F69-BY69 -> 0 | CF69: =CE69-BY69 -> 0 | CG69: =CF69-BZ69 -> 0 | CI69: 0 | CJ69: 0 | CK69: 0
C70: Jalan Produksi | E70: =$D$5 -> 350 | F70: ='RKT 18_19 Infra'!II27 -> 1.5994986e+09 | G70: =F70/E70 -> 4569996 | H70: 1 | I70: =G70/H70 -> 4569996 | K70: =J70*$G70 -> 0 | M70: =L70*$G70 -> 0 | O70: =N70*$G70 -> 0 | P70: =J70+L70+N70 -> 0 | Q70: =K70+M70+O70 -> 0 | S70: =R70*$G70 -> 0 | U70: =T70*$G70 -> 0 | W70: =V70*$G70 -> 0 | X70: =R70+T70+V70 -> 0 | Y70: =S70+U70+W70 -> 0 | Z70: =X70+P70 -> 0 | AA70: =Y70+Q70 -> 0 | AB70: 350 | AC70: =AB70*$G70 -> 1.5994986e+09 | AE70: =AD70*$G70 -> 0 | AG70: =AF70*$G70 -> 0 | AH70: =AB70+AD70+AF70 -> 350 | AI70: =AC70+AE70+AG70 -> 1.5994986e+09 | AJ70: =AH70+Z70 -> 350 | AK70: =AI70+AA70 -> 1.5994986e+09 | AL70: 0 | AM70: =AL70*$G70 -> 0 | AO70: =AN70*$G70 -> 0 | AQ70: =AP70*$G70 -> 0 | AR70: =AL70+AN70+AP70 -> 0 | AS70: =AM70+AO70+AQ70 -> 0 | AT70: =AR70+AJ70 -> 350 | AU70: =AS70+AK70 -> 1.5994986e+09 | AW70: =AV70*$G70 -> 0 | AY70: =AX70*$G70 -> 0 | BA70: =AZ70*$G70 -> 0 | BB70: =AV70+AX70+AZ70 -> 0 | BC70: =AW70+AY70+BA70 -> 0 | BD70: =BB70+AT70 -> 350 | BE70: =BC70+AU70 -> 1.5994986e+09 | BG70: =BF70*$G70 -> 0 | BI70: =BH70*$G70 -> 0 | BK70: =BJ70*$G70 -> 0 | BL70: =BF70+BH70+BJ70 -> 0 | BM70: =BG70+BI70+BK70 -> 0 | BN70: =BL70+BD70 -> 350 | BO70: =BM70+BE70 -> 1.5994986e+09 | BQ70: =BP70*$G70 -> 0 | BS70: =BR70*$G70 -> 0 | BU70: =BT70*$G70 -> 0 | BV70: =BP70+BR70+BT70 -> 0 | BW70: =BQ70+BS70+BU70 -> 0 | BX70: =BV70+BN70 -> 350 | BY70: =BW70+BO70 -> 1.5994986e+09 | CA70: =E70*H70 -> 350 | CB70: =CA70-BD70 -> 0 | CC70: =E70-BX70 -> 0 | CD70: =F70-BY70 -> 0 | CE70: 0 | CF70: =CE70-BY70 -> -1.5994986e+09 | CG70: =CF70-BZ70 -> -1.5994986e+09 | CI70: 0 | CJ70: 0 | CK70: 0
C71: Jalan Koleksi | E71: =$D$5 -> 350 | F71: ='RKT 18_19 Infra'!II28 -> 1.5994986e+09 | G71: =F71/E71 -> 4569996 | H71: 1 | I71: =G71/H71 -> 4569996 | K71: =J71*$G71 -> 0 | M71: =L71*$G71 -> 0 | O71: =N71*$G71 -> 0 | P71: =J71+L71+N71 -> 0 | Q71: =K71+M71+O71 -> 0 | S71: =R71*$G71 -> 0 | U71: =T71*$G71 -> 0 | W71: =V71*$G71 -> 0 | X71: =R71+T71+V71 -> 0 | Y71: =S71+U71+W71 -> 0 | Z71: =X71+P71 -> 0 | AA71: =Y71+Q71 -> 0 | AB71: 350 | AC71: =AB71*$G71 -> 1.5994986e+09 | AE71: =AD71*$G71 -> 0 | AG71: =AF71*$G71 -> 0 | AH71: =AB71+AD71+AF71 -> 350 | AI71: =AC71+AE71+AG71 -> 1.5994986e+09 | AJ71: =AH71+Z71 -> 350 | AK71: =AI71+AA71 -> 1.5994986e+09 | AM71: =AL71*$G71 -> 0 | AN71: 0 | AO71: =AN71*$G71 -> 0 | AQ71: =AP71*$G71 -> 0 | AR71: =AL71+AN71+AP71 -> 0 | AS71: =AM71+AO71+AQ71 -> 0 | AT71: =AR71+AJ71 -> 350 | AU71: =AS71+AK71 -> 1.5994986e+09 | AW71: =AV71*$G71 -> 0 | AY71: =AX71*$G71 -> 0 | BA71: =AZ71*$G71 -> 0 | BB71: =AV71+AX71+AZ71 -> 0 | BC71: =AW71+AY71+BA71 -> 0 | BD71: =BB71+AT71 -> 350 | BE71: =BC71+AU71 -> 1.5994986e+09 | BG71: =BF71*$G71 -> 0 | BI71: =BH71*$G71 -> 0 | BK71: =BJ71*$G71 -> 0 | BL71: =BF71+BH71+BJ71 -> 0 | BM71: =BG71+BI71+BK71 -> 0 | BN71: =BL71+BD71 -> 350 | BO71: =BM71+BE71 -> 1.5994986e+09 | BQ71: =BP71*$G71 -> 0 | BS71: =BR71*$G71 -> 0 | BU71: =BT71*$G71 -> 0 | BV71: =BP71+BR71+BT71 -> 0 | BW71: =BQ71+BS71+BU71 -> 0 | BX71: =BV71+BN71 -> 350 | BY71: =BW71+BO71 -> 1.5994986e+09 | CA71: =E71*H71 -> 350 | CB71: =CA71-BD71 -> 0 | CC71: =E71-BX71 -> 0 | CD71: =F71-BY71 -> 0 | CE71: 0 | CF71: =CE71-BY71 -> -1.5994986e+09 | CG71: =CF71-BZ71 -> -1.5994986e+09 | CI71: 0 | CJ71: 0 | CK71: 0
C72: Sub Total Peningkatan Jalan | F72: =SUM(F70:F71) -> 3.1989972e+09 | G72: =SUM(G70:G71) -> 9139992 | I72: =SUM(I70:I71) -> 9139992 | K72: =SUM(K70:K71) -> 0 | M72: =SUM(M70:M71) -> 0 | O72: =SUM(O70:O71) -> 0 | Q72: =SUM(Q70:Q71) -> 0 | S72: =SUM(S70:S71) -> 0 | U72: =SUM(U70:U71) -> 0 | W72: =SUM(W70:W71) -> 0 | Y72: =SUM(Y70:Y71) -> 0 | AA72: =SUM(AA70:AA71) -> 0 | AC72: =SUM(AC70:AC71) -> 3.1989972e+09 | AE72: =SUM(AE70:AE71) -> 0 | AG72: =SUM(AG70:AG71) -> 0 | AI72: =SUM(AI70:AI71) -> 3.1989972e+09 | AK72: =SUM(AK70:AK71) -> 3.1989972e+09 | AM72: =SUM(AM70:AM71) -> 0 | AO72: =SUM(AO70:AO71) -> 0 | AQ72: =SUM(AQ70:AQ71) -> 0 | AS72: =SUM(AS70:AS71) -> 0 | AU72: =SUM(AU70:AU71) -> 3.1989972e+09 | AW72: =SUM(AW70:AW71) -> 0 | AY72: =SUM(AY70:AY71) -> 0 | BA72: =SUM(BA70:BA71) -> 0 | BC72: =SUM(BC70:BC71) -> 0 | BE72: =SUM(BE70:BE71) -> 3.1989972e+09 | BG72: =SUM(BG70:BG71) -> 0 | BI72: =SUM(BI70:BI71) -> 0 | BK72: =SUM(BK70:BK71) -> 0 | BM72: =SUM(BM70:BM71) -> 0 | BO72: =SUM(BO70:BO71) -> 3.1989972e+09 | BQ72: =SUM(BQ70:BQ71) -> 0 | BS72: =SUM(BS70:BS71) -> 0 | BU72: =SUM(BU70:BU71) -> 0 | BW72: =SUM(BW70:BW71) -> 0 | BY72: =SUM(BY70:BY71) -> 3.1989972e+09 | CA72: =E72*H72 -> 0 | CB72: =CA72-BD72 -> 0 | CC72: =E72-BX72 -> 0 | CD72: =F72-BY72 -> 0 | CE72: 0 | CF72: =CE72-BY72 -> -3.1989972e+09 | CG72: =CF72-BZ72 -> -3.1989972e+09 | CI72: 0 | CJ72: 0 | CK72: 0
C73: Total Jalan | F73: =F68+F72 -> 3.561391e+09 | G73: =G68+G72 -> 10175403 | I73: =I68+I72 -> 10175403 | K73: =K68+K72 -> 3.6239378e+08 | M73: =M68+M72 -> 0 | O73: =O68+O72 -> 0 | Q73: =Q68+Q72 -> 3.6239378e+08 | S73: =S68+S72 -> 0 | U73: =U68+U72 -> 0 | W73: =W68+W72 -> 0 | Y73: =Y68+Y72 -> 0 | AA73: =AA68+AA72 -> 3.6239378e+08 | AC73: =AC68+AC72 -> 3.1989972e+09 | AE73: =AE68+AE72 -> 0 | AG73: =AG68+AG72 -> 0 | AI73: =AI68+AI72 -> 3.1989972e+09 | AK73: =AK68+AK72 -> 3.561391e+09 | AM73: =AM68+AM72 -> 0 | AO73: =AO68+AO72 -> 0 | AQ73: =AQ68+AQ72 -> 0 | AS73: =AS68+AS72 -> 0 | AU73: =AU68+AU72 -> 3.561391e+09 | AW73: =AW68+AW72 -> 0 | AY73: =AY68+AY72 -> 0 | BA73: =BA68+BA72 -> 0 | BC73: =BC68+BC72 -> 0 | BE73: =BE68+BE72 -> 3.561391e+09 | BG73: =BG68+BG72 -> 0 | BI73: =BI68+BI72 -> 0 | BK73: =BK68+BK72 -> 0 | BM73: =BM68+BM72 -> 0 | BO73: =BO68+BO72 -> 3.561391e+09 | BQ73: =BQ68+BQ72 -> 0 | BS73: =BS68+BS72 -> 0 | BU73: =BU68+BU72 -> 0 | BW73: =BW68+BW72 -> 0 | BY73: =BY68+BY72 -> 3.561391e+09 | CA73: =E73*H73 -> 0 | CB73: =CA73-BD73 -> 0 | CC73: =E73-BX73 -> 0 | CD73: =F73-BY73 -> 0 | CE73: 831005050 | CF73: =CE73-BY73 -> -2.7303859e+09 | CG73: =CF73-BZ73 -> -2.7303859e+09 | CI73: 0 | CJ73: 0 | CK73: 0
CA74: =E74*H74 -> 0 | CB74: =CA74-BD74 -> 0 | CC74: =E74-BX74 -> 0 | CD74: =F74-BY74 -> 0 | CF74: =CE74-BY74 -> 0 | CG74: =CF74-BZ74 -> 0 | CI74: 0 | CJ74: 0 | CK74: 0
C75: TOTAL INFRASTRUKTUR KEBUN | F75: =F63+F73 -> 7.5885483e+09 | G75: =G63+G73 -> 21681567 | I75: =I63+I73 -> 21681567 | K75: =K63+K73 -> 3.6239378e+08 | M75: =M63+M73 -> 1.5645433e+09 | O75: =O63+O73 -> 1.1734075e+09 | Q75: =Q63+Q73 -> 3.1003445e+09 | S75: =S63+S73 -> 0 | U75: =U63+U73 -> 0 | W75: =W63+W73 -> 0 | Y75: =Y63+Y73 -> 0 | AA75: =AA63+AA73 -> 3.1003445e+09 | AC75: =AC63+AC73 -> 3.9356867e+09 | AE75: =AE63+AE73 -> 552517110 | AG75: =AG63+AG73 -> 0 | AI75: =AI63+AI73 -> 4.4882038e+09 | AK75: =AK63+AK73 -> 7.5885483e+09 | AM75: =AM63+AM73 -> 0 | AO75: =AO63+AO73 -> 0 | AQ75: =AQ63+AQ73 -> 0 | AS75: =AS63+AS73 -> 0 | AU75: =AU63+AU73 -> 7.5885483e+09 | AW75: =AW63+AW73 -> 0 | AY75: =AY63+AY73 -> 0 | BA75: =BA63+BA73 -> 0 | BC75: =BC63+BC73 -> 0 | BE75: =BE63+BE73 -> 7.5885483e+09 | BG75: =BG63+BG73 -> 0 | BI75: =BI63+BI73 -> 0 | BK75: =BK63+BK73 -> 0 | BM75: =BM63+BM73 -> 0 | BO75: =BO63+BO73 -> 7.5885483e+09 | BQ75: =BQ63+BQ73 -> 0 | BS75: =BS63+BS73 -> 0 | BU75: =BU63+BU73 -> 0 | BW75: =BW63+BW73 -> 0 | BY75: =BY63+BY73 -> 7.5885483e+09 | CA75: =E75*H75 -> 0 | CB75: =CA75-BD75 -> 0 | CC75: =E75-BX75 -> 0 | CD75: =F75-BY75 -> 0 | CE75: 6.3230412e+09 | CF75: =CE75-BY75 -> -1.2655071e+09 | CG75: =CF75-BZ75 -> -1.2655071e+09 | CI75: 7850906.7 | CJ75: 5639105 | CK75: 2211801.7
B76: TOTAL TANAMAN & INFRASTRUKTUR KEBUN | F76: =F48+F75 -> 3.5301548e+10 | G76: =G48+G75 -> 1.0086157e+08 | I76: =I48+I75 -> 1.0086157e+08 | K76: =K48+K75 -> 3.6239378e+08 | M76: =M48+M75 -> 6.6098671e+09 | O76: =O48+O75 -> 4.9574003e+09 | Q76: =Q48+Q75 -> 1.1929661e+10 | S76: =S48+S75 -> 2.8088663e+09 | U76: =U48+U75 -> 2.1066497e+09 | W76: =W48+W75 -> 0 | Y76: =Y48+Y75 -> 4.915516e+09 | AA76: =AA48+AA75 -> 1.6845177e+10 | AC76: =AC48+AC75 -> 7.6645049e+09 | AE76: =AE48+AE75 -> 3.3491308e+09 | AG76: =AG48+AG75 -> 0 | AI76: =AI48+AI75 -> 1.1013636e+10 | AK76: =AK48+AK75 -> 2.7858813e+10 | AM76: =AM48+AM75 -> 4.2529915e+09 | AO76: =AO48+AO75 -> 3.1897436e+09 | AQ76: =AQ48+AQ75 -> 0 | AS76: =AS48+AS75 -> 7.4427351e+09 | AU76: =AU48+AU75 -> 3.5301548e+10 | AW76: =AW48+AW75 -> 0 | AY76: =AY48+AY75 -> 0 | BA76: =BA48+BA75 -> 0 | BC76: =BC48+BC75 -> 0 | BE76: =BE48+BE75 -> 3.5301548e+10 | BG76: =BG48+BG75 -> 0 | BI76: =BI48+BI75 -> 0 | BK76: =BK48+BK75 -> 0 | BM76: =BM48+BM75 -> 0 | BO76: =BO48+BO75 -> 3.5301548e+10 | BQ76: =BQ48+BQ75 -> 0 | BS76: =BS48+BS75 -> 0 | BU76: =BU48+BU75 -> 0 | BW76: =BW48+BW75 -> 0 | BY76: =BY48+BY75 -> 3.5301548e+10 | CA76: =E76*H76 -> 0 | CB76: =CA76-BD76 -> 0 | CC76: =E76-BX76 -> 0 | CD76: =F76-BY76 -> 0 | CE76: 7.7327194e+10 | CF76: =CE76-BY76 -> 4.2025646e+10 | CG76: =CF76-BZ76 -> 4.2025646e+10 | CI76: 68913990 | CJ76: 66702188 | CK76: 2211801.7
B77: B. | C77: NON TANAMAN | CA77: =E77*H77 -> 0 | CB77: =CA77-BD77 -> 0 | CC77: =E77-BX77 -> 0 | CD77: =F77-BY77 -> 0 | CF77: =CE77-BY77 -> 0 | CG77: =CF77-BZ77 -> 0 | CI77: 0 | CJ77: 0 | CK77: 0
B78: 1 | C78: Rumah Karyawan | E78: 4 | F78: =Q78+Y78+AI78+AS78+BC78+BM78 -> 3200000000 | G78: =F78/350 -> 9142857.1 | H78: 1 | I78: =G78*H78 -> 9142857.1 | K78: ='Rekap Non Tanaman'!C7 -> 0 | M78: ='Rekap Non Tanaman'!E7 -> 0 | N78: 4 | O78: ='Rekap Non Tanaman'!G7 -> 3200000000 | P78: =J78+L78+N78 -> 4 | Q78: =K78+M78+O78 -> 3200000000 | S78: ='Rekap Non Tanaman'!M7 -> 0 | U78: ='Rekap Non Tanaman'!O7 -> 0 | W78: ='Rekap Non Tanaman'!Q7 -> 0 | X78: =R78+T78+V78 -> 0 | Y78: =S78+U78+W78 -> 0 | Z78: =X78+P78 -> 4 | AA78: =Y78+Q78 -> 3200000000 | AC78: ='Rekap Non Tanaman'!W7 -> 0 | AE78: ='Rekap Non Tanaman'!Y7 -> 0 | AG78: ='Rekap Non Tanaman'!AA7 -> 0 | AH78: =AB78+AD78+AF78 -> 0 | AI78: =AC78+AE78+AG78 -> 0 | AJ78: =AH78+Z78 -> 4 | AK78: =AI78+AA78 -> 3200000000 | AM78: ='Rekap Non Tanaman'!AG7 -> 0 | AO78: ='Rekap Non Tanaman'!AI7 -> 0 | AQ78: ='Rekap Non Tanaman'!AK7 -> 0 | AR78: =AL78+AN78+AP78 -> 0 | AS78: =AM78+AO78+AQ78 -> 0 | AT78: =AR78+AJ78 -> 4 | AU78: =AS78+AK78 -> 3200000000 | AW78: ='Rekap Non Tanaman'!AQ7 -> 0 | AY78: ='Rekap Non Tanaman'!AS7 -> 0 | BA78: ='Rekap Non Tanaman'!AU7 -> 0 | BB78: =AV78+AX78+AZ78 -> 0 | BC78: =AW78+AY78+BA78 -> 0 | BD78: =BB78+AT78 -> 4 | BE78: =BC78+AU78 -> 3200000000 | BG78: ='Rekap Non Tanaman'!BA7 -> 0 | BI78: ='Rekap Non Tanaman'!BC7 -> 0 | BK78: ='Rekap Non Tanaman'!BE7 -> 0 | BL78: =BF78+BH78+BJ78 -> 0 | BM78: =BG78+BI78+BK78 -> 0 | BN78: =BL78+BD78 -> 4 | BO78: =BM78+BE78 -> 3200000000 | BQ78: ='Rekap Non Tanaman'!BK7 -> 0 | BS78: ='Rekap Non Tanaman'!BM7 -> 0 | BU78: ='Rekap Non Tanaman'!BO7 -> 0 | BV78: =BP78+BR78+BT78 -> 0 | BW78: =BQ78+BS78+BU78 -> 0 | BX78: =BV78+BN78 -> 4 | BY78: =BW78+BO78 -> 3200000000 | CA78: =E78*H78 -> 4 | CB78: =CA78-BD78 -> 0 | CC78: =E78-BX78 -> 0 | CD78: =F78-BY78 -> 0 | CE78: 15912000000 | CF78: =CE78-BY78 -> 12712000000 | CG78: =CF78-BZ78 -> 12712000000 | CI78: 0 | CJ78: 0 | CK78: 0
B79: 2 | C79: Bangunan Perusahaan | E79: 1 | F79: =Q79+Y79+AI79+AS79+BC79+BM79 -> 472000000 | G79: =F79/350 -> 1348571.4 | H79: 1 | I79: =G79*H79 -> 1348571.4 | K79: ='Rekap Non Tanaman'!C11 -> 0 | M79: ='Rekap Non Tanaman'!E11 -> 0 | N79: 1 | O79: ='Rekap Non Tanaman'!G11 -> 472000000 | P79: =J79+L79+N79 -> 1 | Q79: =K79+M79+O79 -> 472000000 | S79: ='Rekap Non Tanaman'!M11 -> 0 | U79: ='Rekap Non Tanaman'!O11 -> 0 | W79: ='Rekap Non Tanaman'!Q11 -> 0 | X79: =R79+T79+V79 -> 0 | Y79: =S79+U79+W79 -> 0 | Z79: =X79+P79 -> 1 | AA79: =Y79+Q79 -> 472000000 | AC79: ='Rekap Non Tanaman'!W11 -> 0 | AE79: ='Rekap Non Tanaman'!Y11 -> 0 | AG79: ='Rekap Non Tanaman'!AA11 -> 0 | AH79: =AB79+AD79+AF79 -> 0 | AI79: =AC79+AE79+AG79 -> 0 | AJ79: =AH79+Z79 -> 1 | AK79: =AI79+AA79 -> 472000000 | AM79: ='Rekap Non Tanaman'!AG11 -> 0 | AO79: ='Rekap Non Tanaman'!AI11 -> 0 | AQ79: ='Rekap Non Tanaman'!AK11 -> 0 | AR79: =AL79+AN79+AP79 -> 0 | AS79: =AM79+AO79+AQ79 -> 0 | AT79: =AR79+AJ79 -> 1 | AU79: =AS79+AK79 -> 472000000 | AW79: ='Rekap Non Tanaman'!AQ11 -> 0 | AY79: ='Rekap Non Tanaman'!AS11 -> 0 | BA79: ='Rekap Non Tanaman'!AU11 -> 0 | BB79: =AV79+AX79+AZ79 -> 0 | BC79: =AW79+AY79+BA79 -> 0 | BD79: =BB79+AT79 -> 1 | BE79: =BC79+AU79 -> 472000000 | BG79: ='Rekap Non Tanaman'!BA11 -> 0 | BI79: ='Rekap Non Tanaman'!BC11 -> 0 | BK79: ='Rekap Non Tanaman'!BE11 -> 0 | BL79: =BF79+BH79+BJ79 -> 0 | BM79: =BG79+BI79+BK79 -> 0 | BN79: =BL79+BD79 -> 1 | BO79: =BM79+BE79 -> 472000000 | BQ79: ='Rekap Non Tanaman'!BK11 -> 0 | BS79: ='Rekap Non Tanaman'!BM11 -> 0 | BU79: ='Rekap Non Tanaman'!BO11 -> 0 | BV79: =BP79+BR79+BT79 -> 0 | BW79: =BQ79+BS79+BU79 -> 0 | BX79: =BV79+BN79 -> 1 | BY79: =BW79+BO79 -> 472000000 | CA79: =E79*H79 -> 1 | CB79: =CA79-BD79 -> 0 | CC79: =E79-BX79 -> 0 | CD79: =F79-BY79 -> 0 | CE79: 2633000000 | CF79: =CE79-BY79 -> 2161000000 | CG79: =CF79-BZ79 -> 2161000000 | CI79: 0 | CJ79: 0 | CK79: 0
B80: 3 | C80: Mesin dan Peralatan | E80: 1 | F80: =Q80+Y80+AI80+AS80+BC80+BM80 -> 120000000 | G80: =F80/350 -> 342857.14 | H80: 1 | I80: =G80*H80 -> 342857.14 | K80: ='Rekap Non Tanaman'!C15 -> 0 | M80: ='Rekap Non Tanaman'!E15 -> 0 | N80: 1 | O80: ='Rekap Non Tanaman'!G15 -> 120000000 | P80: =J80+L80+N80 -> 1 | Q80: =K80+M80+O80 -> 120000000 | S80: ='Rekap Non Tanaman'!M15 -> 0 | U80: ='Rekap Non Tanaman'!O15 -> 0 | W80: ='Rekap Non Tanaman'!Q15 -> 0 | X80: =R80+T80+V80 -> 0 | Y80: =S80+U80+W80 -> 0 | Z80: =X80+P80 -> 1 | AA80: =Y80+Q80 -> 120000000 | AC80: ='Rekap Non Tanaman'!W15 -> 0 | AE80: ='Rekap Non Tanaman'!Y15 -> 0 | AG80: ='Rekap Non Tanaman'!AA15 -> 0 | AH80: =AB80+AD80+AF80 -> 0 | AI80: =AC80+AE80+AG80 -> 0 | AJ80: =AH80+Z80 -> 1 | AK80: =AI80+AA80 -> 120000000 | AM80: ='Rekap Non Tanaman'!AG15 -> 0 | AO80: ='Rekap Non Tanaman'!AI15 -> 0 | AQ80: ='Rekap Non Tanaman'!AK15 -> 0 | AR80: =AL80+AN80+AP80 -> 0 | AS80: =AM80+AO80+AQ80 -> 0 | AT80: =AR80+AJ80 -> 1 | AU80: =AS80+AK80 -> 120000000 | AW80: ='Rekap Non Tanaman'!AP15 -> 0 | AY80: ='Rekap Non Tanaman'!AS15 -> 0 | BA80: ='Rekap Non Tanaman'!AU15 -> 0 | BB80: =AV80+AX80+AZ80 -> 0 | BC80: =AW80+AY80+BA80 -> 0 | BD80: =BB80+AT80 -> 1 | BE80: =BC80+AU80 -> 120000000 | BG80: ='Rekap Non Tanaman'!BA15 -> 0 | BI80: ='Rekap Non Tanaman'!BC15 -> 0 | BK80: ='Rekap Non Tanaman'!BE15 -> 0 | BL80: =BF80+BH80+BJ80 -> 0 | BM80: =BG80+BI80+BK80 -> 0 | BN80: =BL80+BD80 -> 1 | BO80: =BM80+BE80 -> 120000000 | BQ80: ='Rekap Non Tanaman'!BK15 -> 0 | BS80: ='Rekap Non Tanaman'!BM15 -> 0 | BU80: ='Rekap Non Tanaman'!BO15 -> 0 | BV80: =BP80+BR80+BT80 -> 0 | BW80: =BQ80+BS80+BU80 -> 0 | BX80: =BV80+BN80 -> 1 | BY80: =BW80+BO80 -> 120000000 | CA80: =E80*H80 -> 1 | CB80: =CA80-BD80 -> 0 | CC80: =E80-BX80 -> 0 | CD80: =F80-BY80 -> 0 | CE80: 1056000000 | CF80: =CE80-BY80 -> 936000000 | CG80: =CF80-BZ80 -> 936000000 | CI80: 0 | CJ80: 0 | CK80: 0
B81: 4 | C81: Alat Berat | F81: =Q81+Y81+AI81+AS81+BC81+BM81 -> 0 | H81: 1 | I81: =G81*H81 -> 0 | K81: ='Rekap Non Tanaman'!C19 -> 0 | M81: ='Rekap Non Tanaman'!E19 -> 0 | O81: ='Rekap Non Tanaman'!G19 -> 0 | P81: =J81+L81+N81 -> 0 | Q81: =K81+M81+O81 -> 0 | S81: ='Rekap Non Tanaman'!M19 -> 0 | U81: ='Rekap Non Tanaman'!O19 -> 0 | W81: ='Rekap Non Tanaman'!Q19 -> 0 | X81: =R81+T81+V81 -> 0 | Y81: =S81+U81+W81 -> 0 | Z81: =X81+P81 -> 0 | AA81: =Y81+Q81 -> 0 | AC81: ='Rekap Non Tanaman'!W19 -> 0 | AE81: ='Rekap Non Tanaman'!Y19 -> 0 | AG81: ='Rekap Non Tanaman'!AA19 -> 0 | AH81: =AB81+AD81+AF81 -> 0 | AI81: =AC81+AE81+AG81 -> 0 | AJ81: =AH81+Z81 -> 0 | AK81: =AI81+AA81 -> 0 | AM81: ='Rekap Non Tanaman'!AG19 -> 0 | AO81: ='Rekap Non Tanaman'!AI19 -> 0 | AQ81: ='Rekap Non Tanaman'!AK19 -> 0 | AR81: =AL81+AN81+AP81 -> 0 | AS81: =AM81+AO81+AQ81 -> 0 | AT81: =AR81+AJ81 -> 0 | AU81: =AS81+AK81 -> 0 | AW81: ='Rekap Non Tanaman'!AQ19 -> 0 | AY81: ='Rekap Non Tanaman'!AS19 -> 0 | BA81: ='Rekap Non Tanaman'!AU19 -> 0 | BB81: =AV81+AX81+AZ81 -> 0 | BC81: =AW81+AY81+BA81 -> 0 | BD81: =BB81+AT81 -> 0 | BE81: =BC81+AU81 -> 0 | BG81: ='Rekap Non Tanaman'!BA19 -> 0 | BI81: ='Rekap Non Tanaman'!BC19 -> 0 | BK81: ='Rekap Non Tanaman'!BE19 -> 0 | BL81: =BF81+BH81+BJ81 -> 0 | BM81: =BG81+BI81+BK81 -> 0 | BN81: =BL81+BD81 -> 0 | BO81: =BM81+BE81 -> 0 | BQ81: ='Rekap Non Tanaman'!BK19 -> 0 | BS81: ='Rekap Non Tanaman'!BM19 -> 0 | BU81: ='Rekap Non Tanaman'!BO19 -> 0 | BV81: =BP81+BR81+BT81 -> 0 | BW81: =BQ81+BS81+BU81 -> 0 | BX81: =BV81+BN81 -> 0 | BY81: =BW81+BO81 -> 0 | CA81: =E81*H81 -> 0 | CB81: =CA81-BD81 -> 0 | CC81: =E81-BX81 -> 0 | CD81: =F81-BY81 -> 0 | CE81: 1080000000 | CF81: =CE81-BY81 -> 1080000000 | CG81: =CF81-BZ81 -> 1080000000 | CI81: 0 | CJ81: 0 | CK81: 0
C82: Kendaraan Bermotor | F82: =Q82+Y82+AI82+AS82+BC82+BM82 -> 0 | K82: ='Rekap Non Tanaman'!C23 -> 0 | M82: ='Rekap Non Tanaman'!E23 -> 0 | O82: ='Rekap Non Tanaman'!G23 -> 0 | P82: =J82+L82+N82 -> 0 | Q82: =K82+M82+O82 -> 0 | S82: ='Rekap Non Tanaman'!M23 -> 0 | U82: ='Rekap Non Tanaman'!O23 -> 0 | W82: ='Rekap Non Tanaman'!Q23 -> 0 | X82: =R82+T82+V82 -> 0 | Y82: =S82+U82+W82 -> 0 | Z82: =X82+P82 -> 0 | AA82: =Y82+Q82 -> 0 | AC82: ='Rekap Non Tanaman'!W23 -> 0 | AE82: ='Rekap Non Tanaman'!Y23 -> 0 | AG82: ='Rekap Non Tanaman'!AA23 -> 0 | AH82: =AB82+AD82+AF82 -> 0 | AI82: =AC82+AE82+AG82 -> 0 | AJ82: =AH82+Z82 -> 0 | AK82: =AI82+AA82 -> 0 | AM82: ='Rekap Non Tanaman'!AG23 -> 0 | AO82: ='Rekap Non Tanaman'!AI23 -> 0 | AQ82: ='Rekap Non Tanaman'!AK23 -> 0 | AR82: =AL82+AN82+AP82 -> 0 | AS82: =AM82+AO82+AQ82 -> 0 | AT82: =AR82+AJ82 -> 0 | AU82: =AS82+AK82 -> 0 | AW82: ='Rekap Non Tanaman'!AQ23 -> 0 | AY82: ='Rekap Non Tanaman'!AS23 -> 0 | BA82: ='Rekap Non Tanaman'!AU23 -> 0 | BB82: =AV82+AX82+AZ82 -> 0 | BC82: =AW82+AY82+BA82 -> 0 | BD82: =BB82+AT82 -> 0 | BE82: =BC82+AU82 -> 0 | BG82: ='Rekap Non Tanaman'!BA23 -> 0 | BI82: ='Rekap Non Tanaman'!BC23 -> 0 | BK82: ='Rekap Non Tanaman'!BE23 -> 0 | BL82: =BF82+BH82+BJ82 -> 0 | BM82: =BG82+BI82+BK82 -> 0 | BN82: =BL82+BD82 -> 0 | BO82: =BM82+BE82 -> 0 | BQ82: ='Rekap Non Tanaman'!BK23 -> 0 | BS82: ='Rekap Non Tanaman'!BM23 -> 0 | BU82: ='Rekap Non Tanaman'!BO23 -> 0 | BV82: =BP82+BR82+BT82 -> 0 | BW82: =BQ82+BS82+BU82 -> 0 | BX82: =BV82+BN82 -> 0 | BY82: =BW82+BO82 -> 0 | CC82: =E82-BX82 -> 0 | CD82: =F82-BY82 -> 0 | CE82: 1410000000 | CF82: =CE82-BY82 -> 1410000000 | CG82: =CF82-BZ82 -> 1410000000 | CI82: 0 | CJ82: 0 | CK82: 0
B83: 5 | C83: FFOE Perusahaan | F83: =Q83+Y83+AI83+AS83+BC83+BM83 -> 0 | H83: 1 | I83: =G83*H83 -> 0 | K83: ='Rekap Non Tanaman'!C27 -> 0 | M83: ='Rekap Non Tanaman'!E27 -> 0 | O83: ='Rekap Non Tanaman'!G27 -> 0 | P83: =J83+L83+N83 -> 0 | Q83: =K83+M83+O83 -> 0 | S83: ='Rekap Non Tanaman'!M27 -> 0 | U83: ='Rekap Non Tanaman'!O27 -> 0 | W83: ='Rekap Non Tanaman'!Q27 -> 0 | X83: =R83+T83+V83 -> 0 | Y83: =S83+U83+W83 -> 0 | Z83: =X83+P83 -> 0 | AA83: =Y83+Q83 -> 0 | AC83: ='Rekap Non Tanaman'!W27 -> 0 | AE83: ='Rekap Non Tanaman'!Y27 -> 0 | AG83: ='Rekap Non Tanaman'!AA27 -> 0 | AH83: =AB83+AD83+AF83 -> 0 | AI83: =AC83+AE83+AG83 -> 0 | AJ83: =AH83+Z83 -> 0 | AK83: =AI83+AA83 -> 0 | AM83: ='Rekap Non Tanaman'!AG27 -> 0 | AO83: ='Rekap Non Tanaman'!AI27 -> 0 | AQ83: ='Rekap Non Tanaman'!AK27 -> 0 | AR83: =AL83+AN83+AP83 -> 0 | AS83: =AM83+AO83+AQ83 -> 0 | AT83: =AR83+AJ83 -> 0 | AU83: =AS83+AK83 -> 0 | AW83: ='Rekap Non Tanaman'!AQ27 -> 0 | AY83: ='Rekap Non Tanaman'!AS27 -> 0 | BA83: ='Rekap Non Tanaman'!AU27 -> 0 | BB83: =AV83+AX83+AZ83 -> 0 | BC83: =AW83+AY83+BA83 -> 0 | BD83: =BB83+AT83 -> 0 | BE83: =BC83+AU83 -> 0 | BG83: ='Rekap Non Tanaman'!BA27 -> 0 | BI83: ='Rekap Non Tanaman'!BC27 -> 0 | BK83: ='Rekap Non Tanaman'!BE27 -> 0 | BL83: =BF83+BH83+BJ83 -> 0 | BM83: =BG83+BI83+BK83 -> 0 | BN83: =BL83+BD83 -> 0 | BO83: =BM83+BE83 -> 0 | BQ83: ='Rekap Non Tanaman'!BK27 -> 0 | BS83: ='Rekap Non Tanaman'!BM27 -> 0 | BU83: ='Rekap Non Tanaman'!BO27 -> 0 | BV83: =BP83+BR83+BT83 -> 0 | BW83: =BQ83+BS83+BU83 -> 0 | BX83: =BV83+BN83 -> 0 | BY83: =BW83+BO83 -> 0 | CA83: =E83*H83 -> 0 | CB83: =CA83-BD83 -> 0 | CC83: =E83-BX83 -> 0 | CD83: =F83-BY83 -> 0 | CE83: 122880000 | CF83: =CE83-BY83 -> 122880000 | CG83: =CF83-BZ83 -> 122880000 | CI83: 0 | CJ83: 0 | CK83: 0
B84: 6 | C84: FFOE Perumahan | F84: =Q84+Y84+AI84+AS84+BC84+BM84 -> 0 | H84: 1 | I84: =G84*H84 -> 0 | K84: ='Rekap Non Tanaman'!C31 -> 0 | M84: ='Rekap Non Tanaman'!E31 -> 0 | O84: ='Rekap Non Tanaman'!G31 -> 0 | P84: =J84+L84+N84 -> 0 | Q84: =K84+M84+O84 -> 0 | S84: ='Rekap Non Tanaman'!M31 -> 0 | U84: ='Rekap Non Tanaman'!O31 -> 0 | W84: ='Rekap Non Tanaman'!Q31 -> 0 | X84: =R84+T84+V84 -> 0 | Y84: =S84+U84+W84 -> 0 | Z84: =X84+P84 -> 0 | AA84: =Y84+Q84 -> 0 | AC84: ='Rekap Non Tanaman'!W31 -> 0 | AE84: ='Rekap Non Tanaman'!Y31 -> 0 | AG84: ='Rekap Non Tanaman'!AA31 -> 0 | AH84: =AB84+AD84+AF84 -> 0 | AI84: =AC84+AE84+AG84 -> 0 | AJ84: =AH84+Z84 -> 0 | AK84: =AI84+AA84 -> 0 | AM84: ='Rekap Non Tanaman'!AG35 -> 0 | AO84: ='Rekap Non Tanaman'!AI31 -> 0 | AQ84: ='Rekap Non Tanaman'!AK31 -> 0 | AR84: =AL84+AN84+AP84 -> 0 | AS84: =AM84+AO84+AQ84 -> 0 | AT84: =AR84+AJ84 -> 0 | AU84: =AS84+AK84 -> 0 | AW84: ='Rekap Non Tanaman'!AQ31 -> 0 | AY84: ='Rekap Non Tanaman'!AS31 -> 0 | BA84: ='Rekap Non Tanaman'!AU31 -> 0 | BB84: =AV84+AX84+AZ84 -> 0 | BC84: =AW84+AY84+BA84 -> 0 | BD84: =BB84+AT84 -> 0 | BE84: =BC84+AU84 -> 0 | BG84: ='Rekap Non Tanaman'!BA31 -> 0 | BI84: ='Rekap Non Tanaman'!BC31 -> 0 | BK84: ='Rekap Non Tanaman'!BE31 -> 0 | BL84: =BF84+BH84+BJ84 -> 0 | BM84: =BG84+BI84+BK84 -> 0 | BN84: =BL84+BD84 -> 0 | BO84: =BM84+BE84 -> 0 | BQ84: ='Rekap Non Tanaman'!BK31 -> 0 | BS84: ='Rekap Non Tanaman'!BM31 -> 0 | BU84: ='Rekap Non Tanaman'!BO31 -> 0 | BV84: =BP84+BR84+BT84 -> 0 | BW84: =BQ84+BS84+BU84 -> 0 | BX84: =BV84+BN84 -> 0 | BY84: =BW84+BO84 -> 0 | CA84: =E84*H84 -> 0 | CB84: =CA84-BD84 -> 0 | CC84: =E84-BX84 -> 0 | CD84: =F84-BY84 -> 0 | CE84: 123300000 | CF84: =CE84-BY84 -> 123300000 | CG84: =CF84-BZ84 -> 123300000 | CI84: 0 | CJ84: 0 | CK84: 0
B85: 7 | C85: Kapital Pabrik | F85: =Q85+Y85+AI85+AS85+BC85+BM85 -> 0 | H85: 1 | I85: =G85*H85 -> 0 | K85: ='Rekap Non Tanaman'!C35 -> 0 | M85: ='Rekap Non Tanaman'!E35 -> 0 | O85: ='Rekap Non Tanaman'!G35 -> 0 | P85: =J85+L85+N85 -> 0 | Q85: =K85+M85+O85 -> 0 | S85: ='Rekap Non Tanaman'!M35 -> 0 | U85: ='Rekap Non Tanaman'!O35 -> 0 | W85: ='Rekap Non Tanaman'!Q35 -> 0 | X85: =R85+T85+V85 -> 0 | Y85: =S85+U85+W85 -> 0 | Z85: =X85+P85 -> 0 | AA85: =Y85+Q85 -> 0 | AC85: ='Rekap Non Tanaman'!W35 -> 0 | AE85: ='Rekap Non Tanaman'!Y35 -> 0 | AG85: ='Rekap Non Tanaman'!AA35 -> 0 | AH85: =AB85+AD85+AF85 -> 0 | AI85: =AC85+AE85+AG85 -> 0 | AJ85: =AH85+Z85 -> 0 | AK85: =AI85+AA85 -> 0 | AM85: =AL85*$I85 -> 0 | AO85: =AN85*$I85 -> 0 | AQ85: =AP85*$I85 -> 0 | AR85: =AL85+AN85+AP85 -> 0 | AS85: =AM85+AO85+AQ85 -> 0 | AT85: =AR85+AJ85 -> 0 | AU85: =AS85+AK85 -> 0 | AW85: =AV85*$I85 -> 0 | AY85: =AX85*$I85 -> 0 | BA85: =AZ85*$I85 -> 0 | BB85: =AV85+AX85+AZ85 -> 0 | BC85: =AW85+AY85+BA85 -> 0 | BD85: =BB85+AT85 -> 0 | BE85: =BC85+AU85 -> 0 | BG85: =BF85*$I85 -> 0 | BI85: =BH85*$I85 -> 0 | BK85: =BJ85*$I85 -> 0 | BL85: =BF85+BH85+BJ85 -> 0 | BM85: =BG85+BI85+BK85 -> 0 | BN85: =BL85+BD85 -> 0 | BO85: =BM85+BE85 -> 0 | BQ85: =BP85*$I85 -> 0 | BS85: =BR85*$I85 -> 0 | BU85: =BT85*$I85 -> 0 | BV85: =BP85+BR85+BT85 -> 0 | BW85: =BQ85+BS85+BU85 -> 0 | BX85: =BV85+BN85 -> 0 | BY85: =BW85+BO85 -> 0 | CA85: =E85*H85 -> 0 | CB85: =CA85-BD85 -> 0 | CC85: =E85-BX85 -> 0 | CD85: =F85-BY85 -> 0 | CE85: 10000000000 | CF85: =CE85-BY85 -> 10000000000 | CG85: =CF85-BZ85 -> 10000000000 | CI85: 0 | CJ85: 0 | CK85: 0
B86: TOTAL BIAYA NON TANAMAN | F86: =SUM(F78:F85) -> 3792000000 | G86: =G78+G79+G80+G85 -> 10834286 | I86: =I78+I79+I80+I85 -> 10834286 | K86: =SUM(K78:K85) -> 0 | M86: =SUM(M78:M85) -> 0 | O86: =SUM(O78:O85) -> 3792000000 | Q86: =SUM(Q78:Q85) -> 3792000000 | S86: =SUM(S78:S85) -> 0 | U86: =SUM(U78:U85) -> 0 | W86: =SUM(W78:W85) -> 0 | Y86: =SUM(Y78:Y85) -> 0 | AA86: =SUM(AA78:AA85) -> 3792000000 | AC86: =SUM(AC78:AC85) -> 0 | AE86: =SUM(AE78:AE85) -> 0 | AG86: =SUM(AG78:AG85) -> 0 | AI86: =SUM(AI78:AI85) -> 0 | AK86: =SUM(AK78:AK85) -> 3792000000 | AM86: =SUM(AM78:AM85) -> 0 | AO86: =SUM(AO78:AO85) -> 0 | AQ86: =SUM(AQ78:AQ85) -> 0 | AS86: =SUM(AS78:AS85) -> 0 | AU86: =SUM(AU78:AU85) -> 3792000000 | AW86: =SUM(AW78:AW85) -> 0 | AY86: =SUM(AY78:AY85) -> 0 | BA86: =SUM(BA78:BA85) -> 0 | BC86: =SUM(BC78:BC85) -> 0 | BE86: =SUM(BE78:BE85) -> 3792000000 | BG86: =SUM(BG78:BG85) -> 0 | BI86: =SUM(BI78:BI85) -> 0 | BK86: =SUM(BK78:BK85) -> 0 | BM86: =SUM(BM78:BM85) -> 0 | BO86: =SUM(BO78:BO85) -> 3792000000 | BQ86: =SUM(BQ78:BQ85) -> 0 | BS86: =SUM(BS78:BS85) -> 0 | BU86: =SUM(BU78:BU85) -> 0 | BW86: =SUM(BW78:BW85) -> 0 | BY86: =SUM(BY78:BY85) -> 3792000000 | CA86: =E86*H86 -> 0 | CB86: =CA86-BD86 -> 0 | CC86: =E86-BX86 -> 0 | CD86: =F86-BY86 -> 0 | CE86: 32337180000 | CF86: =CE86-BY86 -> 28545180000 | CG86: =CF86-BZ86 -> 28545180000 | CI86: 0 | CJ86: 0 | CK86: 0
B87: C. | C87: PRA OPERASIONAL | CA87: =E87*H87 -> 0 | CB87: =CA87-BD87 -> 0 | CC87: =E87-BX87 -> 0 | CD87: =F87-BY87 -> 0 | CF87: =CE87-BY87 -> 0 | CG87: =CF87-BZ87 -> 0 | CI87: 0 | CJ87: 0 | CK87: 0
B88: 1 | C88: Pra Survey | E88: =$D$5 -> 350 | F88: =E88*G88 -> 17500000 | G88: 50000 | H88: 1 | I88: =G88*H88 -> 50000 | J88: =E88 -> 350 | K88: =J88*$G88 -> 17500000 | M88: =L88*$G88 -> 0 | O88: =N88*$G88 -> 0 | P88: =J88+L88+N88 -> 350 | Q88: =K88+M88+O88 -> 17500000 | S88: =R88*$G88 -> 0 | U88: =T88*$G88 -> 0 | W88: =V88*$G88 -> 0 | X88: =R88+T88+V88 -> 0 | Y88: =S88+U88+W88 -> 0 | Z88: =X88+P88 -> 350 | AA88: =Y88+Q88 -> 17500000 | AC88: =AB88*$G88 -> 0 | AE88: =AD88*$G88 -> 0 | AG88: =AF88*$G88 -> 0 | AH88: =AB88+AD88+AF88 -> 0 | AI88: =AC88+AE88+AG88 -> 0 | AJ88: =AH88+Z88 -> 350 | AK88: =AI88+AA88 -> 17500000 | AM88: =AL88*$G88 -> 0 | AO88: =AN88*$G88 -> 0 | AQ88: =AP88*$G88 -> 0 | AR88: =AL88+AN88+AP88 -> 0 | AS88: =AM88+AO88+AQ88 -> 0 | AT88: =AR88+AJ88 -> 350 | AU88: =AS88+AK88 -> 17500000 | AW88: =AV88*$G88 -> 0 | AY88: =AX88*$G88 -> 0 | BA88: =AZ88*$G88 -> 0 | BB88: =AV88+AX88+AZ88 -> 0 | BC88: =AW88+AY88+BA88 -> 0 | BD88: =BB88+AT88 -> 350 | BE88: =BC88+AU88 -> 17500000 | BG88: =BF88*$G88 -> 0 | BI88: =BH88*$G88 -> 0 | BK88: =BJ88*$G88 -> 0 | BL88: =BF88+BH88+BJ88 -> 0 | BM88: =BG88+BI88+BK88 -> 0 | BN88: =BL88+BD88 -> 350 | BO88: =BM88+BE88 -> 17500000 | BQ88: =BP88*$G88 -> 0 | BS88: =BR88*$G88 -> 0 | BU88: =BT88*$G88 -> 0 | BV88: =BP88+BR88+BT88 -> 0 | BW88: =BQ88+BS88+BU88 -> 0 | BX88: =BV88+BN88 -> 350 | BY88: =BW88+BO88 -> 17500000 | CA88: =E88*H88 -> 350 | CB88: =CA88-BD88 -> 0 | CC88: =E88-BX88 -> 0 | CD88: =F88-BY88 -> 0 | CE88: 0 | CF88: =CE88-BY88 -> -17500000 | CG88: =CF88-BZ88 -> -17500000 | CI88: 25000 | CJ88: 25000 | CK88: 0
B89: 2 | C89: Studi Kelayakan | E89: =$D$5 -> 350 | F89: =E89*G89 -> 35000000 | G89: 100000 | H89: 1 | I89: =G89*H89 -> 100000 | J89: =J88 -> 350 | K89: =J89*$G89 -> 35000000 | M89: =L89*$G89 -> 0 | O89: =N89*$G89 -> 0 | P89: =J89+L89+N89 -> 350 | Q89: =K89+M89+O89 -> 35000000 | S89: =R89*$G89 -> 0 | U89: =T89*$G89 -> 0 | W89: =V89*$G89 -> 0 | X89: =R89+T89+V89 -> 0 | Y89: =S89+U89+W89 -> 0 | Z89: =X89+P89 -> 350 | AA89: =Y89+Q89 -> 35000000 | AC89: =AB89*$G89 -> 0 | AE89: =AD89*$G89 -> 0 | AG89: =AF89*$G89 -> 0 | AH89: =AB89+AD89+AF89 -> 0 | AI89: =AC89+AE89+AG89 -> 0 | AJ89: =AH89+Z89 -> 350 | AK89: =AI89+AA89 -> 35000000 | AM89: =AL89*$G89 -> 0 | AO89: =AN89*$G89 -> 0 | AQ89: =AP89*$G89 -> 0 | AR89: =AL89+AN89+AP89 -> 0 | AS89: =AM89+AO89+AQ89 -> 0 | AT89: =AR89+AJ89 -> 350 | AU89: =AS89+AK89 -> 35000000 | AW89: =AV89*$G89 -> 0 | AY89: =AX89*$G89 -> 0 | BA89: =AZ89*$G89 -> 0 | BB89: =AV89+AX89+AZ89 -> 0 | BC89: =AW89+AY89+BA89 -> 0 | BD89: =BB89+AT89 -> 350 | BE89: =BC89+AU89 -> 35000000 | BG89: =BF89*$G89 -> 0 | BI89: =BH89*$G89 -> 0 | BK89: =BJ89*$G89 -> 0 | BL89: =BF89+BH89+BJ89 -> 0 | BM89: =BG89+BI89+BK89 -> 0 | BN89: =BL89+BD89 -> 350 | BO89: =BM89+BE89 -> 35000000 | BQ89: =BP89*$G89 -> 0 | BS89: =BR89*$G89 -> 0 | BU89: =BT89*$G89 -> 0 | BV89: =BP89+BR89+BT89 -> 0 | BW89: =BQ89+BS89+BU89 -> 0 | BX89: =BV89+BN89 -> 350 | BY89: =BW89+BO89 -> 35000000 | CA89: =E89*H89 -> 350 | CB89: =CA89-BD89 -> 0 | CC89: =E89-BX89 -> 0 | CD89: =F89-BY89 -> 0 | CE89: 0 | CF89: =CE89-BY89 -> -35000000 | CG89: =CF89-BZ89 -> -35000000 | CI89: 50000 | CJ89: 50000 | CK89: 0
B90: 3 | C90: Biaya Notaris | E90: =$D$5 -> 350 | F90: =E90*G90 -> 262500000 | G90: 750000 | H90: 1 | I90: =G90*H90 -> 750000 | J90: =J89 -> 350 | K90: =J90*$G90 -> 262500000 | M90: =L90*$G90 -> 0 | O90: =N90*$G90 -> 0 | P90: =J90+L90+N90 -> 350 | Q90: =K90+M90+O90 -> 262500000 | S90: =R90*$G90 -> 0 | U90: =T90*$G90 -> 0 | W90: =V90*$G90 -> 0 | X90: =R90+T90+V90 -> 0 | Y90: =S90+U90+W90 -> 0 | Z90: =X90+P90 -> 350 | AA90: =Y90+Q90 -> 262500000 | AC90: =AB90*$G90 -> 0 | AE90: =AD90*$G90 -> 0 | AG90: =AF90*$G90 -> 0 | AH90: =AB90+AD90+AF90 -> 0 | AI90: =AC90+AE90+AG90 -> 0 | AJ90: =AH90+Z90 -> 350 | AK90: =AI90+AA90 -> 262500000 | AM90: =AL90*$G90 -> 0 | AO90: =AN90*$G90 -> 0 | AQ90: =AP90*$G90 -> 0 | AR90: =AL90+AN90+AP90 -> 0 | AS90: =AM90+AO90+AQ90 -> 0 | AT90: =AR90+AJ90 -> 350 | AU90: =AS90+AK90 -> 262500000 | AW90: =AV90*$G90 -> 0 | AY90: =AX90*$G90 -> 0 | BA90: =AZ90*$G90 -> 0 | BB90: =AV90+AX90+AZ90 -> 0 | BC90: =AW90+AY90+BA90 -> 0 | BD90: =BB90+AT90 -> 350 | BE90: =BC90+AU90 -> 262500000 | BG90: =BF90*$G90 -> 0 | BI90: =BH90*$G90 -> 0 | BK90: =BJ90*$G90 -> 0 | BL90: =BF90+BH90+BJ90 -> 0 | BM90: =BG90+BI90+BK90 -> 0 | BN90: =BL90+BD90 -> 350 | BO90: =BM90+BE90 -> 262500000 | BQ90: =BP90*$G90 -> 0 | BS90: =BR90*$G90 -> 0 | BU90: =BT90*$G90 -> 0 | BV90: =BP90+BR90+BT90 -> 0 | BW90: =BQ90+BS90+BU90 -> 0 | BX90: =BV90+BN90 -> 350 | BY90: =BW90+BO90 -> 262500000 | CA90: =E90*H90 -> 350 | CB90: =CA90-BD90 -> 0 | CC90: =E90-BX90 -> 0 | CD90: =F90-BY90 -> 0 | CE90: 0 | CF90: =CE90-BY90 -> -262500000 | CG90: =CF90-BZ90 -> -262500000 | CI90: 150000 | CJ90: 150000 | CK90: 0
C91: Biaya Perjanjian | E91: =$D$5 -> 350 | F91: =E91*G91 -> 0 | H91: 1 | I91: =G91*H91 -> 0 | K91: =J91*$G91 -> 0 | M91: =L91*$G91 -> 0 | O91: =N91*$G91 -> 0 | P91: =J91+L91+N91 -> 0 | Q91: =K91+M91+O91 -> 0 | S91: =R91*$G91 -> 0 | U91: =T91*$G91 -> 0 | W91: =V91*$G91 -> 0 | X91: =R91+T91+V91 -> 0 | Y91: =S91+U91+W91 -> 0 | Z91: =X91+P91 -> 0 | AA91: =Y91+Q91 -> 0 | AC91: =AB91*$G91 -> 0 | AE91: =AD91*$G91 -> 0 | AG91: =AF91*$G91 -> 0 | AH91: =AB91+AD91+AF91 -> 0 | AI91: =AC91+AE91+AG91 -> 0 | AJ91: =AH91+Z91 -> 0 | AK91: =AI91+AA91 -> 0 | AM91: =AL91*$G91 -> 0 | AO91: =AN91*$G91 -> 0 | AQ91: =AP91*$G91 -> 0 | AR91: =AL91+AN91+AP91 -> 0 | AS91: =AM91+AO91+AQ91 -> 0 | AT91: =AR91+AJ91 -> 0 | AU91: =AS91+AK91 -> 0 | AW91: =AV91*$G91 -> 0 | AY91: =AX91*$G91 -> 0 | BA91: =AZ91*$G91 -> 0 | BB91: =AV91+AX91+AZ91 -> 0 | BC91: =AW91+AY91+BA91 -> 0 | BD91: =BB91+AT91 -> 0 | BE91: =BC91+AU91 -> 0 | BG91: =BF91*$G91 -> 0 | BI91: =BH91*$G91 -> 0 | BK91: =BJ91*$G91 -> 0 | BL91: =BF91+BH91+BJ91 -> 0 | BM91: =BG91+BI91+BK91 -> 0 | BN91: =BL91+BD91 -> 0 | BO91: =BM91+BE91 -> 0 | BQ91: =BP91*$G91 -> 0 | BS91: =BR91*$G91 -> 0 | BU91: =BT91*$G91 -> 0 | BV91: =BP91+BR91+BT91 -> 0 | BW91: =BQ91+BS91+BU91 -> 0 | BX91: =BV91+BN91 -> 0 | BY91: =BW91+BO91 -> 0 | CA91: =E91*H91 -> 350 | CB91: =CA91-BD91 -> 350 | CC91: =E91-BX91 -> 350 | CD91: =F91-BY91 -> 0 | CE91: 0 | CF91: =CE91-BY91 -> 0 | CG91: =CF91-BZ91 -> 0 | CI91: 0 | CJ91: 0 | CK91: 0
C92: SKMHT | E92: =$D$5 -> 350 | F92: =E92*G92 -> 0 | H92: 1 | I92: =G92*H92 -> 0 | K92: =J92*$G92 -> 0 | M92: =L92*$G92 -> 0 | O92: =N92*$G92 -> 0 | P92: =J92+L92+N92 -> 0 | Q92: =K92+M92+O92 -> 0 | S92: =R92*$G92 -> 0 | U92: =T92*$G92 -> 0 | W92: =V92*$G92 -> 0 | X92: =R92+T92+V92 -> 0 | Y92: =S92+U92+W92 -> 0 | Z92: =X92+P92 -> 0 | AA92: =Y92+Q92 -> 0 | AC92: =AB92*$G92 -> 0 | AE92: =AD92*$G92 -> 0 | AG92: =AF92*$G92 -> 0 | AH92: =AB92+AD92+AF92 -> 0 | AI92: =AC92+AE92+AG92 -> 0 | AJ92: =AH92+Z92 -> 0 | AK92: =AI92+AA92 -> 0 | AM92: =AL92*$G92 -> 0 | AO92: =AN92*$G92 -> 0 | AQ92: =AP92*$G92 -> 0 | AR92: =AL92+AN92+AP92 -> 0 | AS92: =AM92+AO92+AQ92 -> 0 | AT92: =AR92+AJ92 -> 0 | AU92: =AS92+AK92 -> 0 | AW92: =AV92*$G92 -> 0 | AY92: =AX92*$G92 -> 0 | BA92: =AZ92*$G92 -> 0 | BB92: =AV92+AX92+AZ92 -> 0 | BC92: =AW92+AY92+BA92 -> 0 | BD92: =BB92+AT92 -> 0 | BE92: =BC92+AU92 -> 0 | BG92: =BF92*$G92 -> 0 | BI92: =BH92*$G92 -> 0 | BK92: =BJ92*$G92 -> 0 | BL92: =BF92+BH92+BJ92 -> 0 | BM92: =BG92+BI92+BK92 -> 0 | BN92: =BL92+BD92 -> 0 | BO92: =BM92+BE92 -> 0 | BQ92: =BP92*$G92 -> 0 | BS92: =BR92*$G92 -> 0 | BU92: =BT92*$G92 -> 0 | BV92: =BP92+BR92+BT92 -> 0 | BW92: =BQ92+BS92+BU92 -> 0 | BX92: =BV92+BN92 -> 0 | BY92: =BW92+BO92 -> 0 | CA92: =E92*H92 -> 350 | CB92: =CA92-BD92 -> 350 | CC92: =E92-BX92 -> 350 | CD92: =F92-BY92 -> 0 | CE92: 0 | CF92: =CE92-BY92 -> 0 | CG92: =CF92-BZ92 -> 0 | CI92: 0 | CJ92: 0 | CK92: 0
B93: 4 | C93: Sertifikasi Tanah | E93: =$D$5 -> 350 | F93: =E93*G93 -> 350000000 | G93: 1000000 | H93: 1 | I93: =G93*H93 -> 1000000 | J93: =J90 -> 350 | K93: =J93*$G93 -> 350000000 | M93: =L93*$G93 -> 0 | O93: =N93*$G93 -> 0 | P93: =J93+L93+N93 -> 350 | Q93: =K93+M93+O93 -> 350000000 | S93: =R93*$G93 -> 0 | U93: =T93*$G93 -> 0 | W93: =V93*$G93 -> 0 | X93: =R93+T93+V93 -> 0 | Y93: =S93+U93+W93 -> 0 | Z93: =X93+P93 -> 350 | AA93: =Y93+Q93 -> 350000000 | AC93: =AB93*$G93 -> 0 | AE93: =AD93*$G93 -> 0 | AG93: =AF93*$G93 -> 0 | AH93: =AB93+AD93+AF93 -> 0 | AI93: =AC93+AE93+AG93 -> 0 | AJ93: =AH93+Z93 -> 350 | AK93: =AI93+AA93 -> 350000000 | AM93: =AL93*$G93 -> 0 | AO93: =AN93*$G93 -> 0 | AQ93: =AP93*$G93 -> 0 | AR93: =AL93+AN93+AP93 -> 0 | AS93: =AM93+AO93+AQ93 -> 0 | AT93: =AR93+AJ93 -> 350 | AU93: =AS93+AK93 -> 350000000 | AW93: =AV93*$G93 -> 0 | AY93: =AX93*$G93 -> 0 | BA93: =AZ93*$G93 -> 0 | BB93: =AV93+AX93+AZ93 -> 0 | BC93: =AW93+AY93+BA93 -> 0 | BD93: =BB93+AT93 -> 350 | BE93: =BC93+AU93 -> 350000000 | BG93: =BF93*$G93 -> 0 | BI93: =BH93*$G93 -> 0 | BK93: =BJ93*$G93 -> 0 | BL93: =BF93+BH93+BJ93 -> 0 | BM93: =BG93+BI93+BK93 -> 0 | BN93: =BL93+BD93 -> 350 | BO93: =BM93+BE93 -> 350000000 | BQ93: =BP93*$G93 -> 0 | BS93: =BR93*$G93 -> 0 | BU93: =BT93*$G93 -> 0 | BV93: =BP93+BR93+BT93 -> 0 | BW93: =BQ93+BS93+BU93 -> 0 | BX93: =BV93+BN93 -> 350 | BY93: =BW93+BO93 -> 350000000 | CA93: =E93*H93 -> 350 | CB93: =CA93-BD93 -> 0 | CC93: =E93-BX93 -> 0 | CD93: =F93-BY93 -> 0 | CE93: 0 | CF93: =CE93-BY93 -> -350000000 | CG93: =CF93-BZ93 -> -350000000 | CI93: 1000000 | CJ93: 1000000 | CK93: 0
B94: TOTAL BIAYA PRA OPERASIONAL | F94: =F88+F89+F90+F93 -> 665000000 | G94: =G88+G89+G90+G93 -> 1900000 | I94: =I88+I89+I90+I93 -> 1900000 | K94: =SUM(K88:K93) -> 665000000 | M94: =SUM(M88:M93) -> 0 | O94: =SUM(O88:O93) -> 0 | Q94: =SUM(Q88:Q93) -> 665000000 | S94: =SUM(S88:S93) -> 0 | U94: =SUM(U88:U93) -> 0 | W94: =SUM(W88:W93) -> 0 | Y94: =SUM(Y88:Y93) -> 0 | AA94: =SUM(AA88:AA93) -> 665000000 | AC94: =SUM(AC88:AC93) -> 0 | AE94: =SUM(AE88:AE93) -> 0 | AG94: =SUM(AG88:AG93) -> 0 | AI94: =SUM(AI88:AI93) -> 0 | AK94: =SUM(AK88:AK93) -> 665000000 | AM94: =SUM(AM89:AM93) -> 0 | AO94: =SUM(AO89:AO93) -> 0 | AQ94: =SUM(AQ89:AQ93) -> 0 | AS94: =SUM(AS88:AS93) -> 0 | AU94: =SUM(AU88:AU93) -> 665000000 | AW94: =SUM(AW89:AW93) -> 0 | AY94: =SUM(AY89:AY93) -> 0 | BA94: =SUM(BA89:BA93) -> 0 | BC94: =SUM(BC88:BC93) -> 0 | BE94: =SUM(BE88:BE93) -> 665000000 | BG94: =SUM(BG89:BG93) -> 0 | BI94: =SUM(BI89:BI93) -> 0 | BK94: =SUM(BK89:BK93) -> 0 | BM94: =SUM(BM88:BM93) -> 0 | BO94: =SUM(BO88:BO93) -> 665000000 | BQ94: =SUM(BQ89:BQ93) -> 0 | BS94: =SUM(BS89:BS93) -> 0 | BU94: =SUM(BU89:BU93) -> 0 | BW94: =SUM(BW88:BW93) -> 0 | BY94: =SUM(BY88:BY93) -> 665000000 | CA94: =E94*H94 -> 0 | CB94: =CA94-BD94 -> 0 | CC94: =E94-BX94 -> 0 | CD94: =F94-BY94 -> 0 | CE94: 0 | CF94: =CE94-BY94 -> -665000000 | CG94: =CF94-BZ94 -> -665000000 | CI94: 1225000 | CJ94: 1225000 | CK94: 0
B95: TOTAL A + B + C | F95: =F76+F94+F86 -> 3.9758548e+10 | G95: =G76+G94+G86 -> 1.1359585e+08 | I95: =I76+I94+I86 -> 1.1359585e+08 | K95: =K76+K94+K86 -> 1.0273938e+09 | M95: =M76+M94+M86 -> 6.6098671e+09 | O95: =O76+O94+O86 -> 8.7494003e+09 | Q95: =Q76+Q94+Q86 -> 1.6386661e+10 | S95: =S76+S94+S86 -> 2.8088663e+09 | U95: =U76+U94+U86 -> 2.1066497e+09 | W95: =W76+W94+W86 -> 0 | Y95: =Y76+Y94+Y86 -> 4.915516e+09 | AA95: =AA76+AA94+AA86 -> 2.1302177e+10 | AC95: =AC76+AC94+AC86 -> 7.6645049e+09 | AE95: =AE76+AE94+AE86 -> 3.3491308e+09 | AG95: =AG76+AG94+AG86 -> 0 | AI95: =AI76+AI94+AI86 -> 1.1013636e+10 | AK95: =AK76+AK94+AK86 -> 3.2315813e+10 | AM95: =AM76+AM94+AM86 -> 4.2529915e+09 | AO95: =AO76+AO94+AO86 -> 3.1897436e+09 | AQ95: =AQ76+AQ94+AQ86 -> 0 | AS95: =AS76+AS94+AS86 -> 7.4427351e+09 | AU95: =AU76+AU94+AU86 -> 3.9758548e+10 | AW95: =AW76+AW94+AW86 -> 0 | AY95: =AY76+AY94+AY86 -> 0 | BA95: =BA76+BA94+BA86 -> 0 | BC95: =BC76+BC94+BC86 -> 0 | BE95: =BE76+BE94+BE86 -> 3.9758548e+10 | BG95: =BG76+BG94+BG86 -> 0 | BI95: =BI76+BI94+BI86 -> 0 | BK95: =BK76+BK94+BK86 -> 0 | BM95: =BM76+BM94+BM86 -> 0 | BO95: =BO76+BO94+BO86 -> 3.9758548e+10 | BQ95: =BQ76+BQ94+BQ86 -> 0 | BS95: =BS76+BS94+BS86 -> 0 | BU95: =BU76+BU94+BU86 -> 0 | BW95: =BW76+BW94+BW86 -> 0 | BY95: =BY76+BY94+BY86 -> 3.9758548e+10 | CA95: =E95*H95 -> 0 | CB95: =CA95-BD95 -> 0 | CC95: =E95-BX95 -> 0 | CD95: =F95-BY95 -> 0 | CE95: 1.0966437e+11 | CF95: =CE95-BY95 -> 6.9905826e+10 | CG95: =CF95-BZ95 -> 6.9905826e+10 | CI95: 70138990 | CJ95: 67927188 | CK95: 2211801.7
CA96: =E96*H96 -> 0 | CB96: =CA96-BD96 -> 0 | CC96: =E96-BX96 -> 0 | CD96: =F96-BY96 -> 0 | CF96: =CE96-BY96 -> 0 | CG96: =CF96-BZ96 -> 0 | CI96: 0 | CJ96: 0 | CK96: 0
B97: D. | C97: MANAJEMEN FEE (5%) | E97: 350 | F97: =+F95*0.05 -> 1.9879274e+09 | G97: =+F97/D5 -> 5679792.6 | H97: 1 | I97: =G97 -> 5679792.6 | K97: =+K95*0.05 -> 51369689 | M97: =+M95*0.05 -> 3.3049335e+08 | O97: =+O95*0.05 -> 4.3747002e+08 | P97: =J97+L97+N97 -> 0 | Q97: =K97+M97+O97 -> 8.1933306e+08 | R97: 0 | S97: =+S95*0.05 -> 1.4044331e+08 | T97: 0 | U97: =+U95*0.05 -> 1.0533249e+08 | W97: =+W95*0.05 -> 0 | X97: =R97+T97+V97 -> 0 | Y97: =S97+U97+W97 -> 2.457758e+08 | AA97: =Y97+Q97 -> 1.0651089e+09 | AB97: 0 | AC97: =+AC95*0.05 -> 3.8322525e+08 | AD97: 0 | AE97: =+AE95*0.05 -> 1.6745654e+08 | AG97: =+AG95*0.05 -> 0 | AH97: =AB97+AD97+AF97 -> 0 | AI97: =AC97+AE97+AG97 -> 5.5068179e+08 | AK97: =AI97+AA97 -> 1.6157906e+09 | AL97: 0 | AM97: =+AM95*0.05 -> 2.1264957e+08 | AN97: 0 | AO97: =+AO95*0.05 -> 1.5948718e+08 | AQ97: =+AQ95*0.05 -> 0 | AR97: =AL97+AN97+AP97 -> 0 | AS97: =AM97+AO97+AQ97 -> 3.7213676e+08 | AU97: =AS97+AK97 -> 1.9879274e+09 | AW97: =AW95*5% -> 0 | AY97: =AY95*5% -> 0 | BA97: =BA95*5% -> 0 | BB97: =AV97+AX97+AZ97 -> 0 | BC97: =+BC95*0.05 -> 0 | BD97: =BB97+AT97 -> 0 | BG97: =BG95*5% -> 0 | BI97: =BI95*5% -> 0 | BK97: =BK95*5% -> 0 | BL97: =BF97+BH97+BJ97 -> 0 | BM97: =+BM95*0.05 -> 0 | BN97: =BL97+BD97 -> 0 | BQ97: =+BQ95*0.05 -> 0 | BS97: =+BS95*0.05 -> 0 | BU97: =+BU95*0.05 -> 0 | BV97: =BP97+BR97+BT97 -> 0 | BW97: =+BW95*0.05 -> 0 | BX97: =BV97+BN97 -> 0 | CA97: =E97*H97 -> 350 | CB97: =CA97-BD97 -> 350 | CC97: =E97-BX97 -> 350 | CD97: =F97-BY97 -> 1.9879274e+09 | CE97: 0 | CF97: =CE97-BY97 -> 0 | CG97: =CF97-BZ97 -> 0 | CI97: 3506949.5 | CJ97: 3396359.4 | CK97: 110590.08
CA98: =E98*H98 -> 0 | CB98: =CA98-BD98 -> 0 | CC98: =E98-BX98 -> 0 | CD98: =F98-BY98 -> 0 | CF98: =CE98-BY98 -> 0 | CG98: =CF98-BZ98 -> 0 | CI98: 0 | CJ98: 0 | CK98: 0
B99: GRAND TOTAL BIAYA | F99: =F95+F97 -> 4.1746475e+10 | G99: =G95+G97 -> 1.1927564e+08 | I99: =I95+I97 -> 1.1927564e+08 | K99: =K95+K97 -> 1.0787635e+09 | M99: =M95+M97 -> 6.9403604e+09 | O99: =O95+O97 -> 9.1868703e+09 | Q99: =Q95+Q97 -> 1.7205994e+10 | S99: =S95+S97 -> 2.9493096e+09 | U99: =U95+U97 -> 2.2119822e+09 | W99: =W95+W97 -> 0 | Y99: =Y95+Y97 -> 5.1612918e+09 | AA99: =AA95+AA97 -> 2.2367286e+10 | AC99: =AC95+AC97 -> 8.0477302e+09 | AE99: =AE95+AE97 -> 3.5165873e+09 | AG99: =AG95+AG97 -> 0 | AI99: =AI95+AI97 -> 1.1564318e+10 | AK99: =AK95+AK97 -> 3.3931604e+10 | AM99: =AM95+AM97 -> 4.4656411e+09 | AO99: =AO95+AO97 -> 3.3492308e+09 | AQ99: =AQ95+AQ97 -> 0 | AS99: =AS95+AS97 -> 7.8148719e+09 | AU99: =AU95+AU97 -> 4.1746475e+10 | AW99: =AW95+AW97 -> 0 | AY99: =AY95+AY97 -> 0 | BA99: =BA95+BA97 -> 0 | BC99: =BC95+BC97 -> 0 | BE99: =BE95+BE97 -> 3.9758548e+10 | BG99: =BG95+BG97 -> 0 | BI99: =BI95+BI97 -> 0 | BK99: =BK95+BK97 -> 0 | BM99: =BM95+BM97 -> 0 | BO99: =BO95+BO97 -> 3.9758548e+10 | BQ99: =BQ95+BQ97 -> 0 | BS99: =BS95+BS97 -> 0 | BU99: =BU95+BU97 -> 0 | BW99: =BW95+BW97 -> 0 | BY99: =BY95+BY97 -> 3.9758548e+10 | CA99: =E99*H99 -> 0 | CB99: =CA99-BD99 -> 0 | CC99: =E99-BX99 -> 0 | CD99: =F99-BY99 -> 1.9879274e+09 | CE99: 1.0966437e+11 | CF99: =CE99-BY99 -> 6.9905826e+10 | CG99: =CF99-BZ99 -> 6.9905826e+10 | CI99: 73645939 | CJ99: 71323548 | CK99: 2322391.8
AS101: Kumai, 05 Maret 2026
Y102: Diketahui | AH102: Disetujui | AK102: Diperiksa | AT102: Disusun
...

Sheet RKT 18_19 Infra
B2: PT. KUMAI SENTOSA
B3: Rencana Kerja Tahun 2026
D4: satuan m atau unit sheet kuning | GL4: satuan ha warna sheet putih
B5: Uraian | C5: Satuan | D5: Unit Cost | E5: Qty | F5: 2026 | AG5: 2027 | BH5: 2028 | CI5: 2029 | DJ5: 2029 | EK5: 2030 | FL5: 2031 | GL5: 2024 | GR5: 2025 | GT5: 2022 | GZ5: ="Total"&" "&GT5 -> Total 2022 | HB5: 2023 | HH5: ="Total"&" "&HB5 -> Total 2023 | HJ5: 2024 | HP5: ="Total"&" "&HJ5 -> Total 2024 | HR5: 2025 | HX5: ="Total"&" "&HR5 -> Total 2025 | HZ5: 2026 | IF5: 2026 | II5: Total
D6: (Rp/Satuan) | F6: Januari | H6: Pebruari | J6: Maret | L6: April | N6: Mei | P6: Juni | R6: Juli | T6: Agustus | V6: September | X6: Oktober | Z6: Nopember | AB6: Desember | AD6: Total | AG6: Januari | AI6: Pebruari | AK6: Maret | AM6: April | AO6: Mei | AQ6: Juni | AS6: Juli | AU6: Agustus | AW6: September | AY6: Oktober | BA6: Nopember | BC6: Desember | BE6: Total | BH6: Januari | BJ6: Pebruari | BL6: Maret | BN6: April | BP6: Mei | BR6: Juni | BT6: Juli | BV6: Agustus | BX6: September | BZ6: Oktober | CB6: Nopember | CD6: Desember | CF6: Total | CI6: Januari | CK6: Pebruari | CM6: Maret | CO6: April | CQ6: Mei | CS6: Juni | CU6: Juli | CW6: Agustus | CY6: September | DA6: Oktober | DC6: Nopember | DE6: Desember | DG6: Total | DJ6: Januari | DL6: Pebruari | DN6: Maret | DP6: April | DR6: Mei | DT6: Juni | DV6: Juli | DX6: Agustus | DZ6: September | EB6: Oktober | ED6: Nopember | EF6: Desember | EH6: Total | EK6: Januari | EM6: Pebruari | EO6: Maret | EQ6: April | ES6: Mei | EU6: Juni | EW6: Juli | EY6: Agustus | FA6: September | FC6: Oktober | FE6: Nopember | FG6: Desember | FI6: Total | FL6: Januari | FN6: Pebruari | FP6: Maret | FR6: April | FT6: Mei | FV6: Juni | FX6: Juli | FZ6: Agustus | GB6: September | GD6: Oktober | GF6: Nopember | GH6: Desember | GJ6: Total | GL6: Catur Wulan 1 | GN6: Catur Wulan 2 | GP6: Catur Wulan 3 | GT6: Catur Wulan 1 | GV6: Catur Wulan 2 | GX6: Catur Wulan 3 | HB6: Catur Wulan 1 | HD6: Catur Wulan 2 | HF6: Catur Wulan 3 | HJ6: Catur Wulan 1 | HL6: Catur Wulan 2 | HN6: Catur Wulan 3 | HR6: Catur Wulan 1 | HT6: Catur Wulan 2 | HV6: Catur Wulan 3 | HZ6: Catur Wulan 1 | IB6: Catur Wulan 2 | ID6: Catur Wulan 3
F7: Qty | G7: Rp | H7: Qty | I7: Rp | J7: Qty | K7: Rp | L7: Qty | M7: Rp | N7: Qty | O7: Rp | P7: Qty | Q7: Rp | R7: Qty | S7: Rp | T7: Qty | U7: Rp | V7: Qty | W7: Rp | X7: Qty | Y7: Rp | Z7: Qty | AA7: Rp | AB7: Qty | AC7: Rp | AD7: Qty | AE7: Rp | AG7: Qty | AH7: Rp | AI7: Qty | AJ7: Rp | AK7: Qty | AL7: Rp | AM7: Qty | AN7: Rp | AO7: Qty | AP7: Rp | AQ7: Qty | AR7: Rp | AS7: Qty | AT7: Rp | AU7: Qty | AV7: Rp | AW7: Qty | AX7: Rp | AY7: Qty | AZ7: Rp | BA7: Qty | BB7: Rp | BC7: Qty | BD7: Rp | BE7: Qty | BF7: Rp | BH7: Qty | BI7: Rp | BJ7: Qty | BK7: Rp | BL7: Qty | BM7: Rp | BN7: Qty | BO7: Rp | BP7: Qty | BQ7: Rp | BR7: Qty | BS7: Rp | BT7: Qty | BU7: Rp | BV7: Qty | BW7: Rp | BX7: Qty | BY7: Rp | BZ7: Qty | CA7: Rp | CB7: Qty | CC7: Rp | CD7: Qty | CE7: Rp | CF7: Qty | CG7: Rp | CI7: Qty | CJ7: Rp | CK7: Qty | CL7: Rp | CM7: Qty | CN7: Rp | CO7: Qty | CP7: Rp | CQ7: Qty | CR7: Rp | CS7: Qty | CT7: Rp | CU7: Qty | CV7: Rp | CW7: Qty | CX7: Rp | CY7: Qty | CZ7: Rp | DA7: Qty | DB7: Rp | DC7: Qty | DD7: Rp | DE7: Qty | DF7: Rp | DG7: Qty | DH7: Rp | DJ7: Qty | DK7: Rp | DL7: Qty | DM7: Rp | DN7: Qty | DO7: Rp | DP7: Qty | DQ7: Rp | DR7: Qty | DS7: Rp | DT7: Qty | DU7: Rp | DV7: Qty | DW7: Rp | DX7: Qty | DY7: Rp | DZ7: Qty | EA7: Rp | EB7: Qty | EC7: Rp | ED7: Qty | EE7: Rp | EF7: Qty | EG7: Rp | EH7: Qty | EI7: Rp | EK7: Qty | EL7: Rp | EM7: Qty | EN7: Rp | EO7: Qty | EP7: Rp | EQ7: Qty | ER7: Rp | ES7: Qty | ET7: Rp | EU7: Qty | EV7: Rp | EW7: Qty | EX7: Rp | EY7: Qty | EZ7: Rp | FA7: Qty | FB7: Rp | FC7: Qty | FD7: Rp | FE7: Qty | FF7: Rp | FG7: Qty | FH7: Rp | FI7: Qty | FJ7: Rp | FL7: Qty | FM7: Rp | FN7: Qty | FO7: Rp | FP7: Qty | FQ7: Rp | FR7: Qty | FS7: Rp | FT7: Qty | FU7: Rp | FV7: Qty | FW7: Rp | FX7: Qty | FY7: Rp | FZ7: Qty | GA7: Rp | GB7: Qty | GC7: Rp | GD7: Qty | GE7: Rp | GF7: Qty | GG7: Rp | GH7: Qty | GI7: Rp | GJ7: Qty | GK7: Rp | GL7: Qty | GM7: Rp | GN7: Qty | GO7: Rp | GP7: Qty | GQ7: Rp | GR7: Qty | GS7: Rp | GT7: Qty | GU7: Rp | GV7: Qty | GW7: Rp | GX7: Qty | GY7: Rp | GZ7: Qty | HA7: Rp | HB7: Qty | HC7: Rp | HD7: Qty | HE7: Rp | HF7: Qty | HG7: Rp | HH7: Qty | HI7: Rp | HJ7: Qty | HK7: Rp | HL7: Qty | HM7: Rp | HN7: Qty | HO7: Rp | HP7: Qty | HQ7: Rp | HR7: Qty | HS7: Rp | HT7: Qty | HU7: Rp | HV7: Qty | HW7: Rp | HX7: Qty | HY7: Rp | HZ7: Qty | IA7: Rp | IB7: Qty | IC7: Rp | ID7: Qty | IE7: Rp | IF7: Qty | IG7: Rp
B9: PEMBUKAAN LAHAN
B10: - Blok | C10: Ha | D10: =AE10/AD10 -> 110763.54 | E10: =AD10 -> 6511.6 | F10: ='[15]TTL TB'!W14 -> 600 | G10: ='[15]TTL TB'!X21 -> 66458122 | H10: ='[15]TTL TB'!Y14 -> 600 | I10: ='[15]TTL TB'!Z21 -> 66458122 | J10: ='[15]TTL TB'!AA14 -> 407.39 | K10: ='[15]TTL TB'!AB21 -> 45123958 | L10: ='[15]TTL TB'!AC14 -> 600 | M10: ='[15]TTL TB'!AD21 -> 66458122 | N10: ='[15]TTL TB'!AE14 -> 600 | O10: ='[15]TTL TB'!AF21 -> 66458122 | P10: ='[15]TTL TB'!AG14 -> 457.63 | Q10: ='[15]TTL TB'!AH21 -> 50688718 | R10: ='[15]TTL TB'!AI14 -> 600 | S10: ='[15]TTL TB'!AJ21 -> 66458122 | T10: ='[15]TTL TB'!AK14 -> 600 | U10: ='[15]TTL TB'!AL21 -> 66458122 | V10: ='[15]TTL TB'!AM14 -> 414.93 | W10: ='[15]TTL TB'!AN21 -> 45959115 | X10: ='[15]TTL TB'!AO14 -> 600 | Y10: ='[15]TTL TB'!AP21 -> 66458122 | Z10: ='[15]TTL TB'!AQ14 -> 600 | AA10: ='[15]TTL TB'!AR21 -> 66458122 | AB10: ='[15]TTL TB'!AS14 -> 431.65 | AC10: ='[15]TTL TB'!AT21 -> 47811081 | AD10: =F10+H10+J10+L10+N10+P10+R10+T10+V10+X10+Z10+AB10 -> 6511.6 | AE10: =G10+I10+K10+M10+O10+Q10+S10+U10+W10+Y10+AA10+AC10 -> 7.2124785e+08 | BE10: =AG10+AI10+AK10+AM10+AO10+AQ10+AS10+AU10+AW10+AY10+BA10+BC10 -> 0 | BF10: =AH10+AJ10+AL10+AN10+AP10+AR10+AT10+AV10+AX10+AZ10+BB10+BD10 -> 0 | CF10: =BH10+BJ10+BL10+BN10+BP10+BR10+BT10+BV10+BX10+BZ10+CB10+CD10 -> 0 | CG10: =BI10+BK10+BM10+BO10+BQ10+BS10+BU10+BW10+BY10+CA10+CC10+CE10 -> 0 | DG10: =CI10+CK10+CM10+CO10+CQ10+CS10+CU10+CW10+CY10+DA10+DC10+DE10 -> 0 | DH10: =CJ10+CL10+CN10+CP10+CR10+CT10+CV10+CX10+CZ10+DB10+DD10+DF10 -> 0 | EH10: =DJ10+DL10+DN10+DP10+DR10+DT10+DV10+DX10+DZ10+EB10+ED10+EF10 -> 0 | EI10: =DK10+DM10+DO10+DQ10+DS10+DU10+DW10+DY10+EA10+EC10+EE10+EG10 -> 0 | FI10: =EK10+EM10+EO10+EQ10+ES10+EU10+EW10+EY10+FA10+FC10+FE10+FG10 -> 0 | FJ10: =EL10+EN10+EP10+ER10+ET10+EV10+EX10+EZ10+FB10+FD10+FF10+FH10 -> 0 | GJ10: =FL10+FN10+FP10+FR10+FT10+FV10+FX10+FZ10+GB10+GD10+GF10+GH10 -> 0 | GK10: =FM10+FO10+FQ10+FS10+FU10+FW10+FY10+GA10+GC10+GE10+GG10+GI10 -> 0
B11: - Perun Mekanis | C11: Ha | D11: =AE11/AD11 -> 5250000 | E11: =AD11 -> 2500 | F11: ='[15]TTL TB'!W45+'[15]TTL TB'!W47+'[15]TTL TB'!W49 -> 0 | G11: ='[15]TTL TB'!X52 -> 0 | H11: ='[15]TTL TB'!Y45+'[15]TTL TB'!Y47+'[15]TTL TB'!Y49 -> 0 | I11: ='[15]TTL TB'!Z52 -> 0 | J11: ='[15]TTL TB'!AA45+'[15]TTL TB'!AA47+'[15]TTL TB'!AA49 -> 0 | K11: ='[15]TTL TB'!AB52 -> 0 | L11: ='[15]TTL TB'!AC45+'[15]TTL TB'!AC47+'[15]TTL TB'!AC49 -> 0 | M11: ='[15]TTL TB'!AD52 -> 0 | N11: ='[15]TTL TB'!AE45+'[15]TTL TB'!AE47+'[15]TTL TB'!AE49 -> 0 | O11: ='[15]TTL TB'!AF52 -> 0 | P11: ='[15]TTL TB'!AG45+'[15]TTL TB'!AG47+'[15]TTL TB'!AG49 -> 0 | Q11: ='[15]TTL TB'!AH52 -> 0 | R11: ='[15]TTL TB'!AI45+'[15]TTL TB'!AI47+'[15]TTL TB'!AI49 -> 300 | S11: ='[15]TTL TB'!AJ52 -> 1575000000 | T11: ='[15]TTL TB'!AK45+'[15]TTL TB'!AK47+'[15]TTL TB'!AK49 -> 400 | U11: ='[15]TTL TB'!AL52 -> 2100000000 | V11: ='[15]TTL TB'!AM45+'[15]TTL TB'!AM47+'[15]TTL TB'!AM49 -> 400 | W11: ='[15]TTL TB'!AN52 -> 2100000000 | X11: ='[15]TTL TB'!AO45+'[15]TTL TB'!AO47+'[15]TTL TB'!AO49 -> 400 | Y11: ='[15]TTL TB'!AP52 -> 2100000000 | Z11: ='[15]TTL TB'!AQ45+'[15]TTL TB'!AQ47+'[15]TTL TB'!AQ49 -> 500 | AA11: ='[15]TTL TB'!AR52 -> 2625000000 | AB11: ='[15]TTL TB'!AS45+'[15]TTL TB'!AS47+'[15]TTL TB'!AS49 -> 500 | AC11: ='[15]TTL TB'!AT52 -> 2625000000 | AD11: =F11+H11+J11+L11+N11+P11+R11+T11+V11+X11+Z11+AB11 -> 2500 | AE11: =G11+I11+K11+M11+O11+Q11+S11+U11+W11+Y11+AA11+AC11 -> 13125000000 | BE11: =AG11+AI11+AK11+AM11+AO11+AQ11+AS11+AU11+AW11+AY11+BA11+BC11 -> 0 | BF11: =AH11+AJ11+AL11+AN11+AP11+AR11+AT11+AV11+AX11+AZ11+BB11+BD11 -> 0 | CF11: =BH11+BJ11+BL11+BN11+BP11+BR11+BT11+BV11+BX11+BZ11+CB11+CD11 -> 0 | CG11: =BI11+BK11+BM11+BO11+BQ11+BS11+BU11+BW11+BY11+CA11+CC11+CE11 -> 0 | DG11: =CI11+CK11+CM11+CO11+CQ11+CS11+CU11+CW11+CY11+DA11+DC11+DE11 -> 0 | DH11: =CJ11+CL11+CN11+CP11+CR11+CT11+CV11+CX11+CZ11+DB11+DD11+DF11 -> 0 | EH11: =DJ11+DL11+DN11+DP11+DR11+DT11+DV11+DX11+DZ11+EB11+ED11+EF11 -> 0 | EI11: =DK11+DM11+DO11+DQ11+DS11+DU11+DW11+DY11+EA11+EC11+EE11+EG11 -> 0 | FI11: =EK11+EM11+EO11+EQ11+ES11+EU11+EW11+EY11+FA11+FC11+FE11+FG11 -> 0 | FJ11: =EL11+EN11+EP11+ER11+ET11+EV11+EX11+EZ11+FB11+FD11+FF11+FH11 -> 0 | GJ11: =FL11+FN11+FP11+FR11+FT11+FV11+FX11+FZ11+GB11+GD11+GF11+GH11 -> 0 | GK11: =FM11+FO11+FQ11+FS11+FU11+FW11+FY11+GA11+GC11+GE11+GG11+GI11 -> 0
B12: - Pemberantasan Lalang dan Gulma Lainnya | C12: Ha | D12: =AE12/AD12 -> 882733.22 | E12: =AD12 -> 1100 | F12: ='[15]TTL TB'!W53 -> 0 | G12: ='[15]TTL TB'!X61 -> 0 | H12: ='[15]TTL TB'!Y53 -> 0 | I12: ='[15]TTL TB'!Z61 -> 0 | J12: ='[15]TTL TB'!AA53 -> 0 | K12: ='[15]TTL TB'!AB61 -> 0 | L12: ='[15]TTL TB'!AC53 -> 0 | M12: ='[15]TTL TB'!AD61 -> 0 | N12: ='[15]TTL TB'!AE53 -> 0 | O12: ='[15]TTL TB'!AF61 -> 0 | P12: ='[15]TTL TB'!AG53 -> 0 | Q12: ='[15]TTL TB'!AH61 -> 0 | R12: ='[15]TTL TB'!AI53 -> 0 | S12: ='[15]TTL TB'!AJ61 -> 0 | T12: ='[15]TTL TB'!AK53 -> 0 | U12: ='[15]TTL TB'!AL61 -> 0 | V12: ='[15]TTL TB'!AM53 -> 0 | W12: ='[15]TTL TB'!AN61 -> 0 | X12: ='[15]TTL TB'!AO53 -> 300 | Y12: ='[15]TTL TB'!AP61 -> 2.6481997e+08 | Z12: ='[15]TTL TB'!AQ53 -> 400 | AA12: ='[15]TTL TB'!AR61 -> 3.5309329e+08 | AB12: ='[15]TTL TB'!AS53 -> 400 | AC12: ='[15]TTL TB'!AT61 -> 3.5309329e+08 | AD12: =F12+H12+J12+L12+N12+P12+R12+T12+V12+X12+Z12+AB12 -> 1100 | AE12: =G12+I12+K12+M12+O12+Q12+S12+U12+W12+Y12+AA12+AC12 -> 9.7100654e+08 | BE12: =AG12+AI12+AK12+AM12+AO12+AQ12+AS12+AU12+AW12+AY12+BA12+BC12 -> 0 | BF12: =AH12+AJ12+AL12+AN12+AP12+AR12+AT12+AV12+AX12+AZ12+BB12+BD12 -> 0 | CF12: =BH12+BJ12+BL12+BN12+BP12+BR12+BT12+BV12+BX12+BZ12+CB12+CD12 -> 0 | CG12: =BI12+BK12+BM12+BO12+BQ12+BS12+BU12+BW12+BY12+CA12+CC12+CE12 -> 0 | DG12: =CI12+CK12+CM12+CO12+CQ12+CS12+CU12+CW12+CY12+DA12+DC12+DE12 -> 0 | DH12: =CJ12+CL12+CN12+CP12+CR12+CT12+CV12+CX12+CZ12+DB12+DD12+DF12 -> 0 | EH12: =DJ12+DL12+DN12+DP12+DR12+DT12+DV12+DX12+DZ12+EB12+ED12+EF12 -> 0 | EI12: =DK12+DM12+DO12+DQ12+DS12+DU12+DW12+DY12+EA12+EC12+EE12+EG12 -> 0 | FI12: =EK12+EM12+EO12+EQ12+ES12+EU12+EW12+EY12+FA12+FC12+FE12+FG12 -> 0 | FJ12: =EL12+EN12+EP12+ER12+ET12+EV12+EX12+EZ12+FB12+FD12+FF12+FH12 -> 0 | GJ12: =FL12+FN12+FP12+FR12+FT12+FV12+FX12+FZ12+GB12+GD12+GF12+GH12 -> 0 | GK12: =FM12+FO12+FQ12+FS12+FU12+FW12+FY12+GA12+GC12+GE12+GG12+GI12 -> 0
B13: - Pemadatan Tanah | C13: M | D13: =AE13/AD13 -> 6300 | E13: =AD13 -> 239917.8 | F13: ='[15]TTL TB'!W62 -> 0 | G13: ='[15]TTL TB'!X66 -> 0 | H13: ='[15]TTL TB'!Y62 -> 0 | I13: ='[15]TTL TB'!Z66 -> 0 | J13: ='[15]TTL TB'!AA62 -> 0 | K13: ='[15]TTL TB'!AB66 -> 0 | L13: ='[15]TTL TB'!AC62 -> 27200 | M13: ='[15]TTL TB'!AD66 -> 1.7136e+08 | N13: ='[15]TTL TB'!AE62 -> 27200 | O13: ='[15]TTL TB'!AF66 -> 1.7136e+08 | P13: ='[15]TTL TB'!AG62 -> 24725.16 | Q13: ='[15]TTL TB'!AH66 -> 1.5576851e+08 | R13: ='[15]TTL TB'!AI62 -> 27200 | S13: ='[15]TTL TB'!AJ66 -> 1.7136e+08 | T13: ='[15]TTL TB'!AK62 -> 27200 | U13: ='[15]TTL TB'!AL66 -> 1.7136e+08 | V13: ='[15]TTL TB'!AM62 -> 26935.72 | W13: ='[15]TTL TB'!AN66 -> 1.6969504e+08 | X13: ='[15]TTL TB'!AO62 -> 27200 | Y13: ='[15]TTL TB'!AP66 -> 1.7136e+08 | Z13: ='[15]TTL TB'!AQ62 -> 27200 | AA13: ='[15]TTL TB'!AR66 -> 1.7136e+08 | AB13: ='[15]TTL TB'!AS62 -> 25056.92 | AC13: ='[15]TTL TB'!AT66 -> 157858596 | AD13: =F13+H13+J13+L13+N13+P13+R13+T13+V13+X13+Z13+AB13 -> 239917.8 | AE13: =G13+I13+K13+M13+O13+Q13+S13+U13+W13+Y13+AA13+AC13 -> 1.5114821e+09 | BE13: =AG13+AI13+AK13+AM13+AO13+AQ13+AS13+AU13+AW13+AY13+BA13+BC13 -> 0 | BF13: =AH13+AJ13+AL13+AN13+AP13+AR13+AT13+AV13+AX13+AZ13+BB13+BD13 -> 0 | CF13: =BH13+BJ13+BL13+BN13+BP13+BR13+BT13+BV13+BX13+BZ13+CB13+CD13 -> 0 | CG13: =BI13+BK13+BM13+BO13+BQ13+BS13+BU13+BW13+BY13+CA13+CC13+CE13 -> 0 | DG13: =CI13+CK13+CM13+CO13+CQ13+CS13+CU13+CW13+CY13+DA13+DC13+DE13 -> 0 | DH13: =CJ13+CL13+CN13+CP13+CR13+CT13+CV13+CX13+CZ13+DB13+DD13+DF13 -> 0 | EH13: =DJ13+DL13+DN13+DP13+DR13+DT13+DV13+DX13+DZ13+EB13+ED13+EF13 -> 0 | EI13: =DK13+DM13+DO13+DQ13+DS13+DU13+DW13+DY13+EA13+EC13+EE13+EG13 -> 0 | FI13: =EK13+EM13+EO13+EQ13+ES13+EU13+EW13+EY13+FA13+FC13+FE13+FG13 -> 0 | FJ13: =EL13+EN13+EP13+ER13+ET13+EV13+EX13+EZ13+FB13+FD13+FF13+FH13 -> 0 | GJ13: =FL13+FN13+FP13+FR13+FT13+FV13+FX13+FZ13+GB13+GD13+GF13+GH13 -> 0 | GK13: =FM13+FO13+FQ13+FS13+FU13+FW13+FY13+GA13+GC13+GE13+GG13+GI13 -> 0
B14: Total Pembukaan Lahan | G14: =SUM(G10:G13) -> 66458122 | I14: =SUM(I10:I13) -> 66458122 | K14: =SUM(K10:K13) -> 45123958 | M14: =SUM(M10:M13) -> 2.3781812e+08 | O14: =SUM(O10:O13) -> 2.3781812e+08 | Q14: =SUM(Q10:Q13) -> 2.0645723e+08 | S14: =SUM(S10:S13) -> 1.8128181e+09 | U14: =SUM(U10:U13) -> 2.3378181e+09 | W14: =SUM(W10:W13) -> 2.3156542e+09 | Y14: =SUM(Y10:Y13) -> 2.6026381e+09 | AA14: =SUM(AA10:AA13) -> 3.2159114e+09 | AC14: =SUM(AC10:AC13) -> 3.183763e+09 | AE14: =SUM(AE10:AE13) -> 1.6328737e+10 | BF14: =SUM(BF10:BF13) -> 0 | CG14: =SUM(CG10:CG13) -> 0 | DH14: =SUM(DH10:DH13) -> 0 | EI14: =SUM(EI10:EI13) -> 0 | FJ14: =SUM(FJ10:FJ13) -> 0 | GK14: =SUM(GK10:GK13) -> 0
B16: PEMBUATAN SARANA DAN PRASARANA
B17: - Pembuatan Jalan Produksi | C17: M | D17: =24689*105.81% -> 26123.431 | E17: =(300/30)*350 -> 3500 | F17: =E17 -> 3500 | G17: =F17*$D17 -> 91432008 | I17: =H17*$D17 -> 0 | K17: =J17*$D17 -> 0 | M17: =L17*$D17 -> 0 | O17: =N17*$D17 -> 0 | Q17: =P17*$D17 -> 0 | S17: =R17*$D17 -> 0 | U17: =T17*$D17 -> 0 | W17: =V17*$D17 -> 0 | Y17: =X17*$D17 -> 0 | AA17: =Z17*$D17 -> 0 | AC17: =AB17*$D17 -> 0 | AD17: =F17+H17+J17+L17+N17+P17+R17+T17+V17+X17+Z17+AB17 -> 3500 | AE17: =G17+I17+K17+M17+O17+Q17+S17+U17+W17+Y17+AA17+AC17 -> 91432008 | AH17: =AG17*$D17 -> 0 | AJ17: =AI17*$D17 -> 0 | AL17: =AK17*$D17 -> 0 | AN17: =AM17*$D17 -> 0 | AP17: =AO17*$D17 -> 0 | AR17: =AQ17*$D17 -> 0 | AT17: =AS17*$D17 -> 0 | AV17: =AU17*$D17 -> 0 | AX17: =AW17*$D17 -> 0 | AZ17: =AY17*$D17 -> 0 | BB17: =BA17*$D17 -> 0 | BD17: =BC17*$D17 -> 0 | BE17: =AG17+AI17+AK17+AM17+AO17+AQ17+AS17+AU17+AW17+AY17+BA17+BC17 -> 0 | BF17: =AH17+AJ17+AL17+AN17+AP17+AR17+AT17+AV17+AX17+AZ17+BB17+BD17 -> 0 | BI17: =BH17*$D17 -> 0 | BK17: =BJ17*$D17 -> 0 | BM17: =BL17*$D17 -> 0 | BO17: =BN17*$D17 -> 0 | BQ17: =BP17*$D17 -> 0 | BS17: =BR17*$D17 -> 0 | BU17: =BT17*$D17 -> 0 | BW17: =BV17*$D17 -> 0 | BY17: =BX17*$D17 -> 0 | CA17: =BZ17*$D17 -> 0 | CC17: =CB17*$D17 -> 0 | CE17: =CD17*$D17 -> 0 | CF17: =BH17+BJ17+BL17+BN17+BP17+BR17+BT17+BV17+BX17+BZ17+CB17+CD17 -> 0 | CG17: =BI17+BK17+BM17+BO17+BQ17+BS17+BU17+BW17+BY17+CA17+CC17+CE17 -> 0 | CJ17: =CI17*$D17 -> 0 | CL17: =CK17*$D17 -> 0 | CN17: =CM17*$D17 -> 0 | CP17: =CO17*$D17 -> 0 | CR17: =CQ17*$D17 -> 0 | CT17: =CS17*$D17 -> 0 | CV17: =CU17*$D17 -> 0 | CX17: =CW17*$D17 -> 0 | CZ17: =CY17*$D17 -> 0 | DB17: =DA17*$D17 -> 0 | DD17: =DC17*$D17 -> 0 | DF17: =DE17*$D17 -> 0 | DG17: =CI17+CK17+CM17+CO17+CQ17+CS17+CU17+CW17+CY17+DA17+DC17+DE17 -> 0 | DH17: =CJ17+CL17+CN17+CP17+CR17+CT17+CV17+CX17+CZ17+DB17+DD17+DF17 -> 0 | DK17: =DJ17*$D17 -> 0 | DM17: =DL17*$D17 -> 0 | DO17: =DN17*$D17 -> 0 | DQ17: =DP17*$D17 -> 0 | DS17: =DR17*$D17 -> 0 | DU17: =DT17*$D17 -> 0 | DW17: =DV17*$D17 -> 0 | DY17: =DX17*$D17 -> 0 | EA17: =DZ17*$D17 -> 0 | EC17: =EB17*$D17 -> 0 | EE17: =ED17*$D17 -> 0 | EG17: =EF17*$D17 -> 0 | EH17: =DJ17+DL17+DN17+DP17+DR17+DT17+DV17+DX17+DZ17+EB17+ED17+EF17 -> 0 | EI17: =DK17+DM17+DO17+DQ17+DS17+DU17+DW17+DY17+EA17+EC17+EE17+EG17 -> 0 | EL17: =EK17*$D17 -> 0 | EN17: =EM17*$D17 -> 0 | EP17: =EO17*$D17 -> 0 | ER17: =EQ17*$D17 -> 0 | ET17: =ES17*$D17 -> 0 | EV17: =EU17*$D17 -> 0 | EX17: =EW17*$D17 -> 0 | EZ17: =EY17*$D17 -> 0 | FB17: =FA17*$D17 -> 0 | FD17: =FC17*$D17 -> 0 | FF17: =FE17*$D17 -> 0 | FH17: =FG17*$D17 -> 0 | FI17: =EK17+EM17+EO17+EQ17+ES17+EU17+EW17+EY17+FA17+FC17+FE17+FG17 -> 0 | FJ17: =EL17+EN17+EP17+ER17+ET17+EV17+EX17+EZ17+FB17+FD17+FF17+FH17 -> 0 | FM17: =FL17*$D17 -> 0 | FO17: =FN17*$D17 -> 0 | FQ17: =FP17*$D17 -> 0 | FS17: =FR17*$D17 -> 0 | FU17: =FT17*$D17 -> 0 | FW17: =FV17*$D17 -> 0 | FY17: =FX17*$D17 -> 0 | GA17: =FZ17*$D17 -> 0 | GC17: =GB17*$D17 -> 0 | GE17: =GD17*$D17 -> 0 | GG17: =GF17*$D17 -> 0 | GI17: =GH17*$D17 -> 0 | GJ17: =FL17+FN17+FP17+FR17+FT17+FV17+FX17+FZ17+GB17+GD17+GF17+GH17 -> 0 | GK17: =FM17+FO17+FQ17+FS17+FU17+FW17+FY17+GA17+GC17+GE17+GG17+GI17 -> 0 | GL17: =IFERROR(((+F17+H17+J17+L17)/($E17/'RKP 08'!$D$5)),0) -> 350 | GM17: =G17+I17+K17+M17 -> 91432008 | GN17: =IFERROR(((+N17+P17+R17+T17)/($E17/'RKP 08'!$D$5)),0) -> 0 | GO17: =+O17+Q17+S17+U17 -> 0 | GP17: =IFERROR(((V17+X17+Z17+AB17)/($E17/'RKP 08'!$D$5)),0) -> 0 | GQ17: =W17+Y17+AA17+AC17 -> 0 | GR17: =GL17+GN17+GP17 -> 350 | GS17: =GM17+GO17+GQ17 -> 91432008 | GT17: =IFERROR(((AG17+AI17+AK17+AM17)/($E17/'RKP 08'!$D$5)),0) -> 0 | GU17: =AH17+AJ17+AL17+AN17 -> 0 | GV17: =IFERROR(((AO17+AQ17+AS17+AU17)/($E17/'RKP 08'!$D$5)),0) -> 0 | GW17: =AP17+AR17+AT17+AV17 -> 0 | GX17: =IFERROR(((AW17+AY17+BA17+BC17)/($E17/'RKP 08'!$D$5)),0) -> 0 | GY17: =AX17+AZ17+BB17+BD17 -> 0 | GZ17: =GT17+GV17+GX17 -> 0 | HA17: =GU17+GW17+GY17 -> 0 | HB17: =IFERROR(((BH17+BJ17+BL17+BN17)/($E17/'RKP 08'!$D$5)),0) -> 0 | HC17: =BI17+BK17+BM17+BO17 -> 0 | HD17: =IFERROR(((BP17+BR17+BT17+BV17)/($E17/'RKP 08'!$D$5)),0) -> 0 | HE17: =BQ17+BS17+BU17+BW17 -> 0 | HF17: =IFERROR(((BX17+BZ17+CB17+CD17)/($E17/'RKP 08'!$D$5)),0) -> 0 | HG17: =BY17+CA17+CC17+CE17 -> 0 | HH17: =HB17+HD17+HF17 -> 0 | HI17: =HC17+HE17+HG17 -> 0 | HJ17: =IFERROR(((CI17+CK17+CM17+CO17)/($E17/'RKP 08'!$D$5)),0) -> 0 | HK17: =CJ17+CL17+CN17+CP17 -> 0 | HL17: =IFERROR(((CQ17+CS17+CU17+CW17)/($E17/'RKP 08'!$D$5)),0) -> 0 | HM17: =CR17+CT17+CV17+CX17 -> 0 | HN17: =IFERROR(((CY17+DA17+DC17+DE17)/($E17/'RKP 08'!$D$5)),0) -> 0 | HO17: =CZ17+DB17+DD17+DF17 -> 0 | HP17: =HJ17+HL17+HN17 -> 0 | HQ17: =HK17+HM17+HO17 -> 0 | HR17: =IFERROR(((DJ17+DL17+DN17+DP17)/($E17/'RKP 08'!$D$5)),0) -> 0 | HS17: =DK17+DM17+DO17+DQ17 -> 0 | HT17: =IFERROR(((DR17+DT17+DV17+DX17)/($E17/'RKP 08'!$D$5)),0) -> 0 | HU17: =DS17+DU17+DW17+DY17 -> 0 | HV17: =IFERROR(((DZ17+EB17+ED17+EF17)/($E17/'RKP 08'!$D$5)),0) -> 0 | HW17: =EA17+EC17+EE17+EG17 -> 0 | HX17: =HR17+HT17+HV17 -> 0 | HY17: =HS17+HU17+HW17 -> 0 | HZ17: =EK17+EM17+EO17+EQ17 -> 0 | IA17: =EL17+EN17+EP17+ER17 -> 0 | IB17: =((ES17+EU17+EW17+EY17)/($E17/'RKP 08'!$D$5)) -> 0 | IC17: =ET17+EV17+EX17+EZ17 -> 0 | ID17: =((FA17+FC17+FE17+FG17)/($E17/'RKP 08'!$D$5)) -> 0 | IE17: =FB17+FD17+FF17+FH17 -> 0 | IF17: =HZ17+IB17+ID17 -> 0 | IG17: =IA17+IC17+IE17 -> 0 | II17: =GS17+HA17+HI17+HQ17+HY17+IG17 -> 91432008 | IJ17: =II17-(D17*E17) -> 0
B18: - Pembuatan Jalan Koleksi | C18: M | D18: =21950*105.81% -> 23225.295 | E18: =(1000/30)*350 -> 11666.667 | F18: =E18 -> 11666.667 | G18: =F18*$D18 -> 2.7096178e+08 | H18: 0 | I18: =H18*$D18 -> 0 | J18: 0 | K18: =J18*$D18 -> 0 | L18: 0 | M18: =L18*$D18 -> 0 | N18: 0 | O18: =N18*$D18 -> 0 | P18: 0 | Q18: =P18*$D18 -> 0 | S18: =R18*$D18 -> 0 | T18: 0 | U18: =T18*$D18 -> 0 | W18: =V18*$D18 -> 0 | Y18: =X18*$D18 -> 0 | AA18: =Z18*$D18 -> 0 | AC18: =AB18*$D18 -> 0 | AD18: =F18+H18+J18+L18+N18+P18+R18+T18+V18+X18+Z18+AB18 -> 11666.667 | AE18: =G18+I18+K18+M18+O18+Q18+S18+U18+W18+Y18+AA18+AC18 -> 2.7096178e+08 | AH18: =AG18*$D18 -> 0 | AJ18: =AI18*$D18 -> 0 | AL18: =AK18*$D18 -> 0 | AM18: 0 | AN18: =AM18*$D18 -> 0 | AP18: =AO18*$D18 -> 0 | AR18: =AQ18*$D18 -> 0 | AS18: 0 | AT18: =AS18*$D18 -> 0 | AU18: 0 | AV18: =AU18*$D18 -> 0 | AX18: =AW18*$D18 -> 0 | AZ18: =AY18*$D18 -> 0 | BB18: =BA18*$D18 -> 0 | BD18: =BC18*$D18 -> 0 | BE18: 0 | BF18: =AH18+AJ18+AL18+AN18+AP18+AR18+AT18+AV18+AX18+AZ18+BB18+BD18 -> 0 | BI18: =BH18*$D18 -> 0 | BK18: =BJ18*$D18 -> 0 | BM18: =BL18*$D18 -> 0 | BO18: =BN18*$D18 -> 0 | BQ18: =BP18*$D18 -> 0 | BS18: =BR18*$D18 -> 0 | BU18: =BT18*$D18 -> 0 | BW18: =BV18*$D18 -> 0 | BY18: =BX18*$D18 -> 0 | CA18: =BZ18*$D18 -> 0 | CC18: =CB18*$D18 -> 0 | CE18: =CD18*$D18 -> 0 | CF18: =BH18+BJ18+BL18+BN18+BP18+BR18+BT18+BV18+BX18+BZ18+CB18+CD18 -> 0 | CG18: =BI18+BK18+BM18+BO18+BQ18+BS18+BU18+BW18+BY18+CA18+CC18+CE18 -> 0 | CJ18: =CI18*$D18 -> 0 | CL18: =CK18*$D18 -> 0 | CN18: =CM18*$D18 -> 0 | CP18: =CO18*$D18 -> 0 | CR18: =CQ18*$D18 -> 0 | CT18: =CS18*$D18 -> 0 | CV18: =CU18*$D18 -> 0 | CX18: =CW18*$D18 -> 0 | CZ18: =CY18*$D18 -> 0 | DB18: =DA18*$D18 -> 0 | DD18: =DC18*$D18 -> 0 | DF18: =DE18*$D18 -> 0 | DG18: =CI18+CK18+CM18+CO18+CQ18+CS18+CU18+CW18+CY18+DA18+DC18+DE18 -> 0 | DH18: =CJ18+CL18+CN18+CP18+CR18+CT18+CV18+CX18+CZ18+DB18+DD18+DF18 -> 0 | DK18: =DJ18*$D18 -> 0 | DM18: =DL18*$D18 -> 0 | DO18: =DN18*$D18 -> 0 | DQ18: =DP18*$D18 -> 0 | DS18: =DR18*$D18 -> 0 | DU18: =DT18*$D18 -> 0 | DW18: =DV18*$D18 -> 0 | DY18: =DX18*$D18 -> 0 | EA18: =DZ18*$D18 -> 0 | EC18: =EB18*$D18 -> 0 | EE18: =ED18*$D18 -> 0 | EG18: =EF18*$D18 -> 0 | EH18: =DJ18+DL18+DN18+DP18+DR18+DT18+DV18+DX18+DZ18+EB18+ED18+EF18 -> 0 | EI18: =DK18+DM18+DO18+DQ18+DS18+DU18+DW18+DY18+EA18+EC18+EE18+EG18 -> 0 | EL18: =EK18*$D18 -> 0 | EN18: =EM18*$D18 -> 0 | EP18: =EO18*$D18 -> 0 | ER18: =EQ18*$D18 -> 0 | ET18: =ES18*$D18 -> 0 | EV18: =EU18*$D18 -> 0 | EX18: =EW18*$D18 -> 0 | EZ18: =EY18*$D18 -> 0 | FB18: =FA18*$D18 -> 0 | FD18: =FC18*$D18 -> 0 | FF18: =FE18*$D18 -> 0 | FH18: =FG18*$D18 -> 0 | FI18: =EK18+EM18+EO18+EQ18+ES18+EU18+EW18+EY18+FA18+FC18+FE18+FG18 -> 0 | FJ18: =EL18+EN18+EP18+ER18+ET18+EV18+EX18+EZ18+FB18+FD18+FF18+FH18 -> 0 | FM18: =FL18*$D18 -> 0 | FO18: =FN18*$D18 -> 0 | FQ18: =FP18*$D18 -> 0 | FS18: =FR18*$D18 -> 0 | FU18: =FT18*$D18 -> 0 | FW18: =FV18*$D18 -> 0 | FY18: =FX18*$D18 -> 0 | GA18: =FZ18*$D18 -> 0 | GC18: =GB18*$D18 -> 0 | GE18: =GD18*$D18 -> 0 | GG18: =GF18*$D18 -> 0 | GI18: =GH18*$D18 -> 0 | GJ18: =FL18+FN18+FP18+FR18+FT18+FV18+FX18+FZ18+GB18+GD18+GF18+GH18 -> 0 | GK18: =FM18+FO18+FQ18+FS18+FU18+FW18+FY18+GA18+GC18+GE18+GG18+GI18 -> 0 | GL18: =IFERROR(((+F18+H18+J18+L18)/($E18/'RKP 08'!$D$5)),0) -> 350 | GM18: =G18+I18+K18+M18 -> 2.7096178e+08 | GN18: =IFERROR(((+N18+P18+R18+T18)/($E18/'RKP 08'!$D$5)),0) -> 0 | GO18: =+O18+Q18+S18+U18 -> 0 | GP18: =IFERROR(((V18+X18+Z18+AB18)/($E18/'RKP 08'!$D$5)),0) -> 0 | GQ18: =W18+Y18+AA18+AC18 -> 0 | GR18: =GL18+GN18+GP18 -> 350 | GS18: =GM18+GO18+GQ18 -> 2.7096178e+08 | GT18: =IFERROR(((AG18+AI18+AK18+AM18)/($E18/'RKP 08'!$D$5)),0) -> 0 | GU18: =AH18+AJ18+AL18+AN18 -> 0 | GV18: =IFERROR(((AO18+AQ18+AS18+AU18)/($E18/'RKP 08'!$D$5)),0) -> 0 | GW18: =AP18+AR18+AT18+AV18 -> 0 | GX18: =IFERROR(((AW18+AY18+BA18+BC18)/($E18/'RKP 08'!$D$5)),0) -> 0 | GY18: =AX18+AZ18+BB18+BD18 -> 0 | GZ18: =GT18+GV18+GX18 -> 0 | HA18: =GU18+GW18+GY18 -> 0 | HB18: =IFERROR(((BH18+BJ18+BL18+BN18)/($E18/'RKP 08'!$D$5)),0) -> 0 | HC18: =BI18+BK18+BM18+BO18 -> 0 | HD18: =IFERROR(((BP18+BR18+BT18+BV18)/($E18/'RKP 08'!$D$5)),0) -> 0 | HE18: =BQ18+BS18+BU18+BW18 -> 0 | HF18: =IFERROR(((BX18+BZ18+CB18+CD18)/($E18/'RKP 08'!$D$5)),0) -> 0 | HG18: =BY18+CA18+CC18+CE18 -> 0 | HH18: =HB18+HD18+HF18 -> 0 | HI18: =HC18+HE18+HG18 -> 0 | HJ18: =IFERROR(((CI18+CK18+CM18+CO18)/($E18/'RKP 08'!$D$5)),0) -> 0 | HK18: =CJ18+CL18+CN18+CP18 -> 0 | HL18: =IFERROR(((CQ18+CS18+CU18+CW18)/($E18/'RKP 08'!$D$5)),0) -> 0 | HM18: =CR18+CT18+CV18+CX18 -> 0 | HN18: =IFERROR(((CY18+DA18+DC18+DE18)/($E18/'RKP 08'!$D$5)),0) -> 0 | HO18: =CZ18+DB18+DD18+DF18 -> 0 | HP18: =HJ18+HL18+HN18 -> 0 | HQ18: =HK18+HM18+HO18 -> 0 | HR18: =IFERROR(((DJ18+DL18+DN18+DP18)/($E18/'RKP 08'!$D$5)),0) -> 0 | HS18: =DK18+DM18+DO18+DQ18 -> 0 | HT18: =IFERROR(((DR18+DT18+DV18+DX18)/($E18/'RKP 08'!$D$5)),0) -> 0 | HU18: =DS18+DU18+DW18+DY18 -> 0 | HV18: =IFERROR(((DZ18+EB18+ED18+EF18)/($E18/'RKP 08'!$D$5)),0) -> 0 | HW18: =EA18+EC18+EE18+EG18 -> 0 | HX18: =HR18+HT18+HV18 -> 0 | HY18: =HS18+HU18+HW18 -> 0 | HZ18: =EK18+EM18+EO18+EQ18 -> 0 | IA18: =EL18+EN18+EP18+ER18 -> 0 | IB18: =ES18+EU18+EW18+EY18 -> 0 | IC18: =ET18+EV18+EX18+EZ18 -> 0 | ID18: =FA18+FC18+FE18+FG18 -> 0 | IE18: =FB18+FD18+FF18+FH18 -> 0 | IF18: =HZ18+IB18+ID18 -> 0 | IG18: =IA18+IC18+IE18 -> 0 | II18: =GS18+HA18+HI18+HQ18+HY18+IG18 -> 2.7096178e+08 | IJ18: =II18-(D18*E18) -> 0
B19: - Pembuatan Jembatan Permanen (3-4 Mtr) | C19: Unit | D19: =130000000*105.81% -> 137553000 | E19: =350/250 -> 1.4 | F19: =E19 -> 1.4 | G19: =F19*$D19 -> 192574200 | H19: ='[15]TTL TB'!Y104 -> 0 | I19: =H19*$D19 -> 0 | J19: ='[15]TTL TB'!AA104 -> 0 | K19: =J19*$D19 -> 0 | M19: =L19*$D19 -> 0 | O19: =N19*$D19 -> 0 | Q19: =P19*$D19 -> 0 | S19: =R19*$D19 -> 0 | U19: =T19*$D19 -> 0 | W19: =V19*$D19 -> 0 | Y19: =X19*$D19 -> 0 | AA19: =Z19*$D19 -> 0 | AC19: =AB19*$D19 -> 0 | AD19: =F19+H19+J19+L19+N19+P19+R19+T19+V19+X19+Z19+AB19 -> 1.4 | AE19: =G19+I19+K19+M19+O19+Q19+S19+U19+W19+Y19+AA19+AC19 -> 192574200 | AH19: =AG19*$D19 -> 0 | AJ19: =AI19*$D19 -> 0 | AL19: =AK19*$D19 -> 0 | AN19: =AM19*$D19 -> 0 | AP19: =AO19*$D19 -> 0 | AR19: =AQ19*$D19 -> 0 | AT19: =AS19*$D19 -> 0 | AV19: =AU19*$D19 -> 0 | AX19: =AW19*$D19 -> 0 | AZ19: =AY19*$D19 -> 0 | BB19: =BA19*$D19 -> 0 | BD19: =BC19*$D19 -> 0 | BE19: =AG19+AI19+AK19+AM19+AO19+AQ19+AS19+AU19+AW19+AY19+BA19+BC19 -> 0 | BF19: =AH19+AJ19+AL19+AN19+AP19+AR19+AT19+AV19+AX19+AZ19+BB19+BD19 -> 0 | BI19: =BH19*$D19 -> 0 | BK19: =BJ19*$D19 -> 0 | BM19: =BL19*$D19 -> 0 | BO19: =BN19*$D19 -> 0 | BQ19: =BP19*$D19 -> 0 | BS19: =BR19*$D19 -> 0 | BU19: =BT19*$D19 -> 0 | BW19: =BV19*$D19 -> 0 | BY19: =BX19*$D19 -> 0 | CA19: =BZ19*$D19 -> 0 | CC19: =CB19*$D19 -> 0 | CE19: =CD19*$D19 -> 0 | CF19: =BH19+BJ19+BL19+BN19+BP19+BR19+BT19+BV19+BX19+BZ19+CB19+CD19 -> 0 | CG19: =BI19+BK19+BM19+BO19+BQ19+BS19+BU19+BW19+BY19+CA19+CC19+CE19 -> 0 | CJ19: =CI19*$D19 -> 0 | CL19: =CK19*$D19 -> 0 | CN19: =CM19*$D19 -> 0 | CP19: =CO19*$D19 -> 0 | CR19: =CQ19*$D19 -> 0 | CT19: =CS19*$D19 -> 0 | CV19: =CU19*$D19 -> 0 | CX19: =CW19*$D19 -> 0 | CZ19: =CY19*$D19 -> 0 | DB19: =DA19*$D19 -> 0 | DD19: =DC19*$D19 -> 0 | DF19: =DE19*$D19 -> 0 | DG19: =CI19+CK19+CM19+CO19+CQ19+CS19+CU19+CW19+CY19+DA19+DC19+DE19 -> 0 | DH19: =CJ19+CL19+CN19+CP19+CR19+CT19+CV19+CX19+CZ19+DB19+DD19+DF19 -> 0 | DK19: =DJ19*$D19 -> 0 | DM19: =DL19*$D19 -> 0 | DO19: =DN19*$D19 -> 0 | DQ19: =DP19*$D19 -> 0 | DS19: =DR19*$D19 -> 0 | DU19: =DT19*$D19 -> 0 | DW19: =DV19*$D19 -> 0 | DY19: =DX19*$D19 -> 0 | EA19: =DZ19*$D19 -> 0 | EC19: =EB19*$D19 -> 0 | EE19: =ED19*$D19 -> 0 | EG19: =EF19*$D19 -> 0 | EH19: =DJ19+DL19+DN19+DP19+DR19+DT19+DV19+DX19+DZ19+EB19+ED19+EF19 -> 0 | EI19: =DK19+DM19+DO19+DQ19+DS19+DU19+DW19+DY19+EA19+EC19+EE19+EG19 -> 0 | EL19: =EK19*$D19 -> 0 | EN19: =EM19*$D19 -> 0 | EP19: =EO19*$D19 -> 0 | ER19: =EQ19*$D19 -> 0 | ET19: =ES19*$D19 -> 0 | EV19: =EU19*$D19 -> 0 | EX19: =EW19*$D19 -> 0 | EZ19: =EY19*$D19 -> 0 | FB19: =FA19*$D19 -> 0 | FD19: =FC19*$D19 -> 0 | FF19: =FE19*$D19 -> 0 | FH19: =FG19*$D19 -> 0 | FI19: =EK19+EM19+EO19+EQ19+ES19+EU19+EW19+EY19+FA19+FC19+FE19+FG19 -> 0 | FJ19: =EL19+EN19+EP19+ER19+ET19+EV19+EX19+EZ19+FB19+FD19+FF19+FH19 -> 0 | FM19: =FL19*$D19 -> 0 | FO19: =FN19*$D19 -> 0 | FQ19: =FP19*$D19 -> 0 | FS19: =FR19*$D19 -> 0 | FU19: =FT19*$D19 -> 0 | FW19: =FV19*$D19 -> 0 | FY19: =FX19*$D19 -> 0 | GA19: =FZ19*$D19 -> 0 | GC19: =GB19*$D19 -> 0 | GE19: =GD19*$D19 -> 0 | GG19: =GF19*$D19 -> 0 | GI19: =GH19*$D19 -> 0 | GJ19: =FL19+FN19+FP19+FR19+FT19+FV19+FX19+FZ19+GB19+GD19+GF19+GH19 -> 0 | GK19: =FM19+FO19+FQ19+FS19+FU19+FW19+FY19+GA19+GC19+GE19+GG19+GI19 -> 0 | GL19: =IFERROR(((+F19+H19+J19+L19)/($E19/'RKP 08'!$D$5)),0) -> 350 | GM19: =G19+I19+K19+M19 -> 192574200 | GN19: =IFERROR(((+N19+P19+R19+T19)/($E19/'RKP 08'!$D$5)),0) -> 0 | GO19: =+O19+Q19+S19+U19 -> 0 | GP19: =IFERROR(((V19+X19+Z19+AB19)/($E19/'RKP 08'!$D$5)),0) -> 0 | GQ19: =W19+Y19+AA19+AC19 -> 0 | GR19: =GL19+GN19+GP19 -> 350 | GS19: =GM19+GO19+GQ19 -> 192574200 | GT19: =IFERROR(((AG19+AI19+AK19+AM19)/($E19/'RKP 08'!$D$5)),0) -> 0 | GU19: =AH19+AJ19+AL19+AN19 -> 0 | GV19: =IFERROR(((AO19+AQ19+AS19+AU19)/($E19/'RKP 08'!$D$5)),0) -> 0 | GW19: =AP19+AR19+AT19+AV19 -> 0 | GX19: =IFERROR(((AW19+AY19+BA19+BC19)/($E19/'RKP 08'!$D$5)),0) -> 0 | GY19: =AX19+AZ19+BB19+BD19 -> 0 | GZ19: =GT19+GV19+GX19 -> 0 | HA19: =GU19+GW19+GY19 -> 0 | HB19: =IFERROR(((BH19+BJ19+BL19+BN19)/($E19/'RKP 08'!$D$5)),0) -> 0 | HC19: =BI19+BK19+BM19+BO19 -> 0 | HD19: =IFERROR(((BP19+BR19+BT19+BV19)/($E19/'RKP 08'!$D$5)),0) -> 0 | HE19: =BQ19+BS19+BU19+BW19 -> 0 | HF19: =IFERROR(((BX19+BZ19+CB19+CD19)/($E19/'RKP 08'!$D$5)),0) -> 0 | HG19: =BY19+CA19+CC19+CE19 -> 0 | HH19: =HB19+HD19+HF19 -> 0 | HI19: =HC19+HE19+HG19 -> 0 | HJ19: =IFERROR(((CI19+CK19+CM19+CO19)/($E19/'RKP 08'!$D$5)),0) -> 0 | HK19: =CJ19+CL19+CN19+CP19 -> 0 | HL19: =IFERROR(((CQ19+CS19+CU19+CW19)/($E19/'RKP 08'!$D$5)),0) -> 0 | HM19: =CR19+CT19+CV19+CX19 -> 0 | HN19: =IFERROR(((CY19+DA19+DC19+DE19)/($E19/'RKP 08'!$D$5)),0) -> 0 | HO19: =CZ19+DB19+DD19+DF19 -> 0 | HP19: =HJ19+HL19+HN19 -> 0 | HQ19: =HK19+HM19+HO19 -> 0 | HR19: =IFERROR(((DJ19+DL19+DN19+DP19)/($E19/'RKP 08'!$D$5)),0) -> 0 | HS19: =DK19+DM19+DO19+DQ19 -> 0 | HT19: =IFERROR(((DR19+DT19+DV19+DX19)/($E19/'RKP 08'!$D$5)),0) -> 0 | HU19: =DS19+DU19+DW19+DY19 -> 0 | HV19: =IFERROR(((DZ19+EB19+ED19+EF19)/($E19/'RKP 08'!$D$5)),0) -> 0 | HW19: =EA19+EC19+EE19+EG19 -> 0 | HX19: =HR19+HT19+HV19 -> 0 | HY19: =HS19+HU19+HW19 -> 0 | HZ19: =EK19+EM19+EO19+EQ19 -> 0 | IA19: =EL19+EN19+EP19+ER19 -> 0 | IB19: =IFERROR(((ES19+EU19+EW19+EY19)/($E19/'RKP 08'!$D$5)),0) -> 0 | IC19: =ET19+EV19+EX19+EZ19 -> 0 | ID19: =IFERROR(((FA19+FC19+FE19+FG19)/($E19/'RKP 08'!$D$5)),0) -> 0 | IE19: =FB19+FD19+FF19+FH19 -> 0 | IF19: =HZ19+IB19+ID19 -> 0 | IG19: =IA19+IC19+IE19 -> 0 | II19: =GS19+HA19+HI19+HQ19+HY19+IG19 -> 192574200 | IJ19: =II19-(D19*E19) -> 0 | IP19: =1133.3/250 -> 4.5332
B20: -Pembuatan Parit Primer (6x3x3) (Outlet) | C20: M | D20: =75495*105.81% -> 79881.26 | E20: 0 | F20: =E20 -> 0 | G20: =F20*$D20 -> 0 | I20: =H20*$D20 -> 0 | K20: =J20*$D20 -> 0 | M20: =L20*$D20 -> 0 | O20: =N20*$D20 -> 0 | Q20: =P20*$D20 -> 0 | S20: =R20*$D20 -> 0 | U20: =T20*$D20 -> 0 | W20: =V20*$D20 -> 0 | Y20: =X20*$D20 -> 0 | AA20: =Z20*$D20 -> 0 | AC20: =AB20*$D20 -> 0 | AD20: =F20+H20+J20+L20+N20+P20+R20+T20+V20+X20+Z20+AB20 -> 0 | AE20: =G20+I20+K20+M20+O20+Q20+S20+U20+W20+Y20+AA20+AC20 -> 0 | AH20: =AG20*$D20 -> 0 | AJ20: =AI20*$D20 -> 0 | AL20: =AK20*$D20 -> 0 | AN20: =AM20*$D20 -> 0 | AP20: =AO20*$D20 -> 0 | AR20: =AQ20*$D20 -> 0 | AT20: =AS20*$D20 -> 0 | AV20: =AU20*$D20 -> 0 | AX20: =AW20*$D20 -> 0 | AZ20: =AY20*$D20 -> 0 | BB20: =BA20*$D20 -> 0 | BD20: =BC20*$D20 -> 0 | BE20: =AG20+AI20+AK20+AM20+AO20+AQ20+AS20+AU20+AW20+AY20+BA20+BC20 -> 0 | BF20: =AH20+AJ20+AL20+AN20+AP20+AR20+AT20+AV20+AX20+AZ20+BB20+BD20 -> 0 | BI20: =BH20*$D20 -> 0 | BK20: =BJ20*$D20 -> 0 | BM20: =BL20*$D20 -> 0 | BO20: =BN20*$D20 -> 0 | BQ20: =BP20*$D20 -> 0 | BS20: =BR20*$D20 -> 0 | BU20: =BT20*$D20 -> 0 | BW20: =BV20*$D20 -> 0 | BY20: =BX20*$D20 -> 0 | CA20: =BZ20*$D20 -> 0 | CC20: =CB20*$D20 -> 0 | CE20: =CD20*$D20 -> 0 | CF20: =BH20+BJ20+BL20+BN20+BP20+BR20+BT20+BV20+BX20+BZ20+CB20+CD20 -> 0 | CG20: =BI20+BK20+BM20+BO20+BQ20+BS20+BU20+BW20+BY20+CA20+CC20+CE20 -> 0 | CJ20: =CI20*$D20 -> 0 | CL20: =CK20*$D20 -> 0 | CN20: =CM20*$D20 -> 0 | CP20: =CO20*$D20 -> 0 | CR20: =CQ20*$D20 -> 0 | CT20: =CS20*$D20 -> 0 | CV20: =CU20*$D20 -> 0 | CX20: =CW20*$D20 -> 0 | CZ20: =CY20*$D20 -> 0 | DB20: =DA20*$D20 -> 0 | DD20: =DC20*$D20 -> 0 | DF20: =DE20*$D20 -> 0 | DG20: =CI20+CK20+CM20+CO20+CQ20+CS20+CU20+CW20+CY20+DA20+DC20+DE20 -> 0 | DH20: =CJ20+CL20+CN20+CP20+CR20+CT20+CV20+CX20+CZ20+DB20+DD20+DF20 -> 0 | DK20: =DJ20*$D20 -> 0 | DM20: =DL20*$D20 -> 0 | DO20: =DN20*$D20 -> 0 | DQ20: =DP20*$D20 -> 0 | DS20: =DR20*$D20 -> 0 | DU20: =DT20*$D20 -> 0 | DW20: =DV20*$D20 -> 0 | DY20: =DX20*$D20 -> 0 | EA20: =DZ20*$D20 -> 0 | EC20: =EB20*$D20 -> 0 | EE20: =ED20*$D20 -> 0 | EG20: =EF20*$D20 -> 0 | EH20: =DJ20+DL20+DN20+DP20+DR20+DT20+DV20+DX20+DZ20+EB20+ED20+EF20 -> 0 | EI20: =DK20+DM20+DO20+DQ20+DS20+DU20+DW20+DY20+EA20+EC20+EE20+EG20 -> 0 | EL20: =EK20*$D20 -> 0 | EN20: =EM20*$D20 -> 0 | EP20: =EO20*$D20 -> 0 | ER20: =EQ20*$D20 -> 0 | ET20: =ES20*$D20 -> 0 | EV20: =EU20*$D20 -> 0 | EX20: =EW20*$D20 -> 0 | EZ20: =EY20*$D20 -> 0 | FB20: =FA20*$D20 -> 0 | FD20: =FC20*$D20 -> 0 | FF20: =FE20*$D20 -> 0 | FH20: =FG20*$D20 -> 0 | FI20: =EK20+EM20+EO20+EQ20+ES20+EU20+EW20+EY20+FA20+FC20+FE20+FG20 -> 0 | FJ20: =EL20+EN20+EP20+ER20+ET20+EV20+EX20+EZ20+FB20+FD20+FF20+FH20 -> 0 | FM20: =FL20*$D20 -> 0 | FO20: =FN20*$D20 -> 0 | FQ20: =FP20*$D20 -> 0 | FS20: =FR20*$D20 -> 0 | FU20: =FT20*$D20 -> 0 | FW20: =FV20*$D20 -> 0 | FY20: =FX20*$D20 -> 0 | GA20: =FZ20*$D20 -> 0 | GC20: =GB20*$D20 -> 0 | GE20: =GD20*$D20 -> 0 | GG20: =GF20*$D20 -> 0 | GI20: =GH20*$D20 -> 0 | GJ20: =FL20+FN20+FP20+FR20+FT20+FV20+FX20+FZ20+GB20+GD20+GF20+GH20 -> 0 | GK20: =FM20+FO20+FQ20+FS20+FU20+FW20+FY20+GA20+GC20+GE20+GG20+GI20 -> 0 | GL20: =IFERROR(((+F20+H20+J20+L20)/($E20/'RKP 08'!$D$5)),0) -> 0 | GM20: =G20+I20+K20+M20 -> 0 | GN20: =IFERROR(((+N20+P20+R20+T20)/($E20/'RKP 08'!$D$5)),0) -> 0 | GO20: =+O20+Q20+S20+U20 -> 0 | GP20: =IFERROR(((V20+X20+Z20+AB20)/($E20/'RKP 08'!$D$5)),0) -> 0 | GQ20: =W20+Y20+AA20+AC20 -> 0 | GR20: =GL20+GN20+GP20 -> 0 | GS20: =GM20+GO20+GQ20 -> 0 | GT20: =IFERROR(((AG20+AI20+AK20+AM20)/($E20/'RKP 08'!$D$5)),0) -> 0 | GU20: =AH20+AJ20+AL20+AN20 -> 0 | GV20: =IFERROR(((AO20+AQ20+AS20+AU20)/($E20/'RKP 08'!$D$5)),0) -> 0 | GW20: =AP20+AR20+AT20+AV20 -> 0 | GX20: =IFERROR(((AW20+AY20+BA20+BC20)/($E20/'RKP 08'!$D$5)),0) -> 0 | GY20: =AX20+AZ20+BB20+BD20 -> 0 | GZ20: =GT20+GV20+GX20 -> 0 | HA20: =GU20+GW20+GY20 -> 0 | HB20: =IFERROR(((BH20+BJ20+BL20+BN20)/($E20/'RKP 08'!$D$5)),0) -> 0 | HC20: =BI20+BK20+BM20+BO20 -> 0 | HD20: =IFERROR(((BP20+BR20+BT20+BV20)/($E20/'RKP 08'!$D$5)),0) -> 0 | HE20: =BQ20+BS20+BU20+BW20 -> 0 | HF20: =IFERROR(((BX20+BZ20+CB20+CD20)/($E20/'RKP 08'!$D$5)),0) -> 0 | HG20: =BY20+CA20+CC20+CE20 -> 0 | HH20: =HB20+HD20+HF20 -> 0 | HI20: =HC20+HE20+HG20 -> 0 | HJ20: =IFERROR(((CI20+CK20+CM20+CO20)/($E20/'RKP 08'!$D$5)),0) -> 0 | HK20: =CJ20+CL20+CN20+CP20 -> 0 | HL20: =IFERROR(((CQ20+CS20+CU20+CW20)/($E20/'RKP 08'!$D$5)),0) -> 0 | HM20: =CR20+CT20+CV20+CX20 -> 0 | HN20: =IFERROR(((CY20+DA20+DC20+DE20)/($E20/'RKP 08'!$D$5)),0) -> 0 | HO20: =CZ20+DB20+DD20+DF20 -> 0 | HP20: =HJ20+HL20+HN20 -> 0 | HQ20: =HK20+HM20+HO20 -> 0 | HR20: =IFERROR(((DJ20+DL20+DN20+DP20)/($E20/'RKP 08'!$D$5)),0) -> 0 | HS20: =DK20+DM20+DO20+DQ20 -> 0 | HT20: =IFERROR(((DR20+DT20+DV20+DX20)/($E20/'RKP 08'!$D$5)),0) -> 0 | HU20: =DS20+DU20+DW20+DY20 -> 0 | HV20: =IFERROR(((DZ20+EB20+ED20+EF20)/($E20/'RKP 08'!$D$5)),0) -> 0 | HW20: =EA20+EC20+EE20+EG20 -> 0 | HX20: =HR20+HT20+HV20 -> 0 | HY20: =HS20+HU20+HW20 -> 0 | HZ20: =EK20+EM20+EO20+EQ20 -> 0 | IA20: =EL20+EN20+EP20+ER20 -> 0 | IB20: =IFERROR(((ES20+EU20+EW20+EY20)/($E20/'RKP 08'!$D$5)),0) -> 0 | IC20: =ET20+EV20+EX20+EZ20 -> 0 | ID20: =IFERROR(((FA20+FC20+FE20+FG20)/($E20/'RKP 08'!$D$5)),0) -> 0 | IE20: =FB20+FD20+FF20+FH20 -> 0 | IF20: =HZ20+IB20+ID20 -> 0 | IG20: =IA20+IC20+IE20 -> 0 | II20: =GS20+HA20+HI20+HQ20+HY20+IG20 -> 0 | IJ20: =II20-(D20*E20) -> 0
B21: -Pembuatan Parit Primer (6x3x3) (Tanggul Keliling) | C21: M | D21: =40740*105.81% -> 43106.994 | E21: =((1400/200)*350)*2 -> 4900 | F21: =E21 -> 4900 | G21: =F21*$D21 -> 2.1122427e+08 | I21: =H21*$D21 -> 0 | K21: =J21*$D21 -> 0 | M21: =L21*$D21 -> 0 | O21: =N21*$D21 -> 0 | Q21: =P21*$D21 -> 0 | S21: =R21*$D21 -> 0 | U21: =T21*$D21 -> 0 | W21: =V21*$D21 -> 0 | Y21: =X21*$D21 -> 0 | AA21: =Z21*$D21 -> 0 | AC21: =AB21*$D21 -> 0 | AD21: =F21+H21+J21+L21+N21+P21+R21+T21+V21+X21+Z21+AB21 -> 4900 | AE21: =G21+I21+K21+M21+O21+Q21+S21+U21+W21+Y21+AA21+AC21 -> 2.1122427e+08 | AH21: =AG21*$D21 -> 0 | AJ21: =AI21*$D21 -> 0 | AL21: =AK21*$D21 -> 0 | AN21: =AM21*$D21 -> 0 | AP21: =AO21*$D21 -> 0 | AR21: =AQ21*$D21 -> 0 | AT21: =AS21*$D21 -> 0 | AV21: =AU21*$D21 -> 0 | AX21: =AW21*$D21 -> 0 | AZ21: =AY21*$D21 -> 0 | BB21: =BA21*$D21 -> 0 | BD21: =BC21*$D21 -> 0 | BE21: =AG21+AI21+AK21+AM21+AO21+AQ21+AS21+AU21+AW21+AY21+BA21+BC21 -> 0 | BF21: =AH21+AJ21+AL21+AN21+AP21+AR21+AT21+AV21+AX21+AZ21+BB21+BD21 -> 0 | BI21: =BH21*$D21 -> 0 | BK21: =BJ21*$D21 -> 0 | BM21: =BL21*$D21 -> 0 | BO21: =BN21*$D21 -> 0 | BQ21: =BP21*$D21 -> 0 | BS21: =BR21*$D21 -> 0 | BU21: =BT21*$D21 -> 0 | BW21: =BV21*$D21 -> 0 | BY21: =BX21*$D21 -> 0 | CA21: =BZ21*$D21 -> 0 | CC21: =CB21*$D21 -> 0 | CE21: =CD21*$D21 -> 0 | CF21: =BH21+BJ21+BL21+BN21+BP21+BR21+BT21+BV21+BX21+BZ21+CB21+CD21 -> 0 | CG21: =BI21+BK21+BM21+BO21+BQ21+BS21+BU21+BW21+BY21+CA21+CC21+CE21 -> 0 | CJ21: =CI21*$D21 -> 0 | CL21: =CK21*$D21 -> 0 | CN21: =CM21*$D21 -> 0 | CP21: =CO21*$D21 -> 0 | CR21: =CQ21*$D21 -> 0 | CT21: =CS21*$D21 -> 0 | CV21: =CU21*$D21 -> 0 | CX21: =CW21*$D21 -> 0 | CZ21: =CY21*$D21 -> 0 | DB21: =DA21*$D21 -> 0 | DD21: =DC21*$D21 -> 0 | DF21: =DE21*$D21 -> 0 | DG21: =CI21+CK21+CM21+CO21+CQ21+CS21+CU21+CW21+CY21+DA21+DC21+DE21 -> 0 | DH21: =CJ21+CL21+CN21+CP21+CR21+CT21+CV21+CX21+CZ21+DB21+DD21+DF21 -> 0 | DK21: =DJ21*$D21 -> 0 | DM21: =DL21*$D21 -> 0 | DO21: =DN21*$D21 -> 0 | DQ21: =DP21*$D21 -> 0 | DS21: =DR21*$D21 -> 0 | DU21: =DT21*$D21 -> 0 | DW21: =DV21*$D21 -> 0 | DY21: =DX21*$D21 -> 0 | EA21: =DZ21*$D21 -> 0 | EC21: =EB21*$D21 -> 0 | EE21: =ED21*$D21 -> 0 | EG21: =EF21*$D21 -> 0 | EH21: =DJ21+DL21+DN21+DP21+DR21+DT21+DV21+DX21+DZ21+EB21+ED21+EF21 -> 0 | EI21: =DK21+DM21+DO21+DQ21+DS21+DU21+DW21+DY21+EA21+EC21+EE21+EG21 -> 0 | EL21: =EK21*$D21 -> 0 | EN21: =EM21*$D21 -> 0 | EP21: =EO21*$D21 -> 0 | ER21: =EQ21*$D21 -> 0 | ET21: =ES21*$D21 -> 0 | EV21: =EU21*$D21 -> 0 | EX21: =EW21*$D21 -> 0 | EZ21: =EY21*$D21 -> 0 | FB21: =FA21*$D21 -> 0 | FD21: =FC21*$D21 -> 0 | FF21: =FE21*$D21 -> 0 | FH21: =FG21*$D21 -> 0 | FI21: =EK21+EM21+EO21+EQ21+ES21+EU21+EW21+EY21+FA21+FC21+FE21+FG21 -> 0 | FJ21: =EL21+EN21+EP21+ER21+ET21+EV21+EX21+EZ21+FB21+FD21+FF21+FH21 -> 0 | FM21: =FL21*$D21 -> 0 | FO21: =FN21*$D21 -> 0 | FQ21: =FP21*$D21 -> 0 | FS21: =FR21*$D21 -> 0 | FU21: =FT21*$D21 -> 0 | FW21: =FV21*$D21 -> 0 | FY21: =FX21*$D21 -> 0 | GA21: =FZ21*$D21 -> 0 | GC21: =GB21*$D21 -> 0 | GE21: =GD21*$D21 -> 0 | GG21: =GF21*$D21 -> 0 | GI21: =GH21*$D21 -> 0 | GJ21: =FL21+FN21+FP21+FR21+FT21+FV21+FX21+FZ21+GB21+GD21+GF21+GH21 -> 0 | GK21: =FM21+FO21+FQ21+FS21+FU21+FW21+FY21+GA21+GC21+GE21+GG21+GI21 -> 0 | GL21: =IFERROR(((+F21+H21+J21+L21)/($E21/'RKP 08'!$D$5)),0) -> 350 | GM21: =G21+I21+K21+M21 -> 2.1122427e+08 | GN21: =IFERROR(((+N21+P21+R21+T21)/($E21/'RKP 08'!$D$5)),0) -> 0 | GO21: =+O21+Q21+S21+U21 -> 0 | GP21: =IFERROR(((V21+X21+Z21+AB21)/($E21/'RKP 08'!$D$5)),0) -> 0 | GQ21: =W21+Y21+AA21+AC21 -> 0 | GR21: =GL21+GN21+GP21 -> 350 | GS21: =GM21+GO21+GQ21 -> 2.1122427e+08 | GT21: =IFERROR(((AG21+AI21+AK21+AM21)/($E21/'RKP 08'!$D$5)),0) -> 0 | GU21: =AH21+AJ21+AL21+AN21 -> 0 | GV21: =IFERROR(((AO21+AQ21+AS21+AU21)/($E21/'RKP 08'!$D$5)),0) -> 0 | GW21: =AP21+AR21+AT21+AV21 -> 0 | GX21: =IFERROR(((AW21+AY21+BA21+BC21)/($E21/'RKP 08'!$D$5)),0) -> 0 | GY21: =AX21+AZ21+BB21+BD21 -> 0 | GZ21: =GT21+GV21+GX21 -> 0 | HA21: =GU21+GW21+GY21 -> 0 | HB21: =IFERROR(((BH21+BJ21+BL21+BN21)/($E21/'RKP 08'!$D$5)),0) -> 0 | HC21: =BI21+BK21+BM21+BO21 -> 0 | HD21: =IFERROR(((BP21+BR21+BT21+BV21)/($E21/'RKP 08'!$D$5)),0) -> 0 | HE21: =BQ21+BS21+BU21+BW21 -> 0 | HF21: =IFERROR(((BX21+BZ21+CB21+CD21)/($E21/'RKP 08'!$D$5)),0) -> 0 | HG21: =BY21+CA21+CC21+CE21 -> 0 | HH21: =HB21+HD21+HF21 -> 0 | HI21: =HC21+HE21+HG21 -> 0 | HJ21: =IFERROR(((CI21+CK21+CM21+CO21)/($E21/'RKP 08'!$D$5)),0) -> 0 | HK21: =CJ21+CL21+CN21+CP21 -> 0 | HL21: =IFERROR(((CQ21+CS21+CU21+CW21)/($E21/'RKP 08'!$D$5)),0) -> 0 | HM21: =CR21+CT21+CV21+CX21 -> 0 | HN21: =IFERROR(((CY21+DA21+DC21+DE21)/($E21/'RKP 08'!$D$5)),0) -> 0 | HO21: =CZ21+DB21+DD21+DF21 -> 0 | HP21: =HJ21+HL21+HN21 -> 0 | HQ21: =HK21+HM21+HO21 -> 0 | HR21: =IFERROR(((DJ21+DL21+DN21+DP21)/($E21/'RKP 08'!$D$5)),0) -> 0 | HS21: =DK21+DM21+DO21+DQ21 -> 0 | HT21: =IFERROR(((DR21+DT21+DV21+DX21)/($E21/'RKP 08'!$D$5)),0) -> 0 | HU21: =DS21+DU21+DW21+DY21 -> 0 | HV21: =IFERROR(((DZ21+EB21+ED21+EF21)/($E21/'RKP 08'!$D$5)),0) -> 0 | HW21: =EA21+EC21+EE21+EG21 -> 0 | HX21: =HR21+HT21+HV21 -> 0 | HY21: =HS21+HU21+HW21 -> 0 | HZ21: =EK21+EM21+EO21+EQ21 -> 0 | IA21: =EL21+EN21+EP21+ER21 -> 0 | IB21: =IFERROR(((ES21+EU21+EW21+EY21)/($E21/'RKP 08'!$D$5)),0) -> 0 | IC21: =ET21+EV21+EX21+EZ21 -> 0 | ID21: =IFERROR(((FA21+FC21+FE21+FG21)/($E21/'RKP 08'!$D$5)),0) -> 0 | IE21: =FB21+FD21+FF21+FH21 -> 0 | IF21: =HZ21+IB21+ID21 -> 0 | IG21: =IA21+IC21+IE21 -> 0 | II21: =GS21+HA21+HI21+HQ21+HY21+IG21 -> 2.1122427e+08 | IJ21: =II21-(D21*E21) -> 0 | IP21: =((1400/200)*1133.3)*82 -> 650514.2
B22: -Pembuatan Parit Primer (3x3x3) (Main Drain) | C22: M | D22: =305558*105.81% -> 323310.92 | E22: =(300/30)*350 -> 3500 | F22: =E22 -> 3500 | G22: =F22*$D22 -> 1.1315882e+09 | H22: 0 | I22: =H22*$D22 -> 0 | J22: 0 | K22: =J22*$D22 -> 0 | L22: 0 | M22: =L22*$D22 -> 0 | N22: 0 | O22: =N22*$D22 -> 0 | P22: 0 | Q22: =P22*$D22 -> 0 | S22: =R22*$D22 -> 0 | U22: =T22*$D22 -> 0 | W22: =V22*$D22 -> 0 | Y22: =X22*$D22 -> 0 | AA22: =Z22*$D22 -> 0 | AC22: =AB22*$D22 -> 0 | AD22: =F22+H22+J22+L22+N22+P22+R22+T22+V22+X22+Z22+AB22 -> 3500 | AE22: =G22+I22+K22+M22+O22+Q22+S22+U22+W22+Y22+AA22+AC22 -> 1.1315882e+09 | AH22: =AG22*$D22 -> 0 | AJ22: =AI22*$D22 -> 0 | AL22: =AK22*$D22 -> 0 | AM22: 0 | AN22: =AM22*$D22 -> 0 | AP22: =AO22*$D22 -> 0 | AR22: =AQ22*$D22 -> 0 | AS22: 0 | AT22: =AS22*$D22 -> 0 | AU22: 0 | AV22: =AU22*$D22 -> 0 | AX22: =AW22*$D22 -> 0 | AZ22: =AY22*$D22 -> 0 | BB22: =BA22*$D22 -> 0 | BD22: =BC22*$D22 -> 0 | BE22: 0 | BF22: =AH22+AJ22+AL22+AN22+AP22+AR22+AT22+AV22+AX22+AZ22+BB22+BD22 -> 0 | BI22: =BH22*$D22 -> 0 | BK22: =BJ22*$D22 -> 0 | BM22: =BL22*$D22 -> 0 | BO22: =BN22*$D22 -> 0 | BQ22: =BP22*$D22 -> 0 | BS22: =BR22*$D22 -> 0 | BU22: =BT22*$D22 -> 0 | BW22: =BV22*$D22 -> 0 | BY22: =BX22*$D22 -> 0 | CA22: =BZ22*$D22 -> 0 | CC22: =CB22*$D22 -> 0 | CE22: =CD22*$D22 -> 0 | CF22: =BH22+BJ22+BL22+BN22+BP22+BR22+BT22+BV22+BX22+BZ22+CB22+CD22 -> 0 | CG22: =BI22+BK22+BM22+BO22+BQ22+BS22+BU22+BW22+BY22+CA22+CC22+CE22 -> 0 | CJ22: =CI22*$D22 -> 0 | CL22: =CK22*$D22 -> 0 | CN22: =CM22*$D22 -> 0 | CP22: =CO22*$D22 -> 0 | CR22: =CQ22*$D22 -> 0 | CT22: =CS22*$D22 -> 0 | CV22: =CU22*$D22 -> 0 | CX22: =CW22*$D22 -> 0 | CZ22: =CY22*$D22 -> 0 | DB22: =DA22*$D22 -> 0 | DD22: =DC22*$D22 -> 0 | DF22: =DE22*$D22 -> 0 | DG22: =CI22+CK22+CM22+CO22+CQ22+CS22+CU22+CW22+CY22+DA22+DC22+DE22 -> 0 | DH22: =CJ22+CL22+CN22+CP22+CR22+CT22+CV22+CX22+CZ22+DB22+DD22+DF22 -> 0 | DK22: =DJ22*$D22 -> 0 | DM22: =DL22*$D22 -> 0 | DO22: =DN22*$D22 -> 0 | DQ22: =DP22*$D22 -> 0 | DS22: =DR22*$D22 -> 0 | DU22: =DT22*$D22 -> 0 | DW22: =DV22*$D22 -> 0 | DY22: =DX22*$D22 -> 0 | EA22: =DZ22*$D22 -> 0 | EC22: =EB22*$D22 -> 0 | EE22: =ED22*$D22 -> 0 | EG22: =EF22*$D22 -> 0 | EH22: =DJ22+DL22+DN22+DP22+DR22+DT22+DV22+DX22+DZ22+EB22+ED22+EF22 -> 0 | EI22: =DK22+DM22+DO22+DQ22+DS22+DU22+DW22+DY22+EA22+EC22+EE22+EG22 -> 0 | EL22: =EK22*$D22 -> 0 | EN22: =EM22*$D22 -> 0 | EP22: =EO22*$D22 -> 0 | ER22: =EQ22*$D22 -> 0 | ET22: =ES22*$D22 -> 0 | EV22: =EU22*$D22 -> 0 | EX22: =EW22*$D22 -> 0 | EZ22: =EY22*$D22 -> 0 | FB22: =FA22*$D22 -> 0 | FD22: =FC22*$D22 -> 0 | FF22: =FE22*$D22 -> 0 | FH22: =FG22*$D22 -> 0 | FI22: =EK22+EM22+EO22+EQ22+ES22+EU22+EW22+EY22+FA22+FC22+FE22+FG22 -> 0 | FJ22: =EL22+EN22+EP22+ER22+ET22+EV22+EX22+EZ22+FB22+FD22+FF22+FH22 -> 0 | FM22: =FL22*$D22 -> 0 | FO22: =FN22*$D22 -> 0 | FQ22: =FP22*$D22 -> 0 | FS22: =FR22*$D22 -> 0 | FU22: =FT22*$D22 -> 0 | FW22: =FV22*$D22 -> 0 | FY22: =FX22*$D22 -> 0 | GA22: =FZ22*$D22 -> 0 | GC22: =GB22*$D22 -> 0 | GE22: =GD22*$D22 -> 0 | GG22: =GF22*$D22 -> 0 | GI22: =GH22*$D22 -> 0 | GJ22: =FL22+FN22+FP22+FR22+FT22+FV22+FX22+FZ22+GB22+GD22+GF22+GH22 -> 0 | GK22: =FM22+FO22+FQ22+FS22+FU22+FW22+FY22+GA22+GC22+GE22+GG22+GI22 -> 0 | GL22: =IFERROR(((+F22+H22+J22+L22)/($E22/'RKP 08'!$D$5)),0) -> 350 | GM22: =G22+I22+K22+M22 -> 1.1315882e+09 | GN22: =IFERROR(((+N22+P22+R22+T22)/($E22/'RKP 08'!$D$5)),0) -> 0 | GO22: =+O22+Q22+S22+U22 -> 0 | GP22: =IFERROR(((V22+X22+Z22+AB22)/($E22/'RKP 08'!$D$5)),0) -> 0 | GQ22: =W22+Y22+AA22+AC22 -> 0 | GR22: =GL22+GN22+GP22 -> 350 | GS22: =GM22+GO22+GQ22 -> 1.1315882e+09 | GT22: =IFERROR(((AG22+AI22+AK22+AM22)/($E22/'RKP 08'!$D$5)),0) -> 0 | GU22: =AH22+AJ22+AL22+AN22 -> 0 | GV22: =IFERROR(((AO22+AQ22+AS22+AU22)/($E22/'RKP 08'!$D$5)),0) -> 0 | GW22: =AP22+AR22+AT22+AV22 -> 0 | GX22: =IFERROR(((AW22+AY22+BA22+BC22)/($E22/'RKP 08'!$D$5)),0) -> 0 | GY22: =AX22+AZ22+BB22+BD22 -> 0 | GZ22: =GT22+GV22+GX22 -> 0 | HA22: =GU22+GW22+GY22 -> 0 | HB22: =IFERROR(((BH22+BJ22+BL22+BN22)/($E22/'RKP 08'!$D$5)),0) -> 0 | HC22: =BI22+BK22+BM22+BO22 -> 0 | HD22: =IFERROR(((BP22+BR22+BT22+BV22)/($E22/'RKP 08'!$D$5)),0) -> 0 | HE22: =BQ22+BS22+BU22+BW22 -> 0 | HF22: =IFERROR(((BX22+BZ22+CB22+CD22)/($E22/'RKP 08'!$D$5)),0) -> 0 | HG22: =BY22+CA22+CC22+CE22 -> 0 | HH22: =HB22+HD22+HF22 -> 0 | HI22: =HC22+HE22+HG22 -> 0 | HJ22: =IFERROR(((CI22+CK22+CM22+CO22)/($E22/'RKP 08'!$D$5)),0) -> 0 | HK22: =CJ22+CL22+CN22+CP22 -> 0 | HL22: =IFERROR(((CQ22+CS22+CU22+CW22)/($E22/'RKP 08'!$D$5)),0) -> 0 | HM22: =CR22+CT22+CV22+CX22 -> 0 | HN22: =IFERROR(((CY22+DA22+DC22+DE22)/($E22/'RKP 08'!$D$5)),0) -> 0 | HO22: =CZ22+DB22+DD22+DF22 -> 0 | HP22: =HJ22+HL22+HN22 -> 0 | HQ22: =HK22+HM22+HO22 -> 0 | HR22: =IFERROR(((DJ22+DL22+DN22+DP22)/($E22/'RKP 08'!$D$5)),0) -> 0 | HS22: =DK22+DM22+DO22+DQ22 -> 0 | HT22: =IFERROR(((DR22+DT22+DV22+DX22)/($E22/'RKP 08'!$D$5)),0) -> 0 | HU22: =DS22+DU22+DW22+DY22 -> 0 | HV22: =IFERROR(((DZ22+EB22+ED22+EF22)/($E22/'RKP 08'!$D$5)),0) -> 0 | HW22: =EA22+EC22+EE22+EG22 -> 0 | HX22: =HR22+HT22+HV22 -> 0 | HY22: =HS22+HU22+HW22 -> 0 | HZ22: =EK22+EM22+EO22+EQ22 -> 0 | IA22: =EL22+EN22+EP22+ER22 -> 0 | IB22: =IFERROR(((ES22+EU22+EW22+EY22)/($E22/'RKP 08'!$D$5)),0) -> 0 | IC22: =ET22+EV22+EX22+EZ22 -> 0 | ID22: =IFERROR(((FA22+FC22+FE22+FG22)/($E22/'RKP 08'!$D$5)),0) -> 0 | IE22: =FB22+FD22+FF22+FH22 -> 0 | IF22: =HZ22+IB22+ID22 -> 0 | IG22: =IA22+IC22+IE22 -> 0 | II22: =GS22+HA22+HI22+HQ22+HY22+IG22 -> 1.1315882e+09 | IJ22: =II22-(D22*E22) -> 0
B23: - Pembuatan Parit Sekunder (2x2x1.5) (Collection Drain) | C23: M | D23: =17325*105.81% -> 18331.583 | E23: =(1000/30)*350 -> 11666.667 | F23: =E23 -> 11666.667 | G23: =F23*$D23 -> 2.1386846e+08 | I23: =H23*$D23 -> 0 | K23: =J23*$D23 -> 0 | M23: =L23*$D23 -> 0 | O23: =N23*$D23 -> 0 | Q23: =P23*$D23 -> 0 | S23: =R23*$D23 -> 0 | T23: 0 | U23: =T23*$D23 -> 0 | W23: =V23*$D23 -> 0 | Y23: =X23*$D23 -> 0 | AA23: =Z23*$D23 -> 0 | AC23: =AB23*$D23 -> 0 | AD23: =F23+H23+J23+L23+N23+P23+R23+T23+V23+X23+Z23+AB23 -> 11666.667 | AE23: =G23+I23+K23+M23+O23+Q23+S23+U23+W23+Y23+AA23+AC23 -> 2.1386846e+08 | AH23: =AG23*$D23 -> 0 | AJ23: =AI23*$D23 -> 0 | AL23: =AK23*$D23 -> 0 | AM23: 0 | AN23: =AM23*$D23 -> 0 | AO23: 0 | AP23: =AO23*$D23 -> 0 | AR23: =AQ23*$D23 -> 0 | AT23: =AS23*$D23 -> 0 | AV23: =AU23*$D23 -> 0 | AX23: =AW23*$D23 -> 0 | AZ23: =AY23*$D23 -> 0 | BB23: =BA23*$D23 -> 0 | BD23: =BC23*$D23 -> 0 | BE23: =AG23+AI23+AK23+AM23+AO23+AQ23+AS23+AU23+AW23+AY23+BA23+BC23 -> 0 | BF23: =AH23+AJ23+AL23+AN23+AP23+AR23+AT23+AV23+AX23+AZ23+BB23+BD23 -> 0 | BI23: =BH23*$D23 -> 0 | BK23: =BJ23*$D23 -> 0 | BM23: =BL23*$D23 -> 0 | BO23: =BN23*$D23 -> 0 | BQ23: =BP23*$D23 -> 0 | BS23: =BR23*$D23 -> 0 | BU23: =BT23*$D23 -> 0 | BW23: =BV23*$D23 -> 0 | BY23: =BX23*$D23 -> 0 | CA23: =BZ23*$D23 -> 0 | CC23: =CB23*$D23 -> 0 | CE23: =CD23*$D23 -> 0 | CF23: =BH23+BJ23+BL23+BN23+BP23+BR23+BT23+BV23+BX23+BZ23+CB23+CD23 -> 0 | CG23: =BI23+BK23+BM23+BO23+BQ23+BS23+BU23+BW23+BY23+CA23+CC23+CE23 -> 0 | CJ23: =CI23*$D23 -> 0 | CL23: =CK23*$D23 -> 0 | CN23: =CM23*$D23 -> 0 | CP23: =CO23*$D23 -> 0 | CR23: =CQ23*$D23 -> 0 | CT23: =CS23*$D23 -> 0 | CV23: =CU23*$D23 -> 0 | CX23: =CW23*$D23 -> 0 | CZ23: =CY23*$D23 -> 0 | DB23: =DA23*$D23 -> 0 | DD23: =DC23*$D23 -> 0 | DF23: =DE23*$D23 -> 0 | DG23: =CI23+CK23+CM23+CO23+CQ23+CS23+CU23+CW23+CY23+DA23+DC23+DE23 -> 0 | DH23: =CJ23+CL23+CN23+CP23+CR23+CT23+CV23+CX23+CZ23+DB23+DD23+DF23 -> 0 | DK23: =DJ23*$D23 -> 0 | DM23: =DL23*$D23 -> 0 | DO23: =DN23*$D23 -> 0 | DQ23: =DP23*$D23 -> 0 | DS23: =DR23*$D23 -> 0 | DU23: =DT23*$D23 -> 0 | DW23: =DV23*$D23 -> 0 | DY23: =DX23*$D23 -> 0 | EA23: =DZ23*$D23 -> 0 | EC23: =EB23*$D23 -> 0 | EE23: =ED23*$D23 -> 0 | EG23: =EF23*$D23 -> 0 | EH23: =DJ23+DL23+DN23+DP23+DR23+DT23+DV23+DX23+DZ23+EB23+ED23+EF23 -> 0 | EI23: =DK23+DM23+DO23+DQ23+DS23+DU23+DW23+DY23+EA23+EC23+EE23+EG23 -> 0 | EL23: =EK23*$D23 -> 0 | EN23: =EM23*$D23 -> 0 | EP23: =EO23*$D23 -> 0 | ER23: =EQ23*$D23 -> 0 | ET23: =ES23*$D23 -> 0 | EV23: =EU23*$D23 -> 0 | EX23: =EW23*$D23 -> 0 | EZ23: =EY23*$D23 -> 0 | FB23: =FA23*$D23 -> 0 | FD23: =FC23*$D23 -> 0 | FF23: =FE23*$D23 -> 0 | FH23: =FG23*$D23 -> 0 | FI23: =EK23+EM23+EO23+EQ23+ES23+EU23+EW23+EY23+FA23+FC23+FE23+FG23 -> 0 | FJ23: =EL23+EN23+EP23+ER23+ET23+EV23+EX23+EZ23+FB23+FD23+FF23+FH23 -> 0 | FM23: =FL23*$D23 -> 0 | FO23: =FN23*$D23 -> 0 | FQ23: =FP23*$D23 -> 0 | FS23: =FR23*$D23 -> 0 | FU23: =FT23*$D23 -> 0 | FW23: =FV23*$D23 -> 0 | FY23: =FX23*$D23 -> 0 | GA23: =FZ23*$D23 -> 0 | GC23: =GB23*$D23 -> 0 | GE23: =GD23*$D23 -> 0 | GG23: =GF23*$D23 -> 0 | GI23: =GH23*$D23 -> 0 | GJ23: =FL23+FN23+FP23+FR23+FT23+FV23+FX23+FZ23+GB23+GD23+GF23+GH23 -> 0 | GK23: =FM23+FO23+FQ23+FS23+FU23+FW23+FY23+GA23+GC23+GE23+GG23+GI23 -> 0 | GL23: =IFERROR(((+F23+H23+J23+L23)/($E23/'RKP 08'!$D$5)),0) -> 350 | GM23: =G23+I23+K23+M23 -> 2.1386846e+08 | GN23: =IFERROR(((+N23+P23+R23+T23)/($E23/'RKP 08'!$D$5)),0) -> 0 | GO23: =+O23+Q23+S23+U23 -> 0 | GP23: =IFERROR(((V23+X23+Z23+AB23)/($E23/'RKP 08'!$D$5)),0) -> 0 | GQ23: =W23+Y23+AA23+AC23 -> 0 | GR23: =GL23+GN23+GP23 -> 350 | GS23: =GM23+GO23+GQ23 -> 2.1386846e+08 | GT23: =IFERROR(((AG23+AI23+AK23+AM23)/($E23/'RKP 08'!$D$5)),0) -> 0 | GU23: =AH23+AJ23+AL23+AN23 -> 0 | GV23: =IFERROR(((AO23+AQ23+AS23+AU23)/($E23/'RKP 08'!$D$5)),0) -> 0 | GW23: =AP23+AR23+AT23+AV23 -> 0 | GX23: =IFERROR(((AW23+AY23+BA23+BC23)/($E23/'RKP 08'!$D$5)),0) -> 0 | GY23: =AX23+AZ23+BB23+BD23 -> 0 | GZ23: =GT23+GV23+GX23 -> 0 | HA23: =GU23+GW23+GY23 -> 0 | HB23: =IFERROR(((BH23+BJ23+BL23+BN23)/($E23/'RKP 08'!$D$5)),0) -> 0 | HC23: =BI23+BK23+BM23+BO23 -> 0 | HD23: =IFERROR(((BP23+BR23+BT23+BV23)/($E23/'RKP 08'!$D$5)),0) -> 0 | HE23: =BQ23+BS23+BU23+BW23 -> 0 | HF23: =IFERROR(((BX23+BZ23+CB23+CD23)/($E23/'RKP 08'!$D$5)),0) -> 0 | HG23: =BY23+CA23+CC23+CE23 -> 0 | HH23: =HB23+HD23+HF23 -> 0 | HI23: =HC23+HE23+HG23 -> 0 | HJ23: =IFERROR(((CI23+CK23+CM23+CO23)/($E23/'RKP 08'!$D$5)),0) -> 0 | HK23: =CJ23+CL23+CN23+CP23 -> 0 | HL23: =IFERROR(((CQ23+CS23+CU23+CW23)/($E23/'RKP 08'!$D$5)),0) -> 0 | HM23: =CR23+CT23+CV23+CX23 -> 0 | HN23: =IFERROR(((CY23+DA23+DC23+DE23)/($E23/'RKP 08'!$D$5)),0) -> 0 | HO23: =CZ23+DB23+DD23+DF23 -> 0 | HP23: =HJ23+HL23+HN23 -> 0 | HQ23: =HK23+HM23+HO23 -> 0 | HR23: =IFERROR(((DJ23+DL23+DN23+DP23)/($E23/'RKP 08'!$D$5)),0) -> 0 | HS23: =DK23+DM23+DO23+DQ23 -> 0 | HT23: =IFERROR(((DR23+DT23+DV23+DX23)/($E23/'RKP 08'!$D$5)),0) -> 0 | HU23: =DS23+DU23+DW23+DY23 -> 0 | HV23: =IFERROR(((DZ23+EB23+ED23+EF23)/($E23/'RKP 08'!$D$5)),0) -> 0 | HW23: =EA23+EC23+EE23+EG23 -> 0 | HX23: =HR23+HT23+HV23 -> 0 | HY23: =HS23+HU23+HW23 -> 0 | HZ23: =EK23+EM23+EO23+EQ23 -> 0 | IA23: =EL23+EN23+EP23+ER23 -> 0 | IB23: =IFERROR(((ES23+EU23+EW23+EY23)/($E23/'RKP 08'!$D$5)),0) -> 0 | IC23: =ET23+EV23+EX23+EZ23 -> 0 | ID23: =IFERROR(((FA23+FC23+FE23+FG23)/($E23/'RKP 08'!$D$5)),0) -> 0 | IE23: =FB23+FD23+FF23+FH23 -> 0 | IF23: =HZ23+IB23+ID23 -> 0 | IG23: =IA23+IC23+IE23 -> 0 | II23: =GS23+HA23+HI23+HQ23+HY23+IG23 -> 2.1386846e+08 | IJ23: =II23-(D23*E23) -> 0
B24: - Pembuatan Parit Tersier (1x1x1) 1 : 4 | C24: M | D24: =8400*105.81% -> 8888.04 | E24: =(350*300) -> 105000 | F24: =E24 -> 105000 | G24: =F24*$D24 -> 9.332442e+08 | I24: =H24*$D24 -> 0 | K24: =J24*$D24 -> 0 | M24: =L24*$D24 -> 0 | O24: =N24*$D24 -> 0 | Q24: =P24*$D24 -> 0 | S24: =R24*$D24 -> 0 | U24: =T24*$D24 -> 0 | W24: =V24*$D24 -> 0 | Y24: =X24*$D24 -> 0 | AA24: =Z24*$D24 -> 0 | AC24: =AB24*$D24 -> 0 | AD24: =F24+H24+J24+L24+N24+P24+R24+T24+V24+X24+Z24+AB24 -> 105000 | AE24: =G24+I24+K24+M24+O24+Q24+S24+U24+W24+Y24+AA24+AC24 -> 9.332442e+08 | AH24: =AG24*$D24 -> 0 | AJ24: =AI24*$D24 -> 0 | AK24: 0 | AL24: =AK24*$D24 -> 0 | AM24: 0 | AN24: =AM24*$D24 -> 0 | AO24: 0 | AP24: =AO24*$D24 -> 0 | AQ24: 0 | AR24: =AQ24*$D24 -> 0 | AS24: 0 | AT24: =AS24*$D24 -> 0 | AV24: =AU24*$D24 -> 0 | AX24: =AW24*$D24 -> 0 | AZ24: =AY24*$D24 -> 0 | BA24: 0 | BB24: =BA24*$D24 -> 0 | BC24: 0 | BD24: =BC24*$D24 -> 0 | BE24: 0 | BF24: =AH24+AJ24+AL24+AN24+AP24+AR24+AT24+AV24+AX24+AZ24+BB24+BD24 -> 0 | BH24: 0 | BI24: =BH24*$D24 -> 0 | BJ24: 0 | BK24: =BJ24*$D24 -> 0 | BL24: 0 | BM24: =BL24*$D24 -> 0 | BN24: 0 | BO24: =BN24*$D24 -> 0 | BP24: 0 | BQ24: =BP24*$D24 -> 0 | BR24: 0 | BS24: =BR24*$D24 -> 0 | BT24: 0 | BU24: =BT24*$D24 -> 0 | BV24: 0 | BW24: =BV24*$D24 -> 0 | BX24: 0 | BY24: =BX24*$D24 -> 0 | CA24: =BZ24*$D24 -> 0 | CC24: =CB24*$D24 -> 0 | CE24: =CD24*$D24 -> 0 | CF24: =BH24+BJ24+BL24+BN24+BP24+BR24+BT24+BV24+BX24+BZ24+CB24+CD24 -> 0 | CG24: =BI24+BK24+BM24+BO24+BQ24+BS24+BU24+BW24+BY24+CA24+CC24+CE24 -> 0 | CJ24: =CI24*$D24 -> 0 | CL24: =CK24*$D24 -> 0 | CN24: =CM24*$D24 -> 0 | CP24: =CO24*$D24 -> 0 | CR24: =CQ24*$D24 -> 0 | CT24: =CS24*$D24 -> 0 | CU24: 0 | CV24: =CU24*$D24 -> 0 | CW24: 0 | CX24: =CW24*$D24 -> 0 | CY24: 0 | CZ24: =CY24*$D24 -> 0 | DA24: 0 | DB24: =DA24*$D24 -> 0 | DD24: =DC24*$D24 -> 0 | DF24: =DE24*$D24 -> 0 | DG24: =CI24+CK24+CM24+CO24+CQ24+CS24+CU24+CW24+CY24+DA24+DC24+DE24 -> 0 | DH24: =CJ24+CL24+CN24+CP24+CR24+CT24+CV24+CX24+CZ24+DB24+DD24+DF24 -> 0 | DK24: =DJ24*$D24 -> 0 | DM24: =DL24*$D24 -> 0 | DO24: =DN24*$D24 -> 0 | DQ24: =DP24*$D24 -> 0 | DS24: =DR24*$D24 -> 0 | DU24: =DT24*$D24 -> 0 | DV24: 0 | DW24: =DV24*$D24 -> 0 | DX24: 0 | DY24: =DX24*$D24 -> 0 | DZ24: 0 | EA24: =DZ24*$D24 -> 0 | EB24: 0 | EC24: =EB24*$D24 -> 0 | EE24: =ED24*$D24 -> 0 | EG24: =EF24*$D24 -> 0 | EH24: =DJ24+DL24+DN24+DP24+DR24+DT24+DV24+DX24+DZ24+EB24+ED24+EF24 -> 0 | EI24: =DK24+DM24+DO24+DQ24+DS24+DU24+DW24+DY24+EA24+EC24+EE24+EG24 -> 0 | EL24: =EK24*$D24 -> 0 | EN24: =EM24*$D24 -> 0 | EP24: =EO24*$D24 -> 0 | ER24: =EQ24*$D24 -> 0 | ET24: =ES24*$D24 -> 0 | EV24: =EU24*$D24 -> 0 | EW24: 0 | EX24: =EW24*$D24 -> 0 | EY24: 0 | EZ24: =EY24*$D24 -> 0 | FA24: 0 | FB24: =FA24*$D24 -> 0 | FC24: 0 | FD24: =FC24*$D24 -> 0 | FF24: =FE24*$D24 -> 0 | FH24: =FG24*$D24 -> 0 | FI24: =EK24+EM24+EO24+EQ24+ES24+EU24+EW24+EY24+FA24+FC24+FE24+FG24 -> 0 | FJ24: =EL24+EN24+EP24+ER24+ET24+EV24+EX24+EZ24+FB24+FD24+FF24+FH24 -> 0 | FM24: =FL24*$D24 -> 0 | FO24: =FN24*$D24 -> 0 | FQ24: =FP24*$D24 -> 0 | FS24: =FR24*$D24 -> 0 | FU24: =FT24*$D24 -> 0 | FW24: =FV24*$D24 -> 0 | FX24: 0 | FY24: =FX24*$D24 -> 0 | FZ24: 0 | GA24: =FZ24*$D24 -> 0 | GB24: 0 | GC24: =GB24*$D24 -> 0 | GD24: 0 | GE24: =GD24*$D24 -> 0 | GG24: =GF24*$D24 -> 0 | GI24: =GH24*$D24 -> 0 | GJ24: =FL24+FN24+FP24+FR24+FT24+FV24+FX24+FZ24+GB24+GD24+GF24+GH24 -> 0 | GK24: =FM24+FO24+FQ24+FS24+FU24+FW24+FY24+GA24+GC24+GE24+GG24+GI24 -> 0 | GL24: =IFERROR(((+F24+H24+J24+L24)/($E24/'RKP 08'!$D$5)),0) -> 350 | GM24: =G24+I24+K24+M24 -> 9.332442e+08 | GN24: =IFERROR(((+N24+P24+R24+T24)/($E24/'RKP 08'!$D$5)),0) -> 0 | GO24: =+O24+Q24+S24+U24 -> 0 | GP24: =IFERROR(((V24+X24+Z24+AB24)/($E24/'RKP 08'!$D$5)),0) -> 0 | GQ24: =W24+Y24+AA24+AC24 -> 0 | GR24: =GL24+GN24+GP24 -> 350 | GS24: =GM24+GO24+GQ24 -> 9.332442e+08 | GT24: =IFERROR(((AG24+AI24+AK24+AM24)/($E24/'RKP 08'!$D$5)),0) -> 0 | GU24: =AH24+AJ24+AL24+AN24 -> 0 | GV24: =IFERROR(((AO24+AQ24+AS24+AU24)/($E24/'RKP 08'!$D$5)),0) -> 0 | GW24: =AP24+AR24+AT24+AV24 -> 0 | GX24: =IFERROR(((AW24+AY24+BA24+BC24)/($E24/'RKP 08'!$D$5)),0) -> 0 | GY24: =AX24+AZ24+BB24+BD24 -> 0 | GZ24: =GT24+GV24+GX24 -> 0 | HA24: =GU24+GW24+GY24 -> 0 | HB24: =IFERROR(((BH24+BJ24+BL24+BN24)/($E24/'RKP 08'!$D$5)),0) -> 0 | HC24: =BI24+BK24+BM24+BO24 -> 0 | HD24: =IFERROR(((BP24+BR24+BT24+BV24)/($E24/'RKP 08'!$D$5)),0) -> 0 | HE24: =BQ24+BS24+BU24+BW24 -> 0 | HF24: =IFERROR(((BX24+BZ24+CB24+CD24)/($E24/'RKP 08'!$D$5)),0) -> 0 | HG24: =BY24+CA24+CC24+CE24 -> 0 | HH24: =HB24+HD24+HF24 -> 0 | HI24: =HC24+HE24+HG24 -> 0 | HJ24: =IFERROR(((CI24+CK24+CM24+CO24)/($E24/'RKP 08'!$D$5)),0) -> 0 | HK24: =CJ24+CL24+CN24+CP24 -> 0 | HL24: =IFERROR(((CQ24+CS24+CU24+CW24)/($E24/'RKP 08'!$D$5)),0) -> 0 | HM24: =CR24+CT24+CV24+CX24 -> 0 | HN24: =IFERROR(((CY24+DA24+DC24+DE24)/($E24/'RKP 08'!$D$5)),0) -> 0 | HO24: =CZ24+DB24+DD24+DF24 -> 0 | HP24: =HJ24+HL24+HN24 -> 0 | HQ24: =HK24+HM24+HO24 -> 0 | HR24: =IFERROR(((DJ24+DL24+DN24+DP24)/($E24/'RKP 08'!$D$5)),0) -> 0 | HS24: =DK24+DM24+DO24+DQ24 -> 0 | HT24: =IFERROR(((DR24+DT24+DV24+DX24)/($E24/'RKP 08'!$D$5)),0) -> 0 | HU24: =DS24+DU24+DW24+DY24 -> 0 | HV24: =IFERROR(((DZ24+EB24+ED24+EF24)/($E24/'RKP 08'!$D$5)),0) -> 0 | HW24: =EA24+EC24+EE24+EG24 -> 0 | HX24: =HR24+HT24+HV24 -> 0 | HY24: =HS24+HU24+HW24 -> 0 | HZ24: =EK24+EM24+EO24+EQ24 -> 0 | IA24: =EL24+EN24+EP24+ER24 -> 0 | IB24: =IFERROR(((ES24+EU24+EW24+EY24)/($E24/'RKP 08'!$D$5)),0) -> 0 | IC24: =ET24+EV24+EX24+EZ24 -> 0 | ID24: =IFERROR(((FA24+FC24+FE24+FG24)/($E24/'RKP 08'!$D$5)),0) -> 0 | IE24: =FB24+FD24+FF24+FH24 -> 0 | IF24: =HZ24+IB24+ID24 -> 0 | IG24: =IA24+IC24+IE24 -> 0 | II24: =GS24+HA24+HI24+HQ24+HY24+IG24 -> 9.332442e+08 | IJ24: =II24-(D24*E24) -> 0
B25: - Pintu Air / Overflow | C25: Unit | D25: =((84*29946623)+(0)+(0))/84*105.81% -> 31686522 | E25: =350/200 -> 1.75 | F25: =E25 -> 1.75 | G25: =F25*$D25 -> 55451413 | H25: ='[15]TTL TB'!Y158 -> 0 | I25: =H25*$D25 -> 0 | J25: ='[15]TTL TB'!AA158 -> 0 | K25: =J25*$D25 -> 0 | M25: =L25*$D25 -> 0 | O25: =N25*$D25 -> 0 | P25: ='[15]TTL TB'!AG158 -> 0 | Q25: =P25*$D25 -> 0 | S25: =R25*$D25 -> 0 | U25: =T25*$D25 -> 0 | W25: =V25*$D25 -> 0 | Y25: =X25*$D25 -> 0 | AA25: =Z25*$D25 -> 0 | AB25: ='[15]TTL TB'!AS158 -> 0 | AC25: =AB25*$D25 -> 0 | AD25: =F25+H25+J25+L25+N25+P25+R25+T25+V25+X25+Z25+AB25 -> 1.75 | AE25: =G25+I25+K25+M25+O25+Q25+S25+U25+W25+Y25+AA25+AC25 -> 55451413 | AH25: =AG25*$D25 -> 0 | AJ25: =AI25*$D25 -> 0 | AL25: =AK25*$D25 -> 0 | AN25: =AM25*$D25 -> 0 | AP25: =AO25*$D25 -> 0 | AR25: =AQ25*$D25 -> 0 | AT25: =AS25*$D25 -> 0 | AV25: =AU25*$D25 -> 0 | AX25: =AW25*$D25 -> 0 | AZ25: =AY25*$D25 -> 0 | BB25: =BA25*$D25 -> 0 | BD25: =BC25*$D25 -> 0 | BE25: =AG25+AI25+AK25+AM25+AO25+AQ25+AS25+AU25+AW25+AY25+BA25+BC25 -> 0 | BF25: =AH25+AJ25+AL25+AN25+AP25+AR25+AT25+AV25+AX25+AZ25+BB25+BD25 -> 0 | BH25: 0 | BI25: =BH25*$D25 -> 0 | BJ25: 0 | BK25: =BJ25*$D25 -> 0 | BL25: 0 | BM25: =BL25*$D25 -> 0 | BN25: 0 | BO25: =BN25*$D25 -> 0 | BP25: 0 | BQ25: =BP25*$D25 -> 0 | BR25: 0 | BS25: =BR25*$D25 -> 0 | BT25: 0 | BU25: =BT25*$D25 -> 0 | BV25: 0 | BW25: =BV25*$D25 -> 0 | BX25: 0 | BY25: =BX25*$D25 -> 0 | BZ25: 0 | CA25: =BZ25*$D25 -> 0 | CB25: 0 | CC25: =CB25*$D25 -> 0 | CD25: 0 | CE25: =CD25*$D25 -> 0 | CF25: =BH25+BJ25+BL25+BN25+BP25+BR25+BT25+BV25+BX25+BZ25+CB25+CD25 -> 0 | CG25: =BI25+BK25+BM25+BO25+BQ25+BS25+BU25+BW25+BY25+CA25+CC25+CE25 -> 0 | CJ25: =CI25*$D25 -> 0 | CL25: =CK25*$D25 -> 0 | CN25: =CM25*$D25 -> 0 | CP25: =CO25*$D25 -> 0 | CR25: =CQ25*$D25 -> 0 | CT25: =CS25*$D25 -> 0 | CV25: =CU25*$D25 -> 0 | CX25: =CW25*$D25 -> 0 | CZ25: =CY25*$D25 -> 0 | DB25: =DA25*$D25 -> 0 | DD25: =DC25*$D25 -> 0 | DF25: =DE25*$D25 -> 0 | DG25: =CI25+CK25+CM25+CO25+CQ25+CS25+CU25+CW25+CY25+DA25+DC25+DE25 -> 0 | DH25: =CJ25+CL25+CN25+CP25+CR25+CT25+CV25+CX25+CZ25+DB25+DD25+DF25 -> 0 | DK25: =DJ25*$D25 -> 0 | DM25: =DL25*$D25 -> 0 | DO25: =DN25*$D25 -> 0 | DQ25: =DP25*$D25 -> 0 | DS25: =DR25*$D25 -> 0 | DU25: =DT25*$D25 -> 0 | DW25: =DV25*$D25 -> 0 | DY25: =DX25*$D25 -> 0 | EA25: =DZ25*$D25 -> 0 | EC25: =EB25*$D25 -> 0 | EE25: =ED25*$D25 -> 0 | EG25: =EF25*$D25 -> 0 | EH25: =DJ25+DL25+DN25+DP25+DR25+DT25+DV25+DX25+DZ25+EB25+ED25+EF25 -> 0 | EI25: =DK25+DM25+DO25+DQ25+DS25+DU25+DW25+DY25+EA25+EC25+EE25+EG25 -> 0 | EL25: =EK25*$D25 -> 0 | EN25: =EM25*$D25 -> 0 | EP25: =EO25*$D25 -> 0 | ER25: =EQ25*$D25 -> 0 | ET25: =ES25*$D25 -> 0 | EV25: =EU25*$D25 -> 0 | EX25: =EW25*$D25 -> 0 | EZ25: =EY25*$D25 -> 0 | FB25: =FA25*$D25 -> 0 | FD25: =FC25*$D25 -> 0 | FF25: =FE25*$D25 -> 0 | FH25: =FG25*$D25 -> 0 | FI25: =EK25+EM25+EO25+EQ25+ES25+EU25+EW25+EY25+FA25+FC25+FE25+FG25 -> 0 | FJ25: =EL25+EN25+EP25+ER25+ET25+EV25+EX25+EZ25+FB25+FD25+FF25+FH25 -> 0 | FM25: =FL25*$D25 -> 0 | FO25: =FN25*$D25 -> 0 | FQ25: =FP25*$D25 -> 0 | FS25: =FR25*$D25 -> 0 | FU25: =FT25*$D25 -> 0 | FW25: =FV25*$D25 -> 0 | FY25: =FX25*$D25 -> 0 | GA25: =FZ25*$D25 -> 0 | GC25: =GB25*$D25 -> 0 | GE25: =GD25*$D25 -> 0 | GG25: =GF25*$D25 -> 0 | GI25: =GH25*$D25 -> 0 | GJ25: =FL25+FN25+FP25+FR25+FT25+FV25+FX25+FZ25+GB25+GD25+GF25+GH25 -> 0 | GK25: =FM25+FO25+FQ25+FS25+FU25+FW25+FY25+GA25+GC25+GE25+GG25+GI25 -> 0 | GL25: =IFERROR(((+F25+H25+J25+L25)/($E25/'RKP 08'!$D$5)),0) -> 350 | GM25: =G25+I25+K25+M25 -> 55451413 | GN25: =IFERROR(((+N25+P25+R25+T25)/($E25/'RKP 08'!$D$5)),0) -> 0 | GO25: =+O25+Q25+S25+U25 -> 0 | GP25: =IFERROR(((V25+X25+Z25+AB25)/($E25/'RKP 08'!$D$5)),0) -> 0 | GQ25: =W25+Y25+AA25+AC25 -> 0 | GR25: =GL25+GN25+GP25 -> 350 | GS25: =GM25+GO25+GQ25 -> 55451413 | GT25: =IFERROR(((AG25+AI25+AK25+AM25)/($E25/'RKP 08'!$D$5)),0) -> 0 | GU25: =AH25+AJ25+AL25+AN25 -> 0 | GV25: =IFERROR(((AO25+AQ25+AS25+AU25)/($E25/'RKP 08'!$D$5)),0) -> 0 | GW25: =AP25+AR25+AT25+AV25 -> 0 | GX25: =IFERROR(((AW25+AY25+BA25+BC25)/($E25/'RKP 08'!$D$5)),0) -> 0 | GY25: =AX25+AZ25+BB25+BD25 -> 0 | GZ25: =GT25+GV25+GX25 -> 0 | HA25: =GU25+GW25+GY25 -> 0 | HB25: =IFERROR(((BH25+BJ25+BL25+BN25)/($E25/'RKP 08'!$D$5)),0) -> 0 | HC25: =BI25+BK25+BM25+BO25 -> 0 | HD25: =IFERROR(((BP25+BR25+BT25+BV25)/($E25/'RKP 08'!$D$5)),0) -> 0 | HE25: =BQ25+BS25+BU25+BW25 -> 0 | HF25: =IFERROR(((BX25+BZ25+CB25+CD25)/($E25/'RKP 08'!$D$5)),0) -> 0 | HG25: =BY25+CA25+CC25+CE25 -> 0 | HH25: =HB25+HD25+HF25 -> 0 | HI25: =HC25+HE25+HG25 -> 0 | HJ25: =IFERROR(((CI25+CK25+CM25+CO25)/($E25/'RKP 08'!$D$5)),0) -> 0 | HK25: =CJ25+CL25+CN25+CP25 -> 0 | HL25: =IFERROR(((CQ25+CS25+CU25+CW25)/($E25/'RKP 08'!$D$5)),0) -> 0 | HM25: =CR25+CT25+CV25+CX25 -> 0 | HN25: =IFERROR(((CY25+DA25+DC25+DE25)/($E25/'RKP 08'!$D$5)),0) -> 0 | HO25: =CZ25+DB25+DD25+DF25 -> 0 | HP25: =HJ25+HL25+HN25 -> 0 | HQ25: =HK25+HM25+HO25 -> 0 | HR25: =IFERROR(((DJ25+DL25+DN25+DP25)/($E25/'RKP 08'!$D$5)),0) -> 0 | HS25: =DK25+DM25+DO25+DQ25 -> 0 | HT25: =IFERROR(((DR25+DT25+DV25+DX25)/($E25/'RKP 08'!$D$5)),0) -> 0 | HU25: =DS25+DU25+DW25+DY25 -> 0 | HV25: =IFERROR(((DZ25+EB25+ED25+EF25)/($E25/'RKP 08'!$D$5)),0) -> 0 | HW25: =EA25+EC25+EE25+EG25 -> 0 | HX25: =HR25+HT25+HV25 -> 0 | HY25: =HS25+HU25+HW25 -> 0 | HZ25: =EK25+EM25+EO25+EQ25 -> 0 | IA25: =EL25+EN25+EP25+ER25 -> 0 | IB25: =IFERROR(((ES25+EU25+EW25+EY25)/($E25/'RKP 08'!$D$5)),0) -> 0 | IC25: =ET25+EV25+EX25+EZ25 -> 0 | ID25: =IFERROR(((FA25+FC25+FE25+FG25)/($E25/'RKP 08'!$D$5)),0) -> 0 | IE25: =FB25+FD25+FF25+FH25 -> 0 | IF25: =HZ25+IB25+ID25 -> 0 | IG25: =IA25+IC25+IE25 -> 0 | II25: =GS25+HA25+HI25+HQ25+HY25+IG25 -> 55451413 | IJ25: =II25-(D25*E25) -> 0
B26: - Titi Panen Beton | C26: Unit | D26: =(((792*1872500)+(1208*1056000))/2000)+437000*105.81% -> 1841723.7 | E26: =350*2 -> 700 | G26: =F26*$D26 -> 0 | H26: ='[15]TTL TB'!Y202 -> 0 | I26: =H26*$D26 -> 0 | J26: ='[15]TTL TB'!AA202 -> 0 | K26: =J26*$D26 -> 0 | L26: ='[15]TTL TB'!AC202 -> 0 | M26: =L26*$D26 -> 0 | N26: ='[15]TTL TB'!AE202 -> 0 | O26: =N26*$D26 -> 0 | P26: ='[15]TTL TB'!AG202 -> 0 | Q26: =P26*$D26 -> 0 | R26: ='[15]TTL TB'!AI202 -> 0 | S26: ='[15]TTL TB'!AJ204 -> 0 | T26: ='[15]TTL TB'!AK202 -> 0 | U26: ='[15]TTL TB'!AL204 -> 0 | V26: ='[15]TTL TB'!AM202 -> 0 | W26: ='[15]TTL TB'!AN204 -> 0 | Y26: =X26*$D26 -> 0 | AA26: =Z26*$D26 -> 0 | AC26: =AB26*$D26 -> 0 | AD26: =F26+H26+J26+L26+N26+P26+R26+T26+V26+X26+Z26+AB26 -> 0 | AE26: =G26+I26+K26+M26+O26+Q26+S26+U26+W26+Y26+AA26+AC26 -> 0 | AH26: =AG26*$D26 -> 0 | AJ26: =AI26*$D26 -> 0 | AL26: =AK26*$D26 -> 0 | AN26: =AM26*$D26 -> 0 | AP26: =AO26*$D26 -> 0 | AR26: =AQ26*$D26 -> 0 | AT26: =AS26*$D26 -> 0 | AV26: =AU26*$D26 -> 0 | AX26: =AW26*$D26 -> 0 | AZ26: =AY26*$D26 -> 0 | BB26: =BA26*$D26 -> 0 | BD26: =BC26*$D26 -> 0 | BE26: =AG26+AI26+AK26+AM26+AO26+AQ26+AS26+AU26+AW26+AY26+BA26+BC26 -> 0 | BF26: =AH26+AJ26+AL26+AN26+AP26+AR26+AT26+AV26+AX26+AZ26+BB26+BD26 -> 0 | BH26: =E26 -> 700 | BI26: =BH26*$D26 -> 1289206590 | BK26: =BJ26*$D26 -> 0 | BM26: =BL26*$D26 -> 0 | BO26: =BN26*$D26 -> 0 | BQ26: =BP26*$D26 -> 0 | BS26: =BR26*$D26 -> 0 | BU26: =BT26*$D26 -> 0 | BW26: =BV26*$D26 -> 0 | BY26: =BX26*$D26 -> 0 | CA26: =BZ26*$D26 -> 0 | CC26: =CB26*$D26 -> 0 | CE26: =CD26*$D26 -> 0 | CF26: =BH26+BJ26+BL26+BN26+BP26+BR26+BT26+BV26+BX26+BZ26+CB26+CD26 -> 700 | CG26: =BI26+BK26+BM26+BO26+BQ26+BS26+BU26+BW26+BY26+CA26+CC26+CE26 -> 1289206590 | CJ26: =CI26*$D26 -> 0 | CL26: =CK26*$D26 -> 0 | CN26: =CM26*$D26 -> 0 | CP26: =CO26*$D26 -> 0 | CR26: =CQ26*$D26 -> 0 | CT26: =CS26*$D26 -> 0 | CU26: 0 | CV26: =CU26*$D26 -> 0 | CW26: 0 | CX26: =CW26*$D26 -> 0 | CY26: 0 | CZ26: =CY26*$D26 -> 0 | DA26: 0 | DB26: =DA26*$D26 -> 0 | DC26: 0 | DD26: =DC26*$D26 -> 0 | DE26: 0 | DF26: =DE26*$D26 -> 0 | DG26: =CI26+CK26+CM26+CO26+CQ26+CS26+CU26+CW26+CY26+DA26+DC26+DE26 -> 0 | DH26: =CJ26+CL26+CN26+CP26+CR26+CT26+CV26+CX26+CZ26+DB26+DD26+DF26 -> 0 | DJ26: 0 | DK26: =DJ26*$D26 -> 0 | DL26: 0 | DM26: =DL26*$D26 -> 0 | DN26: 0 | DO26: =DN26*$D26 -> 0 | DP26: 0 | DQ26: =DP26*$D26 -> 0 | DR26: 0 | DS26: =DR26*$D26 -> 0 | DT26: 0 | DU26: =DT26*$D26 -> 0 | DV26: 0 | DW26: =DV26*$D26 -> 0 | DX26: 0 | DY26: =DX26*$D26 -> 0 | DZ26: 0 | EA26: =DZ26*$D26 -> 0 | EB26: 0 | EC26: =EB26*$D26 -> 0 | ED26: 0 | EE26: =ED26*$D26 -> 0 | EF26: 0 | EG26: =EF26*$D26 -> 0 | EH26: =DJ26+DL26+DN26+DP26+DR26+DT26+DV26+DX26+DZ26+EB26+ED26+EF26 -> 0 | EI26: =DK26+DM26+DO26+DQ26+DS26+DU26+DW26+DY26+EA26+EC26+EE26+EG26 -> 0 | EK26: 0 | EL26: =EK26*$D26 -> 0 | EM26: 0 | EN26: =EM26*$D26 -> 0 | EO26: 0 | EP26: =EO26*$D26 -> 0 | EQ26: 0 | ER26: =EQ26*$D26 -> 0 | ES26: 0 | ET26: =ES26*$D26 -> 0 | EU26: 0 | EV26: =EU26*$D26 -> 0 | EX26: =EW26*$D26 -> 0 | EZ26: =EY26*$D26 -> 0 | FB26: =FA26*$D26 -> 0 | FD26: =FC26*$D26 -> 0 | FF26: =FE26*$D26 -> 0 | FH26: =FG26*$D26 -> 0 | FI26: 0 | FJ26: =EL26+EN26+EP26+ER26+ET26+EV26+EX26+EZ26+FB26+FD26+FF26+FH26 -> 0 | FM26: =FL26*$D26 -> 0 | FO26: =FN26*$D26 -> 0 | FQ26: =FP26*$D26 -> 0 | FS26: =FR26*$D26 -> 0 | FU26: =FT26*$D26 -> 0 | FW26: =FV26*$D26 -> 0 | FY26: =FX26*$D26 -> 0 | GA26: =FZ26*$D26 -> 0 | GC26: =GB26*$D26 -> 0 | GE26: =GD26*$D26 -> 0 | GG26: =GF26*$D26 -> 0 | GI26: =GH26*$D26 -> 0 | GJ26: =FL26+FN26+FP26+FR26+FT26+FV26+FX26+FZ26+GB26+GD26+GF26+GH26 -> 0 | GK26: =FM26+FO26+FQ26+FS26+FU26+FW26+FY26+GA26+GC26+GE26+GG26+GI26 -> 0 | GL26: =IFERROR(((+F26+H26+J26+L26)/($E26/'RKP 08'!$D$5)),0) -> 0 | GM26: =G26+I26+K26+M26 -> 0 | GN26: =IFERROR(((+N26+P26+R26+T26)/($E26/'RKP 08'!$D$5)),0) -> 0 | GO26: =+O26+Q26+S26+U26 -> 0 | GP26: =IFERROR(((V26+X26+Z26+AB26)/($E26/'RKP 08'!$D$5)),0) -> 0 | GQ26: =W26+Y26+AA26+AC26 -> 0 | GR26: =GL26+GN26+GP26 -> 0 | GS26: =GM26+GO26+GQ26 -> 0 | GT26: =IFERROR(((AG26+AI26+AK26+AM26)/($E26/'RKP 08'!$D$5)),0) -> 0 | GU26: =AH26+AJ26+AL26+AN26 -> 0 | GV26: =IFERROR(((AO26+AQ26+AS26+AU26)/($E26/'RKP 08'!$D$5)),0) -> 0 | GW26: =AP26+AR26+AT26+AV26 -> 0 | GX26: =IFERROR(((AW26+AY26+BA26+BC26)/($E26/'RKP 08'!$D$5)),0) -> 0 | GY26: =AX26+AZ26+BB26+BD26 -> 0 | GZ26: =GT26+GV26+GX26 -> 0 | HA26: =GU26+GW26+GY26 -> 0 | HB26: =IFERROR(((BH26+BJ26+BL26+BN26)/($E26/'RKP 08'!$D$5)),0) -> 350 | HC26: =BI26+BK26+BM26+BO26 -> 1289206590 | HD26: =IFERROR(((BP26+BR26+BT26+BV26)/($E26/'RKP 08'!$D$5)),0) -> 0 | HE26: =BQ26+BS26+BU26+BW26 -> 0 | HF26: =IFERROR(((BX26+BZ26+CB26+CD26)/($E26/'RKP 08'!$D$5)),0) -> 0 | HG26: =BY26+CA26+CC26+CE26 -> 0 | HH26: =HB26+HD26+HF26 -> 350 | HI26: =HC26+HE26+HG26 -> 1289206590 | HJ26: =IFERROR(((CI26+CK26+CM26+CO26)/($E26/'RKP 08'!$D$5)),0) -> 0 | HK26: =CJ26+CL26+CN26+CP26 -> 0 | HL26: =IFERROR(((CQ26+CS26+CU26+CW26)/($E26/'RKP 08'!$D$5)),0) -> 0 | HM26: =CR26+CT26+CV26+CX26 -> 0 | HN26: =IFERROR(((CY26+DA26+DC26+DE26)/($E26/'RKP 08'!$D$5)),0) -> 0 | HO26: =CZ26+DB26+DD26+DF26 -> 0 | HP26: =HJ26+HL26+HN26 -> 0 | HQ26: =HK26+HM26+HO26 -> 0 | HR26: =IFERROR(((DJ26+DL26+DN26+DP26)/($E26/'RKP 08'!$D$5)),0) -> 0 | HS26: =DK26+DM26+DO26+DQ26 -> 0 | HT26: =IFERROR(((DR26+DT26+DV26+DX26)/($E26/'RKP 08'!$D$5)),0) -> 0 | HU26: =DS26+DU26+DW26+DY26 -> 0 | HV26: =IFERROR(((DZ26+EB26+ED26+EF26)/($E26/'RKP 08'!$D$5)),0) -> 0 | HW26: =EA26+EC26+EE26+EG26 -> 0 | HX26: =HR26+HT26+HV26 -> 0 | HY26: =HS26+HU26+HW26 -> 0 | HZ26: =EK26+EM26+EO26+EQ26 -> 0 | IA26: =EL26+EN26+EP26+ER26 -> 0 | IB26: =IFERROR(((ES26+EU26+EW26+EY26)/($E26/'RKP 08'!$D$5)),0) -> 0 | IC26: =ET26+EV26+EX26+EZ26 -> 0 | ID26: =IFERROR(((FA26+FC26+FE26+FG26)/($E26/'RKP 08'!$D$5)),0) -> 0 | IE26: =FB26+FD26+FF26+FH26 -> 0 | IF26: =HZ26+IB26+ID26 -> 0 | IG26: =IA26+IC26+IE26 -> 0 | II26: =GS26+HA26+HI26+HQ26+HY26+IG26 -> 1289206590 | IJ26: =II26-(D26*E26) -> 0
B27: - Peningkatan Jalan Produksi | C27: M | D27: =100811700/1000 -> 100811.7 | E27: =(1400/200)*350 -> 2450 | BR27: =((1400/200)*1133.3)*2 -> 15866.2 | BS27: =BR27*$D27 -> 1.5994986e+09 | BU27: =BT27*$D27 -> 0 | CF27: =BH27+BJ27+BL27+BN27+BP27+BR27+BT27+BV27+BX27+BZ27+CB27+CD27 -> 15866.2 | CG27: =BI27+BK27+BM27+BO27+BQ27+BS27+BU27+BW27+BY27+CA27+CC27+CE27 -> 1.5994986e+09 | CT27: =CS27*D27 -> 0 | DG27: =CS27 -> 0 | DH27: =CT27 -> 0 | GR27: =GL27+GN27+GP27 -> 0 | GS27: =GM27+GO27+GQ27 -> 0 | HL27: =((1400/200)*1133.3)*2 -> 15866.2 | HM27: =HL27*D27 -> 1.5994986e+09 | HP27: =HJ27+HL27+HN27 -> 15866.2 | HQ27: =HK27+HM27+HO27 -> 1.5994986e+09 | II27: =GS27+HA27+HI27+HQ27+HY27+IG27 -> 1.5994986e+09
B28: - Peningkatan Jalan Produksi | C28: M | D28: =100811700/1000 -> 100811.7 | E28: =(1400/200)*350 -> 2450 | BS28: =BR28*$D28 -> 0 | BT28: =((1400/200)*1133.3)*2 -> 15866.2 | BU28: =BT28*$D28 -> 1.5994986e+09 | CF28: =BH28+BJ28+BL28+BN28+BP28+BR28+BT28+BV28+BX28+BZ28+CB28+CD28 -> 15866.2 | CG28: =BI28+BK28+BM28+BO28+BQ28+BS28+BU28+BW28+BY28+CA28+CC28+CE28 -> 1.5994986e+09 | CV28: =CU28*D28 -> 0 | DG28: =CU28 -> 0 | DH28: =CV28 -> 0 | GR28: =GL28+GN28+GP28 -> 0 | GS28: =GM28+GO28+GQ28 -> 0 | HN28: =((1400/200)*1133.3)*2 -> 15866.2 | HO28: =HN28*D28 -> 1.5994986e+09 | HP28: =HJ28+HL28+HN28 -> 15866.2 | HQ28: =HK28+HM28+HO28 -> 1.5994986e+09 | II28: =GS28+HA28+HI28+HQ28+HY28+IG28 -> 1.5994986e+09
B29: Total Pembuatan Sarana dan Prasarana | F29: =E29 -> 0 | G29: =SUM(G17:G26) -> 3.1003445e+09 | I29: =SUM(I17:I26) -> 0 | K29: =SUM(K17:K26) -> 0 | M29: =SUM(M17:M26) -> 0 | O29: =SUM(O17:O26) -> 0 | Q29: =SUM(Q17:Q26) -> 0 | S29: =SUM(S17:S26) -> 0 | U29: =SUM(U17:U26) -> 0 | W29: =SUM(W17:W26) -> 0 | Y29: =SUM(Y17:Y26) -> 0 | AA29: =SUM(AA17:AA26) -> 0 | AC29: =SUM(AC17:AC26) -> 0 | AE29: =SUM(AE17:AE26) -> 3.1003445e+09 | BF29: =SUM(BF17:BF26) -> 0 | CG29: =SUM(CG17:CG28) -> 4.4882038e+09 | DH29: =SUM(DH17:DH28) -> 0 | EI29: =SUM(EI17:EI26) -> 0 | FJ29: =SUM(FJ17:FJ26) -> 0 | GK29: =SUM(GK17:GK26) -> 0 | GL29: =IFERROR(((+F29+H29+J29+L29)/($E29/'RKP 08'!$D$5)),0) -> 0 | GM29: =G29+I29+K29+M29 -> 3.1003445e+09 | GN29: =IFERROR(((+N29+P29+R29+T29)/($E29/'RKP 08'!$D$5)),0) -> 0 | GO29: =+O29+Q29+S29+U29 -> 0 | GP29: =IFERROR(((V29+X29+Z29+AB29)/($E29/'RKP 08'!$D$5)),0) -> 0 | GQ29: =W29+Y29+AA29+AC29 -> 0 | GR29: =GL29+GN29+GP29 -> 0 | GS29: =GM29+GO29+GQ29 -> 3.1003445e+09 | GT29: =IFERROR(((AG29+AI29+AK29+AM29)/($E29/'RKP 08'!$D$5)),0) -> 0 | GU29: =AH29+AJ29+AL29+AN29 -> 0 | GV29: =IFERROR(((AO29+AQ29+AS29+AU29)/($E29/'RKP 08'!$D$5)),0) -> 0 | GW29: =AP29+AR29+AT29+AV29 -> 0 | GX29: =IFERROR(((AW29+AY29+BA29+BC29)/($E29/'RKP 08'!$D$5)),0) -> 0 | GY29: =AX29+AZ29+BB29+BD29 -> 0 | GZ29: =GT29+GV29+GX29 -> 0 | HA29: =GU29+GW29+GY29 -> 0 | HB29: =IFERROR(((BH29+BJ29+BL29+BN29)/($E29/'RKP 08'!$D$5)),0) -> 0 | HC29: =BI29+BK29+BM29+BO29 -> 0 | HD29: =IFERROR(((BP29+BR29+BT29+BV29)/($E29/'RKP 08'!$D$5)),0) -> 0 | HE29: =BQ29+BS29+BU29+BW29 -> 0 | HF29: =IFERROR(((BX29+BZ29+CB29+CD29)/($E29/'RKP 08'!$D$5)),0) -> 0 | HG29: =BY29+CA29+CC29+CE29 -> 0 | HH29: =HB29+HD29+HF29 -> 0 | HI29: =HC29+HE29+HG29 -> 0 | HJ29: =IFERROR(((CI29+CK29+CM29)/($E29/'RKP 08'!$D$5)),0) -> 0 | HK29: =CJ29+CL29+CN29 -> 0 | HL29: =IFERROR(((CO29+CQ29+CS29)/($E29/'RKP 08'!$D$5)),0) -> 0 | HM29: =CP29+CR29+CT29 -> 0 | HN29: =IFERROR(((CU29+CW29+CY29)/($E29/'RKP 08'!$D$5)),0) -> 0 | HO29: =CV29+CX29+CZ29 -> 0 | HP29: =HJ29+HL29+HN29 -> 0 | HQ29: =HK29+HM29+HO29 -> 0 | HR29: =IFERROR(((DJ29+DL29+DN29+DP29)/($E29/'RKP 08'!$D$5)),0) -> 0 | HS29: =DK29+DM29+DO29+DQ29 -> 0 | HT29: =IFERROR(((DR29+DT29+DV29+DX29)/($E29/'RKP 08'!$D$5)),0) -> 0 | HU29: =DS29+DU29+DW29+DY29 -> 0 | HV29: =IFERROR(((DZ29+EB29+ED29+EF29)/($E29/'RKP 08'!$D$5)),0) -> 0 | HW29: =EA29+EC29+EE29+EG29 -> 0 | HX29: =HR29+HT29+HV29 -> 0 | HY29: =HS29+HU29+HW29 -> 0 | HZ29: =EK29+EM29+EO29+EQ29 -> 0 | IA29: =EL29+EN29+EP29+ER29 -> 0 | IB29: =IFERROR(((ES29+EU29+EW29+EY29)/($E29/'RKP 08'!$D$5)),0) -> 0 | IC29: =ET29+EV29+EX29+EZ29 -> 0 | ID29: =IFERROR(((FA29+FC29+FE29+FG29)/($E29/'RKP 08'!$D$5)),0) -> 0 | IE29: =FB29+FD29+FF29+FH29 -> 0 | IF29: =HZ29+IB29+ID29 -> 0 | IG29: =IA29+IC29+IE29 -> 0 | II29: =SUM(II17:II28) -> 7.5885483e+09
B31: TANAM DAN PEMELIHARAAN AWAL | D31: =186*7500 -> 1395000
B32: - Tanam Kacangan | C32: Ha | D32: 1096332.1 | E32: 2000 | F32: ='[15]TTL TB'!W208 -> 0 | G32: ='[15]TTL TB'!X237 -> 0 | H32: ='[15]TTL TB'!Y208 -> 0 | I32: ='[15]TTL TB'!Z237 -> 0 | J32: ='[15]TTL TB'!AA208 -> 0 | K32: ='[15]TTL TB'!AB237 -> 0 | L32: ='[15]TTL TB'!AC208 -> 0 | M32: ='[15]TTL TB'!AD237 -> 0 | N32: ='[15]TTL TB'!AE208 -> 0 | O32: ='[15]TTL TB'!AF237 -> 0 | P32: ='[15]TTL TB'!AG208 -> 0 | Q32: ='[15]TTL TB'!AH237 -> 0 | R32: ='[15]TTL TB'!AI208 -> 0 | S32: ='[15]TTL TB'!AJ237 -> 0 | T32: ='[15]TTL TB'!AK208 -> 300 | U32: ='[15]TTL TB'!AL237 -> 1.7469135e+08 | V32: ='[15]TTL TB'!AM208 -> 400 | W32: ='[15]TTL TB'!AN237 -> 4.664268e+08 | X32: ='[15]TTL TB'!AO208 -> 400 | Y32: ='[15]TTL TB'!AP237 -> 4.9777184e+08 | Z32: ='[15]TTL TB'!AQ208 -> 400 | AA32: ='[15]TTL TB'!AR237 -> 4.9777184e+08 | AB32: 500 | AC32: ='[15]TTL TB'!AT237 -> 4.7631392e+08 | AD32: =F32+H32+J32+L32+N32+P32+R32+T32+V32+X32+Z32+AB32 -> 2000 | AE32: =G32+I32+K32+M32+O32+Q32+S32+U32+W32+Y32+AA32+AC32 -> 2.1129758e+09 | BE32: =AG32+AI32+AK32+AM32+AO32+AQ32+AS32+AU32+AW32+AY32+BA32+BC32 -> 0 | BF32: =AH32+AJ32+AL32+AN32+AP32+AR32+AT32+AV32+AX32+AZ32+BB32+BD32 -> 0 | CF32: =BH32+BJ32+BL32+BN32+BP32+BR32+BT32+BV32+BX32+BZ32+CB32+CD32 -> 0 | CG32: =BI32+BK32+BM32+BO32+BQ32+BS32+BU32+BW32+BY32+CA32+CC32+CE32 -> 0 | DG32: =CI32+CK32+CM32+CO32+CQ32+CS32+CU32+CW32+CY32+DA32+DC32+DE32 -> 0 | DH32: =CJ32+CL32+CN32+CP32+CR32+CT32+CV32+CX32+CZ32+DB32+DD32+DF32 -> 0 | EH32: =DJ32+DL32+DN32+DP32+DR32+DT32+DV32+DX32+DZ32+EB32+ED32+EF32 -> 0 | EI32: =DK32+DM32+DO32+DQ32+DS32+DU32+DW32+DY32+EA32+EC32+EE32+EG32 -> 0 | FI32: =EK32+EM32+EO32+EQ32+ES32+EU32+EW32+EY32+FA32+FC32+FE32+FG32 -> 0 | FJ32: =EL32+EN32+EP32+ER32+ET32+EV32+EX32+EZ32+FB32+FD32+FF32+FH32 -> 0 | GJ32: =FL32+FN32+FP32+FR32+FT32+FV32+FX32+FZ32+GB32+GD32+GF32+GH32 -> 0 | GK32: =FM32+FO32+FQ32+FS32+FU32+FW32+FY32+GA32+GC32+GE32+GG32+GI32 -> 0
B33: - Tanam Kelapa Sawit | C33: Ha | D33: 5565094.6 | E33: 1500 | F33: ='[15]TTL TB'!W250 -> 0 | G33: ='[15]TTL TB'!X256 -> 0 | H33: ='[15]TTL TB'!Y250 -> 0 | I33: ='[15]TTL TB'!Z256 -> 0 | J33: ='[15]TTL TB'!AA250 -> 0 | K33: ='[15]TTL TB'!AB256 -> 0 | L33: ='[15]TTL TB'!AC250 -> 0 | M33: ='[15]TTL TB'!AD256 -> 0 | N33: ='[15]TTL TB'!AE250 -> 0 | O33: ='[15]TTL TB'!AF256 -> 0 | P33: ='[15]TTL TB'!AG250 -> 0 | Q33: ='[15]TTL TB'!AH256 -> 0 | R33: ='[15]TTL TB'!AI250 -> 0 | S33: ='[15]TTL TB'!AJ256 -> 0 | T33: ='[15]TTL TB'!AK250 -> 0 | U33: ='[15]TTL TB'!AL256 -> 98342400 | V33: ='[15]TTL TB'!AM250 -> 300 | W33: ='[15]TTL TB'!AN256 -> 504923938 | X33: ='[15]TTL TB'!AO250 -> 400 | Y33: ='[15]TTL TB'!AP256 -> 629524184 | Z33: ='[15]TTL TB'!AQ250 -> 400 | AA33: ='[15]TTL TB'!AR256 -> 629524184 | AB33: 400 | AC33: ='[15]TTL TB'!AT256 -> 6.1744446e+08 | AD33: =F33+H33+J33+L33+N33+P33+R33+T33+V33+X33+Z33+AB33 -> 1500 | AE33: =G33+I33+K33+M33+O33+Q33+S33+U33+W33+Y33+AA33+AC33 -> 2.4797592e+09 | BE33: =AG33+AI33+AK33+AM33+AO33+AQ33+AS33+AU33+AW33+AY33+BA33+BC33 -> 0 | BF33: =AH33+AJ33+AL33+AN33+AP33+AR33+AT33+AV33+AX33+AZ33+BB33+BD33 -> 0 | CF33: =BH33+BJ33+BL33+BN33+BP33+BR33+BT33+BV33+BX33+BZ33+CB33+CD33 -> 0 | CG33: =BI33+BK33+BM33+BO33+BQ33+BS33+BU33+BW33+BY33+CA33+CC33+CE33 -> 0 | DG33: =CI33+CK33+CM33+CO33+CQ33+CS33+CU33+CW33+CY33+DA33+DC33+DE33 -> 0 | DH33: =CJ33+CL33+CN33+CP33+CR33+CT33+CV33+CX33+CZ33+DB33+DD33+DF33 -> 0 | EH33: =DJ33+DL33+DN33+DP33+DR33+DT33+DV33+DX33+DZ33+EB33+ED33+EF33 -> 0 | EI33: =DK33+DM33+DO33+DQ33+DS33+DU33+DW33+DY33+EA33+EC33+EE33+EG33 -> 0 | FI33: =EK33+EM33+EO33+EQ33+ES33+EU33+EW33+EY33+FA33+FC33+FE33+FG33 -> 0 | FJ33: =EL33+EN33+EP33+ER33+ET33+EV33+EX33+EZ33+FB33+FD33+FF33+FH33 -> 0 | GJ33: =FL33+FN33+FP33+FR33+FT33+FV33+FX33+FZ33+GB33+GD33+GF33+GH33 -> 0 | GK33: =FM33+FO33+FQ33+FS33+FU33+FW33+FY33+GA33+GC33+GE33+GG33+GI33 -> 0
B34: - Pemeliharaan | C34: Ha | D34: 276566.83 | E34: 1500 | G34: ='[15]TTL TB'!X302 -> 0 | I34: ='[15]TTL TB'!Z302 -> 0 | K34: ='[15]TTL TB'!AB302 -> 0 | M34: ='[15]TTL TB'!AD302 -> 0 | O34: ='[15]TTL TB'!AF302 -> 0 | Q34: ='[15]TTL TB'!AH302 -> 0 | S34: ='[15]TTL TB'!AJ302 -> 0 | U34: ='[15]TTL TB'!AL302 -> 0 | V34: 300 | W34: ='[15]TTL TB'!AN302 -> 32588486 | X34: 400 | Y34: ='[15]TTL TB'!AP302 -> 1.1017839e+08 | Z34: 400 | AA34: ='[15]TTL TB'!AR302 -> 1.3604169e+08 | AB34: 400 | AC34: ='[15]TTL TB'!AT302 -> 1.3604169e+08 | AD34: =F34+H34+J34+L34+N34+P34+R34+T34+V34+X34+Z34+AB34 -> 1500 | AE34: =G34+I34+K34+M34+O34+Q34+S34+U34+W34+Y34+AA34+AC34 -> 4.1485024e+08 | BE34: =AG34+AI34+AK34+AM34+AO34+AQ34+AS34+AU34+AW34+AY34+BA34+BC34 -> 0 | BF34: =AH34+AJ34+AL34+AN34+AP34+AR34+AT34+AV34+AX34+AZ34+BB34+BD34 -> 0 | CF34: =BH34+BJ34+BL34+BN34+BP34+BR34+BT34+BV34+BX34+BZ34+CB34+CD34 -> 0 | CG34: =BI34+BK34+BM34+BO34+BQ34+BS34+BU34+BW34+BY34+CA34+CC34+CE34 -> 0 | DG34: =CI34+CK34+CM34+CO34+CQ34+CS34+CU34+CW34+CY34+DA34+DC34+DE34 -> 0 | DH34: =CJ34+CL34+CN34+CP34+CR34+CT34+CV34+CX34+CZ34+DB34+DD34+DF34 -> 0 | EH34: =DJ34+DL34+DN34+DP34+DR34+DT34+DV34+DX34+DZ34+EB34+ED34+EF34 -> 0 | EI34: =DK34+DM34+DO34+DQ34+DS34+DU34+DW34+DY34+EA34+EC34+EE34+EG34 -> 0 | FI34: =EK34+EM34+EO34+EQ34+ES34+EU34+EW34+EY34+FA34+FC34+FE34+FG34 -> 0 | FJ34: =EL34+EN34+EP34+ER34+ET34+EV34+EX34+EZ34+FB34+FD34+FF34+FH34 -> 0 | GJ34: =FL34+FN34+FP34+FR34+FT34+FV34+FX34+FZ34+GB34+GD34+GF34+GH34 -> 0 | GK34: =FM34+FO34+FQ34+FS34+FU34+FW34+FY34+GA34+GC34+GE34+GG34+GI34 -> 0
B35: - Pemupukan Kelapa Sawit | C35: ='Tingkat Jalan Mineral'!G20 -> 998942.8 | D35: 494844.08 | E35: 1500 | G35: ='[15]TTL TB'!X353 -> 0 | I35: ='[15]TTL TB'!Z353 -> 0 | K35: ='[15]TTL TB'!AB353 -> 0 | M35: ='[15]TTL TB'!AD353 -> 0 | O35: ='[15]TTL TB'!AF353 -> 0 | Q35: ='[15]TTL TB'!AH353 -> 0 | S35: ='[15]TTL TB'!AJ353 -> 0 | U35: ='[15]TTL TB'!AL353 -> 0 | V35: 300 | W35: ='[15]TTL TB'!AN353 -> 1.1055241e+08 | X35: 400 | Y35: ='[15]TTL TB'!AP353 -> 1.9893188e+08 | Z35: 400 | AA35: ='[15]TTL TB'!AR353 -> 2.1716632e+08 | AB35: 400 | AC35: ='[15]TTL TB'!AT353 -> 2.1561551e+08 | AD35: =F35+H35+J35+L35+N35+P35+R35+T35+V35+X35+Z35+AB35 -> 1500 | AE35: =G35+I35+K35+M35+O35+Q35+S35+U35+W35+Y35+AA35+AC35 -> 7.4226612e+08 | BE35: =AG35+AI35+AK35+AM35+AO35+AQ35+AS35+AU35+AW35+AY35+BA35+BC35 -> 0 | BF35: =AH35+AJ35+AL35+AN35+AP35+AR35+AT35+AV35+AX35+AZ35+BB35+BD35 -> 0 | CF35: =BH35+BJ35+BL35+BN35+BP35+BR35+BT35+BV35+BX35+BZ35+CB35+CD35 -> 0 | CG35: =BI35+BK35+BM35+BO35+BQ35+BS35+BU35+BW35+BY35+CA35+CC35+CE35 -> 0 | DG35: =CI35+CK35+CM35+CO35+CQ35+CS35+CU35+CW35+CY35+DA35+DC35+DE35 -> 0 | DH35: =CJ35+CL35+CN35+CP35+CR35+CT35+CV35+CX35+CZ35+DB35+DD35+DF35 -> 0 | EH35: =DJ35+DL35+DN35+DP35+DR35+DT35+DV35+DX35+DZ35+EB35+ED35+EF35 -> 0 | EI35: =DK35+DM35+DO35+DQ35+DS35+DU35+DW35+DY35+EA35+EC35+EE35+EG35 -> 0 | FI35: =EK35+EM35+EO35+EQ35+ES35+EU35+EW35+EY35+FA35+FC35+FE35+FG35 -> 0 | FJ35: =EL35+EN35+EP35+ER35+ET35+EV35+EX35+EZ35+FB35+FD35+FF35+FH35 -> 0 | GJ35: =FL35+FN35+FP35+FR35+FT35+FV35+FX35+FZ35+GB35+GD35+GF35+GH35 -> 0 | GK35: =FM35+FO35+FQ35+FS35+FU35+FW35+FY35+GA35+GC35+GE35+GG35+GI35 -> 0
B36: - Pemupukan Kacangan | C36: ='Tingkat Jalan Mineral'!Q20 -> 1522646.8 | D36: 221455.04 | E36: 1500 | G36: ='[15]TTL TB'!X376 -> 0 | I36: ='[15]TTL TB'!Z376 -> 0 | K36: ='[15]TTL TB'!AB376 -> 0 | M36: ='[15]TTL TB'!AD376 -> 0 | O36: ='[15]TTL TB'!AF376 -> 0 | Q36: ='[15]TTL TB'!AH376 -> 0 | S36: ='[15]TTL TB'!AJ376 -> 0 | U36: ='[15]TTL TB'!AL376 -> 0 | V36: 300 | W36: ='[15]TTL TB'!AN376 -> 83045640 | X36: 400 | Y36: ='[15]TTL TB'!AP376 -> 83045640 | Z36: 400 | AA36: ='[15]TTL TB'!AR376 -> 83045640 | AB36: 400 | AC36: ='[15]TTL TB'!AT376 -> 83045640 | AD36: =F36+H36+J36+L36+N36+P36+R36+T36+V36+X36+Z36+AB36 -> 1500 | AE36: =G36+I36+K36+M36+O36+Q36+S36+U36+W36+Y36+AA36+AC36 -> 3.3218256e+08 | BE36: =AG36+AI36+AK36+AM36+AO36+AQ36+AS36+AU36+AW36+AY36+BA36+BC36 -> 0 | BF36: =AH36+AJ36+AL36+AN36+AP36+AR36+AT36+AV36+AX36+AZ36+BB36+BD36 -> 0 | CF36: =BH36+BJ36+BL36+BN36+BP36+BR36+BT36+BV36+BX36+BZ36+CB36+CD36 -> 0 | CG36: =BI36+BK36+BM36+BO36+BQ36+BS36+BU36+BW36+BY36+CA36+CC36+CE36 -> 0 | DG36: =CI36+CK36+CM36+CO36+CQ36+CS36+CU36+CW36+CY36+DA36+DC36+DE36 -> 0 | DH36: =CJ36+CL36+CN36+CP36+CR36+CT36+CV36+CX36+CZ36+DB36+DD36+DF36 -> 0 | EH36: =DJ36+DL36+DN36+DP36+DR36+DT36+DV36+DX36+DZ36+EB36+ED36+EF36 -> 0 | EI36: =DK36+DM36+DO36+DQ36+DS36+DU36+DW36+DY36+EA36+EC36+EE36+EG36 -> 0 | FI36: =EK36+EM36+EO36+EQ36+ES36+EU36+EW36+EY36+FA36+FC36+FE36+FG36 -> 0 | FJ36: =EL36+EN36+EP36+ER36+ET36+EV36+EX36+EZ36+FB36+FD36+FF36+FH36 -> 0 | GJ36: =FL36+FN36+FP36+FR36+FT36+FV36+FX36+FZ36+GB36+GD36+GF36+GH36 -> 0 | GK36: =FM36+FO36+FQ36+FS36+FU36+FW36+FY36+GA36+GC36+GE36+GG36+GI36 -> 0
