Workbook
Name \0: #REF!
Name \a: #N/A
Name \b: #N/A
Name \g: #N/A
Name \n: #N/A
Name __kop2: #REF!
Name __s2: #REF!
Name __SKF1: #REF!
Name __SKF2: #REF!
Name _0: #REF!
Name _10_b_1: #REF!
Name _11_g_1: #REF!
Name _12_n_1: #REF!
Name _13Excel_BuiltIn_Database_1: #REF!
Name _14Excel_BuiltIn_Print_Area_1: #REF!
Name _15Excel_BuiltIn_Print_Area_31_1: #REF!
Name _16Excel_BuiltIn_Print_Titles_1: #REF!
Name _432: 432
Name _8_0_1: #REF!
Name _8311: #REF!
Name _9_A_1: #REF!
Name _A: #REF!
Name _A_1: #REF!
Name _A_2: #REF!
Name _A_28: #REF!
Name _A_3: #REF!
Name _A_31: #REF!
Name _A_58: #REF!
Name _A_7: #REF!
Name _A_8: #REF!
Name _A_86: #REF!
Name _A_87: #REF!
Name _A_9: #REF!
Name _b: #REF!
Name _g: #REF!
Name _HOME___FR_PGSE: #REF!
Name _HOME___PG_FRSE: #REF!
Name _kop2: #REF!
Name _n: #REF!
Name _PG: #REF!
Name _Regression_Int: 1
Name _s2: #REF!
Name _SKF1: #REF!
Name _SKF2: #REF!
Name A: #N/A
Name aa: #N/A
Name are: #REF!
Name ari: #REF!
Name bln: #N/A
Name capital: #N/A
Name CC: #REF!
Name CC_31: #REF!
Name CC_7: #REF!
Name CCC: #REF!
Name Cetak: #REF!
Name dea: #N/A
Name df: #REF!
Name edar: #N/A
Name er: #REF!
Name Excel_BuiltIn_Database: #REF!

Sheet RKP
C1: RENCANA KERJA PROYEK ( RKP )
C2: PT Buana Karya Bhakti
C3: Kebun Inti BKB
C4: Tahun Tanam Tanaman 1998 & 1999
B5: LUAS : | D5: 192,08 Ha | E5: Periode Proyek : 2025 s.d 2029
B6: No. | C6: Pekerjaan | E6: Rencana | G6: Unit | H6: TAHUN I ( 2026 ) | R6: TAHUN II ( 2027 ) | AB6: TAHUN III ( 2028 ) | AL6: TAHUN IV ( 2029 )
E7: Proyek 4 Tahun | H7: Catur Wulan 1 | J7: Catur Wulan 2 | L7: Catur Wulan 3 | N7: Jumlah Tahun I | P7: Jumlah S/d Tahun I | R7: Catur Wulan 1 | T7: Catur Wulan 2 | V7: Catur Wulan 3 | X7: Jumlah Tahun II | Z7: Jumlah S/d Tahun II | AB7: Catur Wulan 1 | AD7: Catur Wulan 2 | AF7: Catur Wulan 3 | AH7: Jumlah Tahun III | AJ7: Jumlah S/d Tahun III | AL7: Catur Wulan 1 | AN7: Catur Wulan 2 | AP7: Catur Wulan 3 | AR7: Jumlah Tahun IV | AT7: Jumlah S/d Tahun IV
E8: Volume | F8: Biaya | G8: Cost | H8: Fisik | I8: Biaya | J8: Fisik | K8: Biaya | L8: Fisik | M8: Biaya | N8: Fisik | O8: Biaya | P8: Fisik | Q8: Biaya | R8: Fisik | S8: Biaya | T8: Fisik | U8: Biaya | V8: Fisik | W8: Biaya | X8: Fisik | Y8: Biaya | Z8: Fisik | AA8: Biaya | AB8: Fisik | AC8: Biaya | AD8: Fisik | AE8: Biaya | AF8: Fisik | AG8: Biaya | AH8: Fisik | AI8: Biaya | AJ8: Fisik | AK8: Biaya | AL8: Fisik | AM8: Biaya | AN8: Fisik | AO8: Biaya | AP8: Fisik | AQ8: Biaya | AR8: Fisik | AS8: Biaya | AT8: Fisik | AU8: Biaya
E9: ( Ha ) | F9: ( Rp ) | G9: ( Rp / Ha ) | H9: ( Ha ) | I9: ( Rp ) | J9: ( Ha ) | K9: ( Rp ) | L9: ( Ha ) | M9: ( Rp ) | N9: ( Ha ) | O9: ( Rp ) | P9: ( Ha ) | Q9: ( Rp ) | R9: ( Ha ) | S9: ( Rp ) | T9: ( Ha ) | U9: ( Rp ) | V9: ( Ha ) | W9: ( Rp ) | X9: ( Ha ) | Y9: ( Rp ) | Z9: ( Ha ) | AA9: ( Rp ) | AB9: ( Ha ) | AC9: ( Rp ) | AD9: ( Ha ) | AE9: ( Rp ) | AF9: ( Ha ) | AG9: ( Rp ) | AH9: ( Ha ) | AI9: ( Rp ) | AJ9: ( Ha ) | AK9: ( Rp ) | AL9: ( Ha ) | AM9: ( Rp ) | AN9: ( Ha ) | AO9: ( Rp ) | AP9: ( Ha ) | AQ9: ( Rp ) | AR9: ( Ha ) | AS9: ( Rp ) | AT9: ( Ha ) | AU9: ( Rp )
B10: 1 | C10: Replanting TB | E10: 192.08 | F10: =E10*G10 -> 1.02884e+10 | G10: ='REKAP BIAYA'!G48 -> 53563100 | I10: =H10*$G10 -> 0 | K10: =J10*$G10 -> 0 | L10: 192.08 | M10: =L10*$G10 -> 1.02884e+10 | N10: =H10+J10+L10 -> 192.08 | O10: =I10+K10+M10 -> 1.02884e+10 | P10: =N10 -> 192.08 | Q10: =O10 -> 1.02884e+10 | Z10: =P10 -> 192.08 | AA10: =Q10 -> 1.02884e+10 | AJ10: =Z10 -> 192.08 | AK10: =AA10 -> 1.02884e+10 | AT10: =AJ10 -> 192.08 | AU10: =AK10 -> 1.02884e+10
B11: 2 | C11: Pemeliharaan TBM-1 | E11: =E10 -> 192.08 | F11: =E11*G11 -> 1.7835687e+09 | G11: ='REKAP BIAYA'!P42 -> 9285551.2 | I11: =H11*$G11 -> 0 | K11: =J11*$G11 -> 0 | M11: =L11*$G11 -> 0 | N11: =H11+J11+L11 -> 0 | O11: =I11+K11+M11 -> 0 | P11: =N11 -> 0 | Q11: =O11 -> 0 | S11: =R11*$G11 -> 0 | T11: 96.04 | U11: =T11*$G11 -> 8.9178434e+08 | V11: 96.04 | W11: =V11*$G11 -> 8.9178434e+08 | X11: =R11+T11+V11 -> 192.08 | Y11: =S11+U11+W11 -> 1.7835687e+09 | Z11: =X11+P11 -> 192.08 | AA11: =Y11+Q11 -> 1.7835687e+09 | AC11: =AB11*$G11 -> 0 | AE11: =AD11*$G11 -> 0 | AG11: =AF11*$G11 -> 0 | AH11: =AB11+AD11+AF11 -> 0 | AI11: =AC11+AE11+AG11 -> 0 | AJ11: =AH11+Z11 -> 192.08 | AK11: =AI11+AA11 -> 1.7835687e+09 | AM11: =AL11*$G11 -> 0 | AO11: =AN11*$G11 -> 0 | AQ11: =AP11*$G11 -> 0 | AR11: =AL11+AN11+AP11 -> 0 | AS11: =AM11+AO11+AQ11 -> 0 | AT11: =AR11+AJ11 -> 192.08 | AU11: =AS11+AK11 -> 1.7835687e+09
B12: 3 | C12: Pemeliharaan TBM-2 | E12: =E11 -> 192.08 | F12: =E12*G12 -> 2.3939196e+09 | G12: ='REKAP BIAYA'!X41 -> 12463138 | I12: =H12*$G12 -> 0 | K12: =J12*$G12 -> 0 | M12: =L12*$G12 -> 0 | N12: =H12+J12+L12 -> 0 | O12: =I12+K12+M12 -> 0 | P12: =N12 -> 0 | Q12: =O12 -> 0 | R12: =L11/3 -> 0 | S12: =R12*$G12 -> 0 | T12: =R12 -> 0 | U12: =T12*$G12 -> 0 | V12: =T12 -> 0 | W12: =V12*$G12 -> 0 | X12: =R12+T12+V12 -> 0 | Y12: =S12+U12+W12 -> 0 | Z12: =X12+P12 -> 0 | AA12: =Y12+Q12 -> 0 | AB12: =X11/3 -> 64.026667 | AC12: =AB12*$G12 -> 7.9797319e+08 | AD12: =AB12 -> 64.026667 | AE12: =AD12*$G12 -> 7.9797319e+08 | AF12: =AD12 -> 64.026667 | AG12: =AF12*$G12 -> 7.9797319e+08 | AH12: =X11 -> 192.08 | AI12: =AC12+AE12+AG12 -> 2.3939196e+09 | AJ12: =AH12+Z12 -> 192.08 | AK12: =AI12+AA12 -> 2.3939196e+09 | AL12: =AH11/3 -> 0 | AM12: =AL12*$G12 -> 0 | AN12: =AL12 -> 0 | AO12: =AN12*$G12 -> 0 | AP12: =AN12 -> 0 | AQ12: =AP12*$G12 -> 0 | AR12: =AL12+AN12+AP12 -> 0 | AS12: =AM12+AO12+AQ12 -> 0 | AT12: =AR12+AJ12 -> 192.08 | AU12: =AS12+AK12 -> 2.3939196e+09
B13: 4 | C13: Pemeliharaan TBM-3 | E13: =E12 -> 192.08 | F13: =E13*G13 -> 4.0078404e+09 | G13: ='REKAP BIAYA'!AF43 -> 20865475 | I13: =H13*$G13 -> 0 | K13: =J13*$G13 -> 0 | M13: =L13*$G13 -> 0 | N13: =H13+J13+L13 -> 0 | O13: =I13+K13+M13 -> 0 | P13: =N13 -> 0 | Q13: =O13 -> 0 | S13: =R13*$G13 -> 0 | U13: =T13*$G13 -> 0 | W13: =V13*$G13 -> 0 | X13: =R13+T13+V13 -> 0 | Y13: =S13+U13+W13 -> 0 | Z13: =X13+P13 -> 0 | AA13: =Y13+Q13 -> 0 | AB13: =R12 -> 0 | AC13: =AB13*$G13 -> 0 | AD13: =AB13 -> 0 | AE13: =AD13*$G13 -> 0 | AF13: =AD13 -> 0 | AG13: =AF13*$G13 -> 0 | AH13: =AB13+AD13+AF13 -> 0 | AI13: =AC13+AE13+AG13 -> 0 | AJ13: =AH13+Z13 -> 0 | AK13: =AI13+AA13 -> 0 | AL13: =AB12 -> 64.026667 | AM13: =AL13*$G13 -> 1.3359468e+09 | AN13: =AL13 -> 64.026667 | AO13: =AN13*$G13 -> 1.3359468e+09 | AP13: =AN13 -> 64.026667 | AQ13: =AP13*$G13 -> 1.3359468e+09 | AR13: =AL13+AN13+AP13 -> 192.08 | AS13: =AM13+AO13+AQ13 -> 4.0078404e+09 | AT13: =AR13+AJ13 -> 192.08 | AU13: =AS13+AK13 -> 4.0078404e+09
B14: GRAND TOTAL BIAYA | E14: =E10 -> 192.08 | F14: =SUM(F10:F13) -> 1.8473729e+10 | G14: =F14/E14 -> 96177264 | I14: =SUM(I10:I13) -> 0 | K14: =SUM(K10:K13) -> 0 | M14: =SUM(M10:M13) -> 1.02884e+10 | O14: =SUM(O10:O13) -> 1.02884e+10 | Q14: =SUM(Q10:Q13) -> 1.02884e+10 | S14: =SUM(S10:S13) -> 0 | U14: =SUM(U10:U13) -> 8.9178434e+08 | W14: =SUM(W10:W13) -> 8.9178434e+08 | Y14: =SUM(Y10:Y13) -> 1.7835687e+09 | AA14: =SUM(AA10:AA13) -> 1.2071969e+10 | AC14: =SUM(AC10:AC13) -> 7.9797319e+08 | AE14: =SUM(AE10:AE13) -> 7.9797319e+08 | AG14: =SUM(AG10:AG13) -> 7.9797319e+08 | AI14: =SUM(AI10:AI13) -> 2.3939196e+09 | AK14: =SUM(AK10:AK13) -> 1.4465888e+10 | AM14: =SUM(AM10:AM13) -> 1.3359468e+09 | AO14: =SUM(AO10:AO13) -> 1.3359468e+09 | AQ14: =SUM(AQ10:AQ13) -> 1.3359468e+09 | AS14: =SUM(AS10:AS13) -> 4.0078404e+09 | AU14: =SUM(AU10:AU13) -> 1.8473729e+10
B16: Catatan:
B17: *Biaya pemeliharaan kacangan setelah revisi dari gliphosate ke fluroxyphr sebagai pengganti bahan aktif ada penambahan biaya Rp 231.924 per Ha
L18: Satui, 19 September 2025
I19: Disetujui Oleh ; | J19: Diperiksa Oleh ; | L19: Disusun Oleh ; | AS19: Satui, 30 September 2025
N20: Diketahui Oleh ; | X20: Disetujui Oleh ; | AI20: Diperiksa Oleh ; | AS20: Disusun Oleh ;
AS21: Samsir Hadi
I22: Hairul Amri | J22: A r i f | L22: Samsir Hadi
I23: Direktur | J23: Pjs. GM Agronomy | L23: Askep Project Re-Planting & Reklamasi | N23: Imam Satoto Yudiono | X23: Hairul Amri | AI23: A r i f
N24: Direktur Utama | X24: Direktur | AI24: Pjs. GM Agronomy | AS24: Askep Project Re-Planting & Reklamasi

Sheet REKAP BIAYA
A1: CECT | B1: SERAK
A2: 140.98 | B2: 51.1
A3: =A2+B2 -> 192.08 | B3: REKAPITULASI RENCANA BIAYA REPLANTING TB BKB INTI TAHUN TANAM 1998 & 1999 | L3: REKAPITULASI RENCANA BIAYA TBM 01 BKB INTI TAHUN TANAM 1998 & 1999 | T3: REKAPITULASI RENCANA BIAYA TBM 02 BKB INTI TAHUN TANAM 1998 & 1999 | AB3: REKAPITULASI RENCANA BIAYA TBM 03 BKB INTI TAHUN TANAM 1998 & 1999
B4: RENCANA ANGGARAN TANAM BARU | L4: RENCANA ANGGARAN TBM 1 | T4: RENCANA ANGGARAN TBM 2 | AB4: RENCANA ANGGARAN TBM 3
B5: No | C5: Pekerjaan | F5: Jumlah Rp | G5: Total Rp | H5: Rp/Ha | I5: (%) | L5: No | M5: Pekerjaan | O5: Jumlah Rp | P5: Total Rp | Q5: Rp/Ha | R5: Persentase (%) | T5: No | U5: Pekerjaan | W5: Jumlah Rp | X5: Total Rp | Y5: Rp/Ha | Z5: Persentase (%) | AB5: No | AC5: Pekerjaan | AE5: Jumlah Rp | AF5: Total Rp | AG5: Rp/Ha | AH5: Persentase (%)
B7: 1 | C7: Pembukaan Lahan CECT | D7: =IF(C7="",D6,C7) -> Pembukaan Lahan CECT | E7: Identifikasi Blok | F7: ='SI TB CECT'!Q8 -> 5255329.8 | G7: =SUM(F7:F12) -> 4.5034912e+09 | H7: =G7/A2 -> 31944185 | I7: =G7/$G$47*100 -> 43.772511 | L7: 1 | M7: Pembuatan Piringan & Titi Pasar Rintis | N7: Pembuatan Piringan | O7: =SUM('S1 TBM 1'!S38:S40) -> 76597996 | P7: =SUM(O7:O8) -> 1.1585457e+08 | Q7: =P7/A3 -> 603157.9 | R7: =P7/P41*100 -> 6.4956606 | T7: 1 | U7: Pemeliharaan Piringan Gawangan Manual & Chemist | V7: Pemeliharaan Piringan Manual | W7: =SUM('S1 TBM 2'!Q59:Q61) -> 81551022 | X7: =SUM(W7:W10) -> 4.3148202e+08 | Y7: =X7/$A$3 -> 2246366.2 | Z7: =X7/X40*100 -> 18.024082 | AB7: 1 | AC7: Pembuatan TPH, Pemeliharaan Piringan Gawangan Manual & Chemist | AD7: Pembuatan TPH | AE7: =SUM('S1 TBM 3'!Q44:Q46) -> 4679836.7 | AF7: =SUM(AE7:AE12) -> 6.3845249e+08 | AG7: =AF7/$A$3 -> 3323888.4 | AH7: =AF7/AF42*100 -> 15.930088
D8: =IF(C8="",D7,C8) -> Pembukaan Lahan CECT | E8: Pengolahan Tanah (Ripping) | F8: =SUM('SI TB CECT'!Q23:Q25) -> 8.2513491e+08 | N8: Pembuatan Titi Pasar Rintis | O8: =SUM('S1 TBM 1'!S48:S50) -> 39256573 | V8: Pemeliharaan Piringan /Pasar Rintis(Chemist) | W8: =SUM('S1 TBM 2'!Q70:Q81) -> 1.135711e+08 | AD8: Pemeliharaan Piringan Manual | AE8: =SUM('S1 TBM 3'!Q60:Q62) -> 86846764
D9: =IF(C9="",D8,C9) -> Pembukaan Lahan CECT | E9: Tumbang Chipping | F9: =SUM('SI TB CECT'!Q27:Q32) -> 1.3902328e+09 | K9: =SUM(F10:F11) -> 2.112072e+09 | L9: 2 | M9: Pemeliharaan Piringan Gawangan Manual & Chemist | N9: Pemeliharaan Piringan Manual | O9: =SUM('S1 TBM 1'!S61:S63) -> 76578268 | P9: =SUM(O9:O12) -> 2.8807307e+08 | Q9: =P9/A3 -> 1499755.7 | R9: =P9/P41*100 -> 16.151499 | V9: Pemeliharaan Gawangan Manual | W9: =SUM('S1 TBM 2'!Q105:Q107) -> 1.3055068e+08 | AD9: Pemeliharaan Piringan /Pasar Rintis(Chemist) | AE9: =SUM('S1 TBM 3'!Q72:Q83) -> 1.2505902e+08
D10: =IF(C10="",D9,C10) -> Pembukaan Lahan CECT | E10: Parit CECT | F10: =SUM('SI TB CECT'!Q33:Q35) -> 9.7041145e+08 | K10: =SUM(F10:F11)/140.98 -> 14981359 | N10: Pemeliharaan Piringan /Pasar Rintis(Chemist) | O10: =SUM('S1 TBM 1'!S72:S82) -> 29516605 | V10: Pemeliharaan Gawangan Chemist | W10: =SUM('S1 TBM 2'!Q112:Q123) -> 1.0580921e+08 | AD10: Pemeliharaan Pasar Rintis Manual | AE10: =SUM('S1 TBM 3'!Q67:Q69) -> 1.7354011e+08
D11: =IF(C11="",D10,C11) -> Pembukaan Lahan CECT | E11: Tutup Lubang CECT | F11: =SUM('SI TB CECT'!Q36:Q38) -> 1.1416605e+09 | N11: Pemeliharaan Gawangan Manual | O11: =SUM('S1 TBM 1'!S106:S108) -> 1.530934e+08 | T11: 2 | U11: Pemberantasan Lalang | V11: Spot Lalang | W11: =SUM('S1 TBM 2'!Q149:Q158) -> 25652170 | X11: =SUM(W11:W13) -> 91352741 | Y11: =X11/$A$3 -> 475597.36 | Z11: =X11/X40*100 -> 3.8160322 | AD11: Pemeliharaan Gawangan Manual | AE11: =SUM('S1 TBM 3'!Q107:Q109) -> 1.3902732e+08
D12: =IF(C12="",D11,C12) -> Pembukaan Lahan CECT | E12: Lubang Tanam Mekanis Auger | F12: =SUM('SI TB CECT'!Q40:Q43) -> 1.7079611e+08 | N12: Pemeliharaan Gawangan Chemist | O12: =SUM('S1 TBM 1'!S113:S124) -> 28884795 | V12: Wipping | W12: =SUM('S1 TBM 2'!Q159:Q167) -> 48090995 | AD12: Pemeliharaan Gawangan Chemist | AE12: =SUM('S1 TBM 3'!Q114:Q125) -> 1.0929943e+08
B13: 2 | C13: Pembukaan Lahan Serak | D13: =IF(C13="",D12,C13) -> Pembukaan Lahan Serak | E13: Identifikasi Blok | F13: ='SI TB SERAK'!Q7 -> 1904861.3 | G13: =SUM(F13:F17) -> 1.1142139e+09 | H13: =G13/B2 -> 21804577 | I13: =G13/G47*100 -> 10.829807 | L13: 3 | M13: Pemberantasan Lalang | N13: Spot Lalang | O13: =SUM('S1 TBM 1'!S150:S159) -> 24162279 | P13: =SUM(O13:O15) -> 89814717 | Q13: =P13/A3 -> 467590.15 | R13: =P13/P41*100 -> 5.0356747 | V13: Transport Air | W13: =SUM('S1 TBM 2'!Q170) -> 17609576 | AB13: 2 | AC13: Pemberantasan Lalang | AD13: Wipping | AE13: =SUM('S1 TBM 3'!Q161:Q169) -> 51095729 | AF13: =SUM(AE13:AE14) -> 69585784 | AG13: =AF13/$A$3 -> 362275.01 | AH13: =AF13/AF42*100 -> 1.7362414
D14: =IF(C14="",D13,C14) -> Pembukaan Lahan Serak | E14: Pengolahan Tanah (Ripping) | F14: =SUM('SI TB SERAK'!Q22:Q24) -> 3.3230959e+08 | K14: =F14/B2 -> 6503123.1 | N14: Wipping | O14: =SUM('S1 TBM 1'!S160:S169) -> 48881413 | T14: 3 | U14: Pemeliharaan Pokok | V14: Kastrasi | W14: =SUM('S1 TBM 2'!Q178:Q182) -> 1.9584936e+08 | X14: =SUM(W14:W16) -> 2.7354357e+08 | Y14: =X14/$A$3 -> 1424112.7 | Z14: =X14/X40*100 -> 11.426598 | AD14: Transport Air | AE14: =SUM('S1 TBM 3'!Q172) -> 18490055
D15: =IF(C15="",D14,C15) -> Pembukaan Lahan Serak | E15: Tumbang Chipping | F15: =SUM('SI TB SERAK'!Q26:Q31) -> 5.9808744e+08 | N15: Transport Air | O15: =SUM('S1 TBM 1'!S172) -> 16771025 | V15: Penyisipan | W15: =SUM('S1 TBM 2'!Q185:Q188) -> 45074613 | AB15: 3 | AC15: Pemeliharaan Pokok | AD15: Sanitasi | AE15: =SUM('S1 TBM 3'!Q176:Q179) -> 69312728 | AF15: =SUM(AE15:AE18) -> 1.3881149e+08 | AG15: =AF15/$A$3 -> 722675.42 | AH15: =AF15/AF42*100 -> 3.4634985
D16: =IF(C16="",D15,C16) -> Pembukaan Lahan Serak | E16: Tutup Lubang | F16: =SUM('SI TB SERAK'!Q32:Q34) -> 1.2000473e+08 | L16: 4 | M16: Pemeliharaan Pokok | N16: Penyisipan | O16: =SUM('S1 TBM 1'!S186:S189) -> 64138248 | P16: =SUM(O16:O18) -> 1.318754e+08 | Q16: =P16/A3 -> 686564.98 | R16: =P16/P41*100 -> 7.3939066 | V16: Survey dan Sensus | W16: =SUM('S1 TBM 2'!Q193:Q194) -> 32619597 | AD16: Kastrasi | AE16: =SUM('S1 TBM 3'!Q181:Q185) -> 34760914
D17: =IF(C17="",D16,C17) -> Pembukaan Lahan Serak | E17: Lubang Tanam Mekanis Auger | F17: =SUM('SI TB SERAK'!Q36:Q39) -> 61907228 | N17: Konsolidasi | O17: =SUM('S1 TBM 1'!S191:S192) -> 55408068 | T17: 4 | U17: Pemeliharaan Prasarana | V17: Jalan Utama / Jalan Akses | W17: =SUM('S1 TBM 2'!Q199:Q204) -> 0 | X17: =SUM(W17:W25) -> 0 | Y17: =X17/$A$3 -> 0 | Z17: =X17/X40*100 -> 0 | AD17: Penyisipan | AE17: =SUM('S1 TBM 3'!Q188:Q191) -> 0
B18: 3 | C18: Penyemprotan Lalang Gulma & Pasar Rintis | D18: =IF(C18="",D17,C18) -> Penyemprotan Lalang Gulma & Pasar Rintis | E18: Penyemprotan Pasar Rintis | F18: =SUM('SI TB CECT'!Q57:Q67) -> 76291985 | G18: =SUM(F18) -> 76291985 | H18: =G18/A3 -> 397188.59 | I18: =G18/G47*100 -> 0.74153399 | N18: Survey dan Sensus | O18: =SUM('S1 TBM 1'!S194:S195) -> 12329085 | V18: Jalan Produksi | W18: =SUM('S1 TBM 2'!Q205:Q210) -> 0 | AD18: Survey dan Sensus | AE18: =SUM('S1 TBM 3'!Q196:Q197) -> 34737853
D19: =IF(C19="",D18,C19) -> Penyemprotan Lalang Gulma & Pasar Rintis | E19: Pemberantasan Lalang | F19: =SUM('SI TB CECT'!Q44:Q56) -> 69784788 | G19: =SUM(F19) -> 69784788 | H19: =G19/A3 -> 363311.06 | I19: =G19/G47*100 -> 0.6782861 | L19: 5 | M19: Pemeliharaan Prasarana | N19: Jalan Utama / Jalan Akses | O19: =SUM('S1 TBM 1'!S200:S205) -> 0 | P19: =SUM(O19:O27) -> 0 | Q19: =P19/A3 -> 0 | R19: =P19/P41*100 -> 0 | V19: Jalan Koleksi | W19: =SUM('S1 TBM 2'!Q211:Q216) -> 0 | AB19: 4 | AC19: Pemeliharaan Prasarana | AD19: Jalan Utama / Jalan Akses | AE19: =SUM('S1 TBM 3'!Q202:Q207) -> 1.2094304e+08 | AF19: =SUM(AE19:AE27) -> 7.6503344e+08 | AG19: =AF19/$A$3 -> 3982889.6 | AH19: =AF19/AF42*100 -> 19.088421
B20: 4 | C20: Pembuatan Sarana & Prasarana | D20: =IF(C20="",D19,C20) -> Pembuatan Sarana & Prasarana | E20: Pembuatan Parit Tersier (1x1) | F20: =SUM('SI TB CECT'!Q119:Q120) -> 0 | G20: =SUM(F20:F24) -> 3.3662443e+08 | H20: =F20/A2 -> 0 | I20: =G20/G47*100 -> 3.2718831 | N20: Jalan Produksi | O20: =SUM('S1 TBM 1'!S206:S211) -> 0 | V20: Jalan Pringgan / Ring | W20: =SUM('S1 TBM 2'!Q217:Q222) -> 0 | AD20: Jalan Produksi | AE20: =SUM('S1 TBM 3'!Q208:Q213) -> 1.7610393e+08
D21: =IF(C21="",D20,C21) -> Pembuatan Sarana & Prasarana | E21: Cuci Parit Alam (1x1) Parit Alam | F21: =SUM('SI TB CECT'!Q127:Q128) -> 44955330 | H21: =F21/A3 -> 234044.82 | N21: Jalan Koleksi | O21: =SUM('S1 TBM 1'!S212:S217) -> 0 | V21: Jalan Liung | W21: =SUM('S1 TBM 2'!Q223:Q227) -> 0 | AD21: Jalan Koleksi | AE21: =SUM('S1 TBM 3'!Q214:Q219) -> 9940521
D22: =IF(C22="",D21,C22) -> Pembuatan Sarana & Prasarana | E22: Cuci Parit Sekunder (2X2) Parit Alam | F22: =SUM('SI TB CECT'!Q125:Q126) -> 59583909 | H22: =F22/46.1 -> 1292492.6 | N22: Jalan Pringgan / Ring | O22: =SUM('S1 TBM 1'!S218:S223) -> 0 | V22: Jembatan Permanen | W22: =SUM('S1 TBM 2'!Q237:Q248) -> 0 | AD22: Jalan Pringgan / Ring | AE22: =SUM('S1 TBM 3'!Q220:Q225) -> 1.5702897e+08
D23: =IF(C23="",D22,C23) -> Pembuatan Sarana & Prasarana | E23: Pembuatan Kontur Teras | F23: =SUM('SI TB SERAK'!Q124:Q126) -> 2.3208519e+08 | H23: =F23/11.1 -> 20908576 | N23: Jalan Liung | O23: =SUM('S1 TBM 1'!S224:S228) -> 0 | V23: Gorong-gorong 40 cm | W23: =SUM('S1 TBM 2'!Q252:Q254) -> 0 | AD23: Jalan Liung | AE23: =SUM('S1 TBM 3'!Q226:Q230) -> 31043155
D24: =IF(C24="",D23,C24) -> Pembuatan Sarana & Prasarana | E24: Pembuatan Pasar Pikul Mekanis | F24: =SUM('SI TB SERAK'!Q142) -> 0 | H24: =F24/51.1 -> 0 | N24: Jembatan Permanen | O24: =SUM('S1 TBM 1'!S237:S249) -> 0 | V24: Gorong-gorong 60 CM | W24: =SUM('S1 TBM 2'!Q255:Q257) -> 0 | AD24: Jembatan Permanen | AE24: =SUM('S1 TBM 3'!Q233:Q245) -> 2.5378344e+08
B25: 5 | C25: Tanam Kacangan | D25: =IF(C25="",D24,C25) -> Tanam Kacangan | E25: Penanaman Kacangan | F25: =SUM('SI TB CECT'!Q163:Q174) -> 5.9462617e+08 | G25: =SUM(F25:F32) -> 1.5079398e+09 | H25: =G25/A3 -> 7850582.1 | I25: =G25/G47*100 -> 14.656699 | N25: Gorong-gorong 40 cm | O25: =SUM('S1 TBM 1'!S253:S255) -> 0 | V25: Gorong-gorong 80 CM | W25: =SUM('S1 TBM 2'!Q258:Q260) -> 0 | AD25: Gorong-gorong 40 cm | AE25: =SUM('S1 TBM 3'!Q249:Q251) -> 8610502.6
D26: =IF(C26="",D25,C26) -> Tanam Kacangan | E26: Pembuatan Bedengan | F26: =SUM('SI TB CECT'!Q175:Q176) -> 21275591 | N26: Gorong-gorong 60 CM | O26: =SUM('S1 TBM 1'!S256:S258) -> 0 | T26: 6 | U26: Pengawetan Tanah | V26: Tapak Kuda | W26: =SUM('S1 TBM 2'!Q283) -> 0 | X26: =SUM(W26:W27) -> 0 | Y26: =X26/$A$3 -> 0 | Z26: =X26/X40*100 -> 0 | AD26: Gorong-gorong 60 CM | AE26: =SUM('S1 TBM 3'!Q252:Q254) -> 4572709.8
D27: =IF(C27="",D26,C27) -> Tanam Kacangan | E27: Perakitan Instalasi Air | F27: =SUM('SI TB CECT'!Q186:Q187) -> 6451237.9 | N27: Gorong-gorong 80 CM | O27: =SUM('S1 TBM 1'!S259:S261) -> 0 | V27: Tapak Timbun | W27: =SUM('S1 TBM 2'!Q284) -> 0 | AD27: Gorong-gorong 80 CM | AE27: =SUM('S1 TBM 3'!Q255:Q257) -> 3007163.9
D28: =IF(C28="",D27,C28) -> Tanam Kacangan | E28: Pemeliharaan Weeding Atas | F28: =SUM('SI TB CECT'!Q177) -> 8592229.4 | L28: 6 | M28: Pengawetan Tanah | N28: Tapak Kuda | O28: =SUM('S1 TBM 1'!S283:S283) -> 69138806 | P28: =SUM(O28:O29) -> 1.3827761e+08 | Q28: =P28/A3 -> 719895.93 | R28: =P28/P41*100 -> 7.7528616 | T28: 7 | U28: Pengendalian Hama dan Penyakit | V28: Hama Tikus | W28: =SUM('S1 TBM 2'!Q289:Q290) -> 52777414 | X28: =SUM(W28:W30) -> 1.8349378e+08 | Y28: =X28/$A$3 -> 955298.71 | Z28: =X28/X40*100 -> 7.6649934 | AB28: 6 | AC28: Pengawetan Tanah | AD28: Tapak Kuda | AE28: =SUM('S1 TBM 3'!Q277) -> 0 | AF28: =SUM(AE28:AE29) -> 0 | AG28: =AF28/$A$3 -> 0 | AH28: =AF28/AF42*100 -> 0
D29: =IF(C29="",D28,C29) -> Tanam Kacangan | E29: PHPT Insek | F29: =SUM('SI TB CECT'!Q178:Q181) -> 9179405.5 | N29: Tapak Timbun | O29: =SUM('S1 TBM 1'!S284:S284) -> 69138806 | V29: Hama Ulat Api | W29: =SUM('S1 TBM 2'!Q294:Q302) -> 2457942.9 | AD29: Tapak Timbun | AE29: =SUM('S1 TBM 3'!Q278) -> 0
D30: =IF(C30="",D29,C30) -> Tanam Kacangan | E30: PHPT Fungi | F30: =SUM('SI TB CECT'!Q182:Q184) -> 0 | L30: 7 | M30: Pengendalian Hama dan Penyakit | N30: Hama Tikus | O30: =SUM('S1 TBM 1'!S289:S290) -> 49610581 | P30: =SUM(O30:O32) -> 1.5914269e+08 | Q30: =P30/A3 -> 828522.97 | R30: =P30/P41*100 -> 8.9227117 | V30: Hama (Oryctes) | W30: =SUM('S1 TBM 2'!Q306:Q319) -> 1.2825842e+08 | AB30: 7 | AC30: Pengendalian Hama dan Penyakit | AD30: Hama Tikus | AE30: =SUM('S1 TBM 3'!Q283:Q284) -> 56147199 | AF30: =SUM(AE30:AE32) -> 3.3048236e+08 | AG30: =AF30/$A$3 -> 1720545.4 | AH30: =AF30/AF42*100 -> 8.245896
D31: =IF(C31="",D30,C31) -> Tanam Kacangan | E31: Penyiraman Bibit | F31: =SUM('SI TB CECT'!Q185) -> 8592229.4 | N31: Hama Ulat Api | O31: =SUM('S1 TBM 1'!S293:S301) -> 3448080.8 | T31: 8 | U31: Pemupukkan Kelapa Sawit | V31: Pemupukkan Hayati | W31: =SUM('S1 TBM 2'!Q330:Q338) -> 0 | X31: =SUM(W31:W37) -> 1.3090863e+09 | Y31: =X31/$A$3 -> 6815318.1 | Z31: =X31/X40*100 -> 54.683805 | AD31: Hama Ulat Api | AE31: =SUM('S1 TBM 3'!Q287:Q295) -> 2610849.2
D32: =IF(C32="",D31,C32) -> Tanam Kacangan | E32: Pemeliharaan Kacangan | F32: =SUM('SI TB CECT'!Q188) -> 8.5922294e+08 | N32: Hama (Oryctes) | O32: =SUM('S1 TBM 1'!S305:S316) -> 1.0608403e+08 | V32: Pemupukkan NPK 12-12-17-2+0,65B | W32: =SUM('S1 TBM 2'!Q350:Q358) -> 8.3571973e+08 | AD32: Hama (Oryctes) | AE32: =SUM('S1 TBM 3'!Q299:Q313) -> 2.7172431e+08
B33: 6 | C33: Pemupukkan Kacangan | D33: =IF(C33="",D32,C33) -> Pemupukkan Kacangan | E33: Pemupukkan NPK Granule & RP | F33: =SUM('SI TB CECT'!Q213:Q222) -> 1.4627326e+08 | G33: =SUM(F33:F33) -> 1.4627326e+08 | H33: =G33/A3 -> 761522.61 | I33: =G33/G47*100 -> 1.4217299 | L33: 8 | M33: Pemupukkan Kelapa Sawit | N33: Pemupukkan NPK 12-12-17-2+0,65B | O33: =SUM('S1 TBM 1'!S327:S335) -> 6.2589557e+08 | P33: =SUM(O33:O38) -> 7.6187485e+08 | Q33: =P33/A3 -> 3966445.5 | R33: =P33/P41*100 -> 42.716317 | V33: Pemupukkan Dolomite | W33: =SUM('S1 TBM 2'!Q340:Q348) -> 97842104 | AB33: 8 | AC33: Pemupukkan Kelapa Sawit | AD33: Pemupukkan Hayati | AE33: =SUM('S1 TBM 3'!Q324:Q332) -> 0 | AF33: =SUM(AE33:AE39) -> 1.9538038e+09 | AG33: =AF33/$A$3 -> 10171823 | AH33: =AF33/AF42*100 -> 48.749541
B34: 7 | C34: Angkutan Pupuk | D34: =IF(C34="",D33,C34) -> Angkutan Pupuk | E34: Angkutan Pupuk Intern | F34: =SUM('SI TB CECT'!Q227:Q229) -> 2172198.8 | G34: =SUM(F34:F35) -> 7207453.3 | H34: =G34/A3 -> 37523.185 | I34: =G34/G47*100 -> 0.070054169 | N34: Pemupukkan Dolomite | O34: =SUM('S1 TBM 1'!S337:S345) -> 1.0424336e+08 | V34: Pemupukkan Borate | W34: =SUM('S1 TBM 2'!Q360:Q368) -> 30016684 | AD34: Pemupukkan NPK 12-12-17-2+0,65B | AE34: =SUM('S1 TBM 3'!Q344:Q352) -> 1.0299211e+09
D35: =IF(C35="",D34,C35) -> Angkutan Pupuk | E35: Angkutan Pupuk Ekstern | F35: =SUM('SI TB CECT'!Q230:Q231) -> 5035254.5 | N35: Pemupukkan Borate | O35: =SUM('S1 TBM 1'!S347:S355) -> 19029669 | V35: Janjang Kosong | W35: =SUM('S1 TBM 2'!Q370:Q374) -> 3.2647469e+08 | AD35: Pemupukkan Dolomite | AE35: =SUM('S1 TBM 3'!Q334:Q342) -> 1.293058e+08
B36: 8 | C36: Tanam Pokok Sawit | D36: =IF(C36="",D35,C36) -> Tanam Pokok Sawit | E36: Memancang | F36: =SUM('SI TB CECT'!Q235:Q236) -> 88665196 | G36: =SUM(F36:F38) -> 2.1125503e+09 | H36: =G36/A3 -> 10998283 | I36: =G36/G47*100 -> 20.533321 | N36: Janjang Kosong | O36: =SUM('S1 TBM 1'!S357:S361) -> 0 | V36: Pengangkutan Pupuk Intern | W36: =SUM('S1 TBM 2'!Q378:Q380) -> 13681341 | AD36: Pemupukkan Borate | AE36: =SUM('S1 TBM 3'!Q354:Q362) -> 31080141
D37: =IF(C37="",D36,C37) -> Tanam Pokok Sawit | E37: Pupuk Lubang Tanam | F37: =SUM('SI TB CECT'!Q237:Q245) -> 4.1602438e+08 | N37: Pengangkutan Pupuk Intern | O37: =SUM('S1 TBM 1'!S365:S367) -> 9070148.2 | V37: Pengangkutan Pupuk Ekstern | W37: =SUM('S1 TBM 2'!Q381) -> 5351748.9 | AD37: Janjang Kosong | AE37: =SUM('S1 TBM 3'!Q364:Q368) -> 7.3614578e+08
D38: =IF(C38="",D37,C38) -> Tanam Pokok Sawit | E38: Penanaman Kelapa Sawit | F38: =SUM('SI TB CECT'!Q246:Q250) -> 1.6078607e+09 | N38: Pengangkutan Pupuk Ekstern | O38: =SUM('S1 TBM 1'!S368) -> 3636098.3 | T38: 9 | U38: Pengawasan dan Administrasi | V38: Pengawasan | W38: =SUM('S1 TBM 2'!Q395:Q397) -> 81200874 | X38: =SUM(W38:W39) -> 1.0496116e+08 | Y38: =X38/$A$3 -> 546445.04 | Z38: =X38/X40*100 -> 4.38449 | AD38: Pengangkutan Pupuk Intern | AE38: =SUM('S1 TBM 3'!Q372:Q374) -> 19796360
B39: 9 | C39: Pemupukkan Kelapa Sawit | D39: =IF(C39="",D38,C39) -> Pemupukkan Kelapa Sawit | E39: Pemupukkan Urea | F39: =SUM('SI TB CECT'!Q277:Q285) -> 31464495 | G39: =SUM(F39) -> 31464495 | H39: =G39/A3 -> 163809.32 | I39: =G39/G47*100 -> 0.30582495 | L39: 9 | M39: Pengawasan dan Administrasi | N39: Pengawasan | O39: =SUM('S1 TBM 1'!S382:S384) -> 76288368 | P39: =SUM(O39:O40) -> 98655766 | Q39: =P39/A3 -> 513618.11 | R39: =P39/P41*100 -> 5.5313691 | V39: Administrasi | W39: =SUM('S1 TBM 2'!Q398:Q399) -> 23760290 | AD39: Pengangkutan Pupuk Ekstern | AE39: =SUM('S1 TBM 3'!Q375) -> 7554675.1
B40: 10 | C40: Pemeliharaan Pokok Sawit | D40: =IF(C40="",D39,C40) -> Pemeliharaan Pokok Sawit | E40: PHPT Tikus | F40: =SUM('SI TB CECT'!Q257:Q258) -> 28644916 | G40: =SUM(F40:F44) -> 55106910 | H40: =G40/A3 -> 286895.62 | I40: =G40/G47*100 -> 0.53562176 | N40: Administrasi | O40: =SUM('S1 TBM 1'!S385:S386) -> 22367398 | T40: Total | X40: =SUM(X5:X39) -> 2.3939196e+09 | AB40: 9 | AC40: Pengawasan dan Administrasi | AD40: Pengawasan | AE40: =SUM('S1 TBM 3'!Q389:Q391) -> 86430380 | AF40: =SUM(AE40:AE41) -> 1.1167105e+08 | AG40: =AF40/$A$3 -> 581377.81 | AH40: =AF40/AF42*100 -> 2.7863148
D41: =IF(C41="",D40,C41) -> Pemeliharaan Pokok Sawit | E41: PHPT Kumbang Tanduk | F41: =SUM('SI TB CECT'!Q259:Q263) -> 500000 | L41: Total | P41: =SUM(P5:P40) -> 1.7835687e+09 | T41: Rp/HA | X41: =X40/$A$3 -> 12463138 | AD41: Administrasi | AE41: =SUM('S1 TBM 3'!Q392:Q393) -> 25240670
D42: =IF(C42="",D41,C42) -> Pemeliharaan Pokok Sawit | E42: Buat Piringan | F42: =SUM('SI TB CECT'!Q272) -> 0 | L42: Rp/HA | P42: =P41/$A$3 -> 9285551.2 | AB42: Total | AF42: =SUM(AF5:AF41) -> 4.0078404e+09
D43: =IF(C43="",D42,C43) -> Pemeliharaan Pokok Sawit | E43: Ganoderma | F43: =SUM('SI TB CECT'!Q264:Q266) -> 5034454.6 | AB43: Rp/HA | AF43: =AF42/$A$3 -> 20865475
D44: =IF(C44="",D43,C44) -> Pemeliharaan Pokok Sawit | E44: Konsolidasi Pokok | F44: =SUM('SI TB CECT'!Q270:Q271) -> 20927540
B45: 11 | C45: Pengawasan & Administrasi | D45: =IF(C45="",D44,C45) -> Pengawasan & Administrasi | E45: Pengawasan | F45: =SUM('SI TB CECT'!Q325:Q327) -> 2.5484164e+08 | G45: =SUM(F45:F46) -> 3.2745181e+08 | H45: =G45/A3 -> 1704767.8 | I45: =G45/G47*100 -> 3.1827281
D46: =IF(C46="",D45,C46) -> Pengawasan & Administrasi | E46: Administrasi | F46: =SUM('SI TB CECT'!Q328:Q329) -> 72610168
B47: Total | G47: =SUM(G7:G46) -> 1.02884e+10
B48: Rp/HA | G48: =G47/$A$3 -> 53563100

Sheet SI TB CECT
C1: CECT: | D1: 140.98 | E1: RENCANA BIAYA REPLANTING TANAM BARU DENGAN CECT
C2: Total: | D2: 192.08
B3: Pekerjaan | F3: Material | H3: Rotasi APD | J3: TB/LC | P3: 2026 | R3: 2026 | T3: 2027 | V3: Rata-rata | X3: Keterangan | Y3: BIAYA/HA | Z3: Biaya/pkk | AA3: Rp/Ha | AB3: (%)
F4: Jenis | G4: Sat | J4: Sat | K4: Vol | M4: Norma | N4: Rotasi | O4: Jumlah Unit | P4: Rp Sat | Q4: Jumlah RP | R4: Rp Sat | S4: Jumlah RP | T4: Rp Sat | U4: Jumlah RP | V4: Rp Sat | W4: Jumlah RP
K5: % | L5: Luas/Mtr/Pkk/Unit
B6: PEMBUKAAN LAHAN
C7: IMAS,TUMBANG, PERUN
D8: Identifikasi Blok | F8: Upah PHL | G8: HK | J8: Ha | K8: 1 | L8: 140.98 | M8: 0.25 | N8: 1 | O8: =K8*L8*M8*N8 -> 35.245 | P8: 149108.52 | Q8: =P8*$O8 -> 5255329.8 | R8: 149108.52 | S8: =R8*$O8 -> 5255329.8 | T8: 158800.57 | U8: =T8*$O8 -> 5596926.2 | V8: =W8/O8 -> 152339.2 | W8: =AVERAGEIF($P$4:$U$4,W$4,$P8:$U8) -> 5369195.3 | AA8: =Q8/$D$1 -> 37277.13
F9: Cat | G9: Kg | N9: 1
F10: Kuas | G10: Buah | N10: 1
F11: Kompas | G11: Buah | M11: 0.0007 | N11: 1
F12: GPS | G12: Buah | M12: 0.0013 | N12: 1
D13: Imas | E13: Hutan Primer | F13: Upah PHL | G13: HK | M13: 10 | N13: 1 | X13: Vol sesuai kondisi
E14: Hutan Sekunder | F14: Upah PHL | G14: HK | M14: 10 | N14: 1
E15: Semak Belukar | F15: Upah PHL | G15: HK
D16: Tumbang | E16: Hutan Primer | F16: Upah PHL | G16: HK | M16: 20 | N16: 1 | X16: Vol sesuai kondisi
E17: Hutan Sekunder | F17: Upah PHL | G17: HK | M17: 12 | N17: 1
D18: Cincang | E18: Hutan Primer | F18: Upah PHL | G18: HK
E19: Hutan Sekunder | F19: Upah PHL | G19: HK
D20: Perun Mekanis | E20: Hutan Primer | F20: Buldozer 1 | G20: HM | M20: 6 | N20: 1 | X20: Vol sesuai kondisi
E21: Hutan Sekunder | F21: Buldozer 1 | G21: HM | M21: 5 | N21: 1
E22: Semak Belukar | F22: Buldozer 1 | G22: HM | M22: 4 | N22: 1
D23: Pengolahan Tanah (Ripping) | F23: Buldozer 1 | G23: HM | J23: HM/Ha | K23: 1 | L23: =D1*(1-0.12) -> 124.0624 | M23: =2.85*2 -> 5.7 | N23: 1 | O23: =K23*L23*M23*N23 -> 707.15568 | P23: 1051433.7 | Q23: =P23*$O23 -> 7.435273e+08 | R23: 1051433.7 | S23: =R23*$O23 -> 7.435273e+08 | T23: 1113470.8 | U23: =T23*$O23 -> 7.8739718e+08 | V23: =W23/O23 -> 1072112.7 | W23: =AVERAGEIF($P$4:$U$4,W$4,$P23:$U23) -> 7.5815059e+08 | X23: 3 HM/HA Penggemburan Tanah dan Pemutusan Akar, total rupiah sudah termasuk harga sewa alat dan BBM | Y23: =Q23/L23 -> 5993172 | AA23: =(Q23+Q24+Q25)/35.245 -> 23411403 | AD23: =92518125/35.245 -> 2625000
F24: Upah PHL | G24: HK | J24: Ha | K24: 1 | L24: =O23/10 -> 70.715568 | M24: =3*2 -> 6 | N24: 1 | O24: =K24*L24*M24*N24 -> 424.29341 | P24: 149108.52 | Q24: =P24*$O24 -> 63265762 | X24: Waker Alat
F25: Angkutan Material | G25: RIT | K25: 1 | L25: =(O23*25)/400 -> 44.19723 | M25: 2 | N25: 1 | O25: =K25*L25*M25*N25 -> 88.39446 | P25: 207500 | Q25: =P25*$O25 -> 18341850 | X25: Angkut BBM
D26: Tumbang Chipping
E27: Pancang Chiping | F27: Upah PHL | G27: HK | J27: Ha | K27: 1 | L27: 140.98 | M27: 1 | N27: 1 | O27: =K27*L27*M27*N27 -> 140.98 | P27: 149108.52 | Q27: =P27*$O27 -> 21021319 | R27: 149108.52 | S27: =R27*$O27 -> 21021319 | T27: 158800.57 | U27: =T27*$O27 -> 22387705 | V27: =W27/O27 -> 152339.2 | W27: =AVERAGEIF($P$4:$U$4,W$4,$P27:$U27) -> 21476781 | X27: Pemancangan Titik Rumpuk Hasil Chippingan | AA27: =Q27/$D$1 -> 149108.52
E28: Tumbang Chiping | F28: Excavator 1 | G28: HM | J28: HM/Ha | K28: 1 | L28: 140.98 | M28: 10.8 | N28: 1 | O28: =K28*L28*M28*N28 -> 1522.584 | P28: 720338.07 | Q28: =P28*$O28 -> 1.0967752e+09 | R28: 720338.07 | S28: =R28*$O28 -> 1.0967752e+09 | T28: 761671.7 | U28: =T28*$O28 -> 1.1597091e+09 | V28: =W28/O28 -> 734115.95 | W28: =AVERAGEIF($P$4:$U$4,W$4,$P28:$U28) -> 1.1177532e+09 | X28: 12 Pokok/HM, Total rupiah sudah termasuk harga sewa alat dan BBM | Y28: =Q28/192.08 -> 5709991.8 | Z28: =Y28/122 -> 46803.211 | AA28: =Q28/$D$1 -> 7779651.2 | AD28: =AA28/136 -> 57203.318
F29: Upah PHL | G29: HK | J29: Ha | K29: 1 | L29: =O28/10 -> 152.2584 | M29: =3*4 -> 12 | N29: 1 | O29: =K29*L29*M29*N29 -> 1827.1008 | P29: 149108.52 | Q29: =P29*$O29 -> 2.724363e+08 | X29: Waker Alat 4 Orang, 2 Alat | AA29: =Q29/$D$1 -> 1932446.4
F30: Angkutan Material | G30: RIT | K30: 0 | L30: =(O28*18)/400 -> 68.51628 | M30: 2 | N30: 1 | O30: =K30*L30*M30*N30 -> 0 | P30: 207500 | Q30: =P30*$O30 -> 0 | X30: Angkut Solar
E31: Aplikasi Metharizium | F31: Upah PHL | G31: HK | J31: Ha | K31: 0 | L31: 140.98 | M31: 0.5 | N31: 1 | O31: =K31*L31*M31*N31 -> 0 | P31: 149108.52 | Q31: =P31*$O31 -> 0 | AA31: =Q31/35.245 -> 0
F32: Metharizium | G32: Kg | J32: Kg | K32: 0 | L32: 140.98 | M32: 24 | N32: 1 | O32: =K32*L32*M32*N32 -> 0 | P32: 70350 | Q32: =P32*$O32 -> 0 | R32: 70350 | S32: =R32*$O32 -> 0 | T32: 73867.5 | U32: =T32*$O32 -> 0 | V32: =W32/O32 -> #DIV/0! | W32: =AVERAGEIF($P$4:$U$4,W$4,$P32:$U32) -> 0 | AA32: =Q32/35.245 -> 0
D33: Parit CECT | F33: Excavator 1 | G33: HM | J33: HM/Ha | K33: 1 | L33: 140.98 | M33: 8.5 | N33: 1 | O33: =K33*L33*M33*N33 -> 1198.33 | P33: 720338.07 | Q33: =P33*$O33 -> 8.6320272e+08 | X33: Total rupiah sudah termasuk harga sewa alat, dan BBM | AA33: =Q33/$D$1 -> 6122873.6 | AE33: =AB33/600 -> 0
F34: Upah PHL | G34: HK | J34: Ha | K34: 1 | L34: =O33/10 -> 119.833 | M34: =3*2 -> 6 | N34: 1 | O34: =K34*L34*M34*N34 -> 718.998 | P34: 149108.52 | Q34: =P34*$O34 -> 1.0720873e+08 | X34: Waker Alat | AA34: =Q34/$D$1 -> 760453.45
F35: Angkutan Material | G35: RIT | J35: RIT | K35: 0 | L35: =(O33*18)/400 -> 53.92485 | M35: 2 | N35: 1 | O35: =K35*L35*M35*N35 -> 0 | P35: 207500 | Q35: =P35*$O35 -> 0 | X35: Angkut Solar | AA35: =Q35/$D$1 -> 0
D36: Tutup Lubang CECT dan Perataan Tanah | F36: Excavator 1 | G36: HM | J36: HM/Ha | K36: 1 | L36: 140.98 | M36: =600/60 -> 10 | N36: 1 | O36: =K36*L36*M36*N36 -> 1409.8 | P36: 720338.07 | Q36: =P36*$O36 -> 1.0155326e+09 | R36: 720338.07 | S36: =R36*$O36 -> 1.0155326e+09 | T36: 761671.7 | U36: =T36*$O36 -> 1.0738048e+09 | V36: =W36/O36 -> 734115.95 | W36: =AVERAGEIF($P$4:$U$4,W$4,$P36:$U36) -> 1.0349567e+09 | X36: Total rupiah sudah termasuk harga sewa alat, dan BBM | AA36: =Q36/$D$1 -> 7203380.7 | AE36: =AA36/600 -> 12005.635
F37: Upah PHL | G37: HK | J37: Ha | K37: 1 | L37: =O36/10 -> 140.98 | M37: =3*2 -> 6 | N37: 1 | O37: =K37*L37*M37*N37 -> 845.88 | P37: 149108.52 | Q37: =P37*$O37 -> 1.2612791e+08 | X37: Waker Alat 2 Orang | AA37: =Q37/$D$1 -> 894651.12
F38: Angkutan Material | G38: RIT | J38: RIT | K38: 0 | L38: =(O36*18)/400 -> 63.441 | M38: 2 | N38: 1 | O38: =K38*L38*M38*N38 -> 0 | P38: 207500 | Q38: =P38*$O38 -> 0 | X38: Angkut Solar
D39: Lubang Tanam Mekanis/Auger
E40: Pancang Kepala | F40: Upah PHL | G40: HK | K40: 1 | L40: =140.98 -> 140.98 | M40: 0.25 | N40: 1 | O40: =K40*L40*M40*N40 -> 35.245 | P40: 149108.52 | Q40: =P40*$O40 -> 5255329.8 | R40: 149108.52 | S40: =R40*$O40 -> 5255329.8 | T40: 158800.57 | U40: =T40*$O40 -> 5596926.2 | V40: =W40/O40 -> 152339.2 | W40: =AVERAGEIF($P$4:$U$4,W$4,$P40:$U40) -> 5369195.3 | X40: Pancang Kepala 1 HK = 4 HA | Y40: =Q40/L40 -> 37277.13 | AA40: =Q40/$D$1 -> 37277.13
E41: Lubang Tanah Mekanis/Auger | F41: Excavator 1 | G41: HM | J41: HM/Ha | K41: 1 | L41: 140.98 | M41: 1.45 | N41: 1 | O41: =K41*L41*M41*N41 -> 204.421 | P41: 720338.07 | Q41: =P41*$O41 -> 1.4725223e+08 | R41: 720338.07 | S41: =R41*$O41 -> 1.4725223e+08 | T41: 761671.7 | U41: =T41*$O41 -> 1.5570169e+08 | V41: =W41/O41 -> 734115.95 | W41: =AVERAGEIF($P$4:$U$4,W$4,$P41:$U41) -> 1.5006872e+08 | X41: 94 Lubang/1HM = 940 Lubang/10 HM/Hari | Y41: =Q41/192.08 -> 766619.27 | AA41: =Q41/$D$1 -> 1044490.2
F42: Upah PHL | G42: HK | J42: Ha | K42: 1 | L42: =O41/10 -> 20.4421 | M42: =3*2 -> 6 | N42: 1 | O42: =K42*L42*M42*N42 -> 122.6526 | P42: 149108.52 | Q42: =P42*$O42 -> 18288548 | X42: Waker Alat 2 Orang | AA42: =Q42/$D$1 -> 129724.41
F43: Angkutan Material | G43: RIT | J43: RIT | K43: 0 | L43: =(O41*18)/400 -> 9.198945 | M43: 2 | N43: 1 | O43: =K43*L43*M43*N43 -> 0 | P43: 207500 | Q43: =P43*$O43 -> 0 | X43: Angkut Solar | AA43: =Q43/140.98 -> 0
D44: Pemberantasan Lalang dan Gulma Lainnya | F44: Upah PHL | G44: HK | J44: Ha | K44: 1 | L44: 192.08 | M44: 1.5 | N44: 1 | O44: =K44*L44*M44*N44 -> 288.12 | P44: 149108.52 | Q44: =P44*$O44 -> 42961147 | R44: 149108.52 | S44: =R44*$O44 -> 42961147 | T44: 158800.57 | U44: =T44*$O44 -> 45753621 | V44: =W44/O44 -> 152339.2 | W44: =AVERAGEIF($P$4:$U$4,W$4,$P44:$U44) -> 43891972 | AA44: =Q44/$D$2 -> 223662.78
F45: Sprayer (Inter) | G45: Buah | J45: Ha | K45: 1 | L45: 192.08 | M45: 0.031 | N45: 1 | O45: =K45*L45*M45*N45 -> 5.95448 | P45: 1434791.9 | Q45: =P45*$O45 -> 8543439.8 | R45: 1434791.9 | S45: =R45*$O45 -> 8543439.8 | T45: 1506531.5 | U45: =T45*$O45 -> 8970611.8 | V45: =W45/O45 -> 1458705.1 | W45: =AVERAGEIF($P$4:$U$4,W$4,$P45:$U45) -> 8685830.5 | AA45: =Q45/$D$2 -> 44478.55
F46: Glyphosate | G46: Liter | J46: Ha | K46: 0.235 | L46: 192.08 | M46: 0.9 | N46: 1 | O46: =K46*L46*M46*N46 -> 40.62492 | P46: 35343 | Q46: =P46*$O46 -> 1435806.5 | AA46: =Q46/$D$2 -> 7475.0445
F47: Metil Metsulfuron | G47: Kg | J47: Ha | K47: 0.74 | L47: 192.08 | M47: 0.036 | N47: 1 | O47: =K47*L47*M47*N47 -> 5.1170112 | P47: 96390 | Q47: =P47*$O47 -> 493228.71 | R47: 96390 | S47: =R47*$O47 -> 493228.71 | T47: 101209.5 | U47: =T47*$O47 -> 517890.15 | V47: =W47/O47 -> 97996.5 | W47: =AVERAGEIF($P$4:$U$4,W$4,$P47:$U47) -> 501449.19 | AA47: =Q47/$D$2 -> 2567.8296
F48: Parakuat | G48: Liter | J48: Ha | K48: 0.5 | L48: 192.08 | M48: 0.9 | N48: 1 | O48: =K48*L48*M48*N48 -> 86.436 | P48: 28381.5 | Q48: =P48*$O48 -> 2453183.3 | R48: 28381.5 | S48: =R48*$O48 -> 2453183.3 | T48: 29800.575 | U48: =T48*$O48 -> 2575842.5 | V48: =W48/O48 -> 28854.525 | W48: =AVERAGEIF($P$4:$U$4,W$4,$P48:$U48) -> 2494069.7 | AA48: =Q48/$D$2 -> 12771.675
F49: Perekat | G49: Liter | J49: Ha | K49: 0.74 | L49: 192.08 | M49: 0.27 | N49: 1 | O49: =K49*L49*M49*N49 -> 38.377584 | P49: 44982 | Q49: =P49*$O49 -> 1726300.5 | R49: 44982 | S49: =R49*$O49 -> 1726300.5 | T49: 47231.1 | U49: =T49*$O49 -> 1812615.5 | V49: =W49/O49 -> 45731.7 | W49: =AVERAGEIF($P$4:$U$4,W$4,$P49:$U49) -> 1755072.2 | AA49: =Q49/$D$2 -> 8987.4036
F50: Premi Extra Fooding | G50: HK | J50: Ha | K50: 1 | L50: 192.08 | M50: =M44 -> 1.5 | N50: 1 | O50: =K50*L50*M50*N50 -> 288.12 | P50: 3940.5 | Q50: =P50*$O50 -> 1135336.9 | R50: 3940.5 | S50: =R50*$O50 -> 1135336.9 | T50: 4196.6325 | U50: =T50*$O50 -> 1209133.8 | V50: =W50/O50 -> 4025.8775 | W50: =AVERAGEIF($P$4:$U$4,W$4,$P50:$U50) -> 1159935.8 | AA50: =Q50/$D$2 -> 5910.75
F51: Celemek | G51: Buah | H51: 4 | I51: X | J51: Ha | K51: 1 | L51: 192.08 | M51: =((M$44*N$44)/240*($H51/N51)) -> 0.025 | N51: 1 | O51: =K51*L51*M51*N51 -> 4.802 | P51: 44982 | Q51: =P51*$O51 -> 216003.56 | R51: 44982 | S51: =R51*$O51 -> 216003.56 | T51: 47231.1 | U51: =T51*$O51 -> 226803.74 | V51: =W51/O51 -> 45731.7 | W51: =AVERAGEIF($P$4:$U$4,W$4,$P51:$U51) -> 219603.62 | AA51: =Q51/$D$2 -> 1124.55
F52: Masker Chemical | G52: Buah | H52: 12 | I52: X | J52: Ha | K52: 1 | L52: 192.08 | M52: =((M$44*N$44)/240*($H52/N52)) -> 0.075 | N52: 1 | O52: =K52*L52*M52*N52 -> 14.406 | P52: 14700 | Q52: =P52*$O52 -> 211768.2 | R52: 14700 | S52: =R52*$O52 -> 211768.2 | T52: 15435 | U52: =T52*$O52 -> 222356.61 | V52: =W52/O52 -> 14945 | W52: =AVERAGEIF($P$4:$U$4,W$4,$P52:$U52) -> 215297.67 | AA52: =Q52/$D$2 -> 1102.5
F53: Kaca mata | G53: Buah | H53: 1 | I53: X | J53: Ha | K53: 1 | L53: 192.08 | M53: =((M$44*N$44)/240*($H53/N53)) -> 0.00625 | N53: 1 | O53: =K53*L53*M53*N53 -> 1.2005 | P53: 39359.25 | Q53: =P53*$O53 -> 47250.78 | R53: 39359.25 | S53: =R53*$O53 -> 47250.78 | T53: 41327.213 | U53: =T53*$O53 -> 49613.319 | V53: =W53/O53 -> 40015.238 | W53: =AVERAGEIF($P$4:$U$4,W$4,$P53:$U53) -> 48038.293 | AA53: =Q53/$D$2 -> 245.99531
F54: Sarung Tangan Karet | G54: Buah | H54: 2 | I54: X | J54: Ha | K54: 1 | L54: 192.08 | M54: =((M$44*N$44)/240*($H54/N54)) -> 0.0125 | N54: 1 | O54: =K54*L54*M54*N54 -> 2.401 | P54: 33736.5 | Q54: =P54*$O54 -> 81001.337 | R54: 33736.5 | S54: =R54*$O54 -> 81001.337 | T54: 35423.325 | U54: =T54*$O54 -> 85051.403 | V54: =W54/O54 -> 34298.775 | W54: =AVERAGEIF($P$4:$U$4,W$4,$P54:$U54) -> 82351.359 | AA54: =Q54/$D$2 -> 421.70625
F55: Sepatu Boots | G55: Buah | H55: 1 | I55: X | J55: Ha | K55: 1 | L55: 192.08 | M55: =((M$44*N$44)/240*($H55/N55)) -> 0.00625 | N55: 1 | O55: =K55*L55*M55*N55 -> 1.2005 | P55: 89964 | Q55: =P55*$O55 -> 108001.78 | R55: 89964 | S55: =R55*$O55 -> 108001.78 | T55: 94462.2 | U55: =T55*$O55 -> 113401.87 | V55: =W55/O55 -> 91463.4 | W55: =AVERAGEIF($P$4:$U$4,W$4,$P55:$U55) -> 109801.81 | AA55: =Q55/$D$2 -> 562.275
E56: Transportasi Air | F56: TUS 1 | G56: RIT | J56: Ha | K56: 1 | L56: 192.08 | M56: 0.27 | N56: 1 | O56: =K56*L56*M56*N56 -> 51.8616 | P56: =200000 -> 200000 | Q56: =P56*$O56 -> 10372320 | R56: 69295.8 | S56: =R56*$O56 -> 3593791.1 | T56: 72760.59 | U56: =T56*$O56 -> 3773480.6 | V56: =W56/O56 -> 114018.8 | W56: =AVERAGEIF($P$4:$U$4,W$4,$P56:$U56) -> 5913197.2 | AA56: =Q56/$D$2 -> 54000
C57: Penyemprotan Pasar Rintis | F57: Upah PHL | G57: HK | J57: Ha | K57: 1 | L57: 140.98 | M57: 0.25 | N57: 1 | O57: =K57*L57*M57*N57 -> 35.245 | P57: 149108.52 | Q57: =P57*$O57 -> 5255329.8 | AA57: =Q57/$D$1 -> 37277.13
F58: Premi Extra Fooding | G58: HK | J58: Ha | K58: 1 | L58: 140.98 | M58: 0.25 | N58: 1 | O58: =K58*L58*M58*N58 -> 35.245 | P58: 3940.5 | Q58: =P58*$O58 -> 138882.92 | AA58: =Q58/$D$1 -> 985.125
F59: Perekat | G59: Liter | J59: Ha | K59: 1 | L59: 140.98 | M59: 0.005 | N59: 1 | O59: =K59*L59*M59*N59 -> 0.7049 | P59: 44982 | Q59: =P59*$O59 -> 31707.812 | AA59: =Q59/$D$1 -> 224.91
F60: Becano | G60: Liter | J60: Ha | K60: 1 | L60: 140.98 | M60: =300/1000 -> 0.3 | N60: 1 | O60: =K60*L60*M60*N60 -> 42.294 | P60: 1606500 | Q60: =P60*$O60 -> 67945311 | AA60: =Q60/$D$1 -> 481950
F61: Sprayer (Inter) | G61: Buah | J61: Ha | K61: 1 | L61: 140.98 | M61: 0.001 | N61: 1 | O61: =K61*L61*M61*N61 -> 0.14098 | P61: 1434791.9 | Q61: =P61*$O61 -> 202276.97 | AA61: =Q61/$D$1 -> 1434.7919
F62: Celemek | G62: Buah | J62: Ha | K62: 1 | L62: 140.98 | M62: 0.0042 | N62: 1 | O62: =K62*L62*M62*N62 -> 0.592116 | P62: 44982 | Q62: =P62*$O62 -> 26634.562 | AA62: =Q62/$D$1 -> 188.9244
F63: Masker Chemical | G63: Buah | J63: Ha | K63: 1 | L63: 140.98 | M63: 0.0125 | N63: 1 | O63: =K63*L63*M63*N63 -> 1.76225 | P63: 14700 | Q63: =P63*$O63 -> 25905.075 | AA63: =Q63/$D$1 -> 183.75
F64: Kaca mata | G64: Buah | J64: Ha | K64: 1 | L64: 140.98 | M64: 0.001 | N64: 1 | O64: =K64*L64*M64*N64 -> 0.14098 | P64: 39359.25 | Q64: =P64*$O64 -> 5548.8671 | AA64: =Q64/$D$1 -> 39.35925
F65: Sarung Tangan Karet | G65: Buah | J65: Ha | K65: 1 | L65: 140.98 | M65: 0.0021 | N65: 1 | O65: =K65*L65*M65*N65 -> 0.296058 | P65: 33736.5 | Q65: =P65*$O65 -> 9987.9607 | AA65: =Q65/$D$1 -> 70.84665
F66: Sepatu Boots | G66: Pasang | J66: Ha | K66: 1 | L66: 140.98 | M66: 0.001 | N66: 1 | O66: =K66*L66*M66*N66 -> 0.14098 | P66: 89964 | Q66: =P66*$O66 -> 12683.125 | AA66: =Q66/$D$1 -> 89.964
F67: TUS 1 | G67: RIT | J67: Ha | K67: 1 | L67: 140.98 | M67: 0.27 | N67: 1 | O67: =K67*L67*M67*N67 -> 38.0646 | P67: 69295.8 | Q67: =P67*$O67 -> 2637716.9 | AA67: =Q67/$D$1 -> 18709.866
D68: Pemadatan Tanah | F68: Upah PHL | G68: HK
F69: Excavator 1 | G69: HM
D70: Pembersihan Jalur Tanam | F70: Upah PHL | G70: HK
F71: Excavator 1 | G71: HM
D72: Biaya Lainnya / Survey | F72: Upah PHL | G72: HK | M72: 0.5 | N72: 1
F73: Meteran | G73: Buah | M73: 0.004 | N73: 1
F74: GPS | G74: Buah
D75: SUB JUMLAH IMAS TUMBANG PERUN | Q75: =SUM(Q8:Q74) -> 4.6495679e+09 | AA75: =Q75/$D$1 -> 32980337 | AB75: =Q75/$Q$332*100 -> 51.996369
B76: PEMBUATAN SARANA PRASARANA
C77: PEMBUATAN JALAN
D78: Pembuatan Jalan Utama | F78: Upah PHL | G78: HK
F79: Buldozer 1 | G79: HM | M79: =30/1000 -> 0.03 | N79: 1
F80: Greader 1 | G80: HM | M80: =12/1000 -> 0.012 | N80: 1
D81: Pembuatan Jalan Produksi | F81: Upah PHL | G81: HK
F82: Buldozer 1 | G82: HM | M82: 0.024 | N82: 1
F83: Greader 1 | G83: HM | M83: 0.009 | N83: 1
D84: Pembuatan Jalan Koleksi | F84: Upah PHL | G84: HK
F85: Buldozer 1 | G85: HM | M85: 0.02 | N85: 1
F86: Greader 1 | G86: HM | M86: 0.07 | N86: 1
D87: Pembuatan Jalan Pringgan | F87: Upah PHL | G87: HK
F88: Buldozer 1 | G88: HM | M88: 0.02 | N88: 1
F89: Greader 1 | G89: HM | M89: 0.007 | N89: 1
B90: SUB JUMLAH PEMBUATAN JALAN | Q90: =SUM(Q78:Q89) -> 0
C91: PEMBUATAN JEMBATAN
D92: Jembatan Permanen s/d 3 Mtr | F92: Upah PHL | G92: HK
F93: Bahan Jembatan Permanen 1 | G93: Unit
F94: TLB 1 | G94: HM
D95: Jembatan Permanen 4-6 Mtr | F95: Upah PHL | G95: HK
F96: Bahan Jembatan Permanen 2 | G96: Unit
F97: TLB 1 | G97: HM
D98: Jembatan Permanen 6-9 mtr | F98: Upah PHL | G98: HK
F99: Bahan Jembatan Permanen 3 | G99: Unit
F100: TLB 1 | G100: HM
...

Sheet SI TB SERAK
D1: Serak : | E1: 51.1 | F1: RENCANA BIAYA REPLANTING TANAM BARU DENGAN CIPPING SERAK DAN TERAS BERSAMBUNG
B2: Pekerjaan | F2: Material | H2: Rotasi APD | J2: TB/LC | P2: 2026 | R2: 2026 | T2: 2027 | V2: Rata-rata | X2: Keterangan | Y2: BIAYA/HA | Z2: Biaya/pkk | AA2: Rp/Ha | AB2: (%)
F3: Jenis | G3: Sat | J3: Sat | K3: Vol | M3: Norma | N3: Rotasi | O3: Jumlah Unit | P3: Rp Sat | Q3: Jumlah RP | R3: Rp Sat | S3: Jumlah RP | T3: Rp Sat | U3: Jumlah RP | V3: Rp Sat | W3: Jumlah RP
K4: % | L4: Luas/Mtr/Pkk/Unit
B5: PEMBUKAAN LAHAN
C6: IMAS,TUMBANG, PERUN
D7: Identifikasi Blok | F7: Upah PHL | G7: HK | J7: Ha | K7: 1 | L7: 51.1 | M7: 0.25 | N7: 1 | O7: =K7*L7*M7*N7 -> 12.775 | P7: 149108.52 | Q7: =P7*$O7 -> 1904861.3 | R7: 149108.52 | S7: =R7*$O7 -> 1904861.3 | T7: 158800.57 | U7: =T7*$O7 -> 2028677.3 | V7: =W7/O7 -> 152339.2 | W7: =AVERAGEIF($P$3:$U$3,W$3,$P7:$U7) -> 1946133.3 | AA7: =Q7/$E$1 -> 37277.13
F8: Cat | G8: Kg | N8: 1 | P8: 69079.5 | AA8: =Q8/L8 -> #DIV/0!
F9: Kuas | G9: Buah | N9: 1 | P9: 0 | AA9: =Q9/L9 -> #DIV/0!
F10: Kompas | G10: Buah | M10: 0.0007 | N10: 1 | P10: 0 | AA10: =Q10/L10 -> #DIV/0!
F11: GPS | G11: Buah | M11: 0.0013 | N11: 1 | P11: 0 | AA11: =Q11/L11 -> #DIV/0!
D12: Imas | E12: Hutan Primer | F12: Upah PHL | G12: HK | M12: 10 | N12: 1 | P12: 149108.52 | X12: Vol sesuai kondisi | AA12: =Q12/L12 -> #DIV/0!
E13: Hutan Sekunder | F13: Upah PHL | G13: HK | M13: 10 | N13: 1 | P13: 149108.52 | AA13: =Q13/L13 -> #DIV/0!
E14: Semak Belukar | F14: Upah PHL | G14: HK | P14: 149108.52 | AA14: =Q14/L14 -> #DIV/0!
D15: Tumbang | E15: Hutan Primer | F15: Upah PHL | G15: HK | M15: 20 | N15: 1 | P15: 149108.52 | X15: Vol sesuai kondisi | AA15: =Q15/L15 -> #DIV/0!
E16: Hutan Sekunder | F16: Upah PHL | G16: HK | M16: 12 | N16: 1 | P16: 149108.52 | AA16: =Q16/L16 -> #DIV/0!
D17: Cincang | E17: Hutan Primer | F17: Upah PHL | G17: HK | P17: 149108.52 | AA17: =Q17/L17 -> #DIV/0!
E18: Hutan Sekunder | F18: Upah PHL | G18: HK | P18: 149108.52 | AA18: =Q18/L18 -> #DIV/0!
D19: Perun Mekanis | E19: Hutan Primer | F19: Buldozer 1 | G19: HM | M19: 6 | N19: 1 | P19: 1051433.7 | X19: Vol sesuai kondisi | AA19: =Q19/L19 -> #DIV/0!
E20: Hutan Sekunder | F20: Buldozer 1 | G20: HM | M20: 5 | N20: 1 | P20: 1051433.7 | AA20: =Q20/L20 -> #DIV/0!
E21: Semak Belukar | F21: Buldozer 1 | G21: HM | M21: 4 | N21: 1 | P21: 1051433.7 | AA21: =Q21/L21 -> #DIV/0!
D22: Pengolahan Tanah (Ripping) | F22: Buldozer 1 | G22: HM | J22: HM/Ha | K22: 1 | L22: 51.1 | M22: =2.85*2 -> 5.7 | N22: 1 | O22: =K22*L22*M22*N22 -> 291.27 | P22: 1051433.7 | Q22: =P22*$O22 -> 3.0625109e+08 | R22: 1051433.7 | S22: =R22*$O22 -> 3.0625109e+08 | T22: 1113470.8 | U22: =T22*$O22 -> 3.2432063e+08 | V22: =W22/O22 -> 1072112.7 | W22: =AVERAGEIF($P$3:$U$3,W$3,$P22:$U22) -> 3.1227427e+08 | X22: 2,85 HM/HA Penggemburan Tanah dan Pemutusan Akar | Y22: =Q22/L22 -> 5993172 | AA22: =Q22/$E$1 -> 5993172
F23: Upah PHL | G23: HK | J23: Ha | K23: 1 | L23: =O22/10 -> 29.127 | M23: =3*2 -> 6 | N23: 1 | O23: =K23*L23*M23*N23 -> 174.762 | P23: 149108.52 | Q23: =P23*$O23 -> 26058503 | AA23: =Q23/$E$1 -> 509951.14
F24: Angkutan Material | G24: RIT | K24: 0 | L24: =(O22*25)/400 -> 18.204375 | M24: 2 | N24: 1 | O24: =K24*L24*M24*N24 -> 0 | P24: 207500 | Q24: =P24*$O24 -> 0
D25: Tumbang Chipping
E26: Pancang Chiping | F26: Upah PHL | G26: HK | J26: Ha | K26: 1 | L26: 51.1 | M26: 1 | N26: 1 | O26: =K26*L26*M26*N26 -> 51.1 | P26: 149108.52 | Q26: =P26*$O26 -> 7619445.4 | R26: 149108.52 | S26: =R26*$O26 -> 7619445.4 | T26: 158800.57 | U26: =T26*$O26 -> 8114709.3 | V26: =W26/O26 -> 152339.2 | W26: =AVERAGEIF($P$3:$U$3,W$3,$P26:$U26) -> 7784533.4 | AA26: =Q26/$E$1 -> 149108.52
E27: Tumbang Chiping | F27: Excavator 1 | G27: HM | J27: HM/Ha | K27: 1 | L27: 51.1 | M27: 12 | N27: 1 | O27: =K27*L27*M27*N27 -> 613.2 | P27: 720338.07 | Q27: =P27*$O27 -> 4.4171131e+08 | R27: 720338.07 | S27: =R27*$O27 -> 4.4171131e+08 | T27: 761671.7 | U27: =T27*$O27 -> 4.6705709e+08 | V27: =W27/O27 -> 734115.95 | W27: =AVERAGEIF($P$3:$U$3,W$3,$P27:$U27) -> 4.501599e+08 | X27: 12 Pokok/HM | Y27: =Q27/192.08 -> 2299621.5 | Z27: =Y27/122 -> 18849.357 | AA27: =Q27/$E$1 -> 8644056.9 | AC27: =AA27/136 -> 63559.242
F28: Upah PHL | G28: HK | J28: Ha | K28: 1 | L28: =O27/10 -> 61.32 | M28: =3*2 -> 6 | N28: 1 | O28: =K28*L28*M28*N28 -> 367.92 | P28: 149108.52 | Q28: =P28*$O28 -> 54860007 | AA28: =Q28/$E$1 -> 1073581.3
F29: Angkutan Material | G29: RIT | K29: 0 | L29: =(O27*18)/400 -> 27.594 | M29: 2 | N29: 1 | O29: =K29*L29*M29*N29 -> 0 | P29: 207500 | Q29: =P29*$O29 -> 0
E30: Aplikasi Metharizium | F30: Upah PHL | G30: HK | K30: 1 | L30: 51.1 | M30: 1 | N30: 1 | O30: =K30*L30*M30*N30 -> 51.1 | P30: 149108.52 | Q30: =P30*$O30 -> 7619445.4 | AA30: =Q30/$E$1 -> 149108.52
F31: Metharizium | G31: Kg | J31: Kg | K31: 1 | L31: 51.1 | M31: 24 | N31: 1 | O31: =K31*L31*M31*N31 -> 1226.4 | P31: 70350 | Q31: =P31*$O31 -> 86277240 | R31: 70350 | S31: =R31*$O31 -> 86277240 | T31: 73867.5 | U31: =T31*$O31 -> 90591102 | V31: =W31/O31 -> 71522.5 | W31: =AVERAGEIF($P$3:$U$3,W$3,$P31:$U31) -> 87715194 | AA31: =Q31/$E$1 -> 1688400
D32: Tutup Lubang | F32: Excavator 1 | G32: HM | J32: HM/Ha | K32: 1 | L32: 51.1 | M32: 2.9 | N32: 1 | O32: =K32*L32*M32*N32 -> 148.19 | P32: 720338.07 | Q32: =P32*$O32 -> 1.067469e+08 | R32: 720338.07 | S32: =R32*$O32 -> 1.067469e+08 | T32: 761671.7 | U32: =T32*$O32 -> 1.1287213e+08 | V32: =W32/O32 -> 734115.95 | W32: =AVERAGEIF($P$3:$U$3,W$3,$P32:$U32) -> 1.0878864e+08 | AA32: =Q32/$E$1 -> 2088980.4
F33: Upah PHL | G33: HK | J33: Ha | K33: 1 | L33: =O32/10 -> 14.819 | M33: =3*2 -> 6 | N33: 1 | O33: =K33*L33*M33*N33 -> 88.914 | P33: 149108.52 | Q33: =P33*$O33 -> 13257835 | AA33: =Q33/$E$1 -> 259448.82
F34: Angkutan Material | G34: RIT | K34: 0 | L34: =(O32*18)/400 -> 6.66855 | M34: 2 | N34: 1 | O34: =K34*L34*M34*N34 -> 0 | P34: 207500 | Q34: =P34*$O34 -> 0
D35: Lubang Tanam Mekanis/Auger
E36: Pancang Kepala | F36: Upah PHL | G36: HK | K36: 1 | L36: =51.1 -> 51.1 | M36: 0.25 | N36: 1 | O36: =K36*L36*M36*N36 -> 12.775 | P36: 149108.52 | Q36: =P36*$O36 -> 1904861.3 | R36: 149108.52 | S36: =R36*$O36 -> 1904861.3 | T36: 158800.57 | U36: =T36*$O36 -> 2028677.3 | V36: =W36/O36 -> 152339.2 | W36: =AVERAGEIF($P$3:$U$3,W$3,$P36:$U36) -> 1946133.3 | X36: Pancang Kepala 1 HK = 4 HA | Y36: =Q36/L36 -> 37277.13 | AA36: =Q36/$E$1 -> 37277.13
E37: Lubang Tanah Mekanis/Auger | F37: Excavator 1 | G37: HM | J37: HM/Ha | K37: 1 | L37: 51.1 | M37: 1.45 | N37: 1 | O37: =K37*L37*M37*N37 -> 74.095 | P37: 720338.07 | Q37: =P37*$O37 -> 53373450 | R37: 720338.07 | S37: =R37*$O37 -> 53373450 | T37: 761671.7 | U37: =T37*$O37 -> 56436065 | V37: =W37/O37 -> 734115.95 | W37: =AVERAGEIF($P$3:$U$3,W$3,$P37:$U37) -> 54394321 | X37: 1 HM 90 Lubang, 10 HM 900 Lubang | Y37: =Q37/192.08 -> 277870.94 | AA37: =Q37/$E$1 -> 1044490.2
F38: Upah PHL | G38: HK | J38: Ha | K38: 1 | L38: =O37/10 -> 7.4095 | M38: =3*2 -> 6 | N38: 1 | O38: =K38*L38*M38*N38 -> 44.457 | P38: 149108.52 | Q38: =P38*$O38 -> 6628917.5 | AA38: =Q38/$E$1 -> 129724.41
F39: Angkutan Material | G39: RIT | K39: 0 | L39: =(O37*18)/400 -> 3.334275 | M39: 2 | N39: 1 | O39: =K39*L39*M39*N39 -> 0 | P39: 207500 | Q39: =P39*$O39 -> 0
D40: Pemberantasan Lalang dan Gulma Lainnya | F40: Upah PHL | G40: HK | J40: Ha | K40: 1 | M40: 1.5 | N40: 1 | O40: =K40*L40*M40*N40 -> 0 | P40: 149108.52 | Q40: =P40*$O40 -> 0 | R40: 149108.52 | S40: =R40*$O40 -> 0 | T40: 158800.57 | U40: =T40*$O40 -> 0 | V40: =W40/O40 -> #DIV/0! | W40: =AVERAGEIF($P$3:$U$3,W$3,$P40:$U40) -> 0
F41: Sprayer (Inter) | G41: Buah | J41: Ha | K41: 1 | M41: 0.031 | N41: 1 | O41: =K41*L41*M41*N41 -> 0 | P41: 1434791.9 | Q41: =P41*$O41 -> 0 | R41: 1434791.9 | S41: =R41*$O41 -> 0 | T41: 1506531.5 | U41: =T41*$O41 -> 0 | V41: =W41/O41 -> #DIV/0! | W41: =AVERAGEIF($P$3:$U$3,W$3,$P41:$U41) -> 0
F42: Glyphosate | G42: Liter | J42: Ha | K42: 1 | M42: 0.9 | N42: 1 | O42: =K42*L42*M42*N42 -> 0 | P42: 35343 | Q42: =P42*$O42 -> 0
F43: Metil Metsulfuron | G43: Kg | J43: Ha | K43: 1 | M43: 0.036 | N43: 1 | O43: =K43*L43*M43*N43 -> 0 | P43: 96390 | Q43: =P43*$O43 -> 0 | R43: 96390 | S43: =R43*$O43 -> 0 | T43: 101209.5 | U43: =T43*$O43 -> 0 | V43: =W43/O43 -> #DIV/0! | W43: =AVERAGEIF($P$3:$U$3,W$3,$P43:$U43) -> 0
F44: Parakuat | G44: Liter | J44: Ha | K44: 0.5 | M44: 0.9 | N44: 1 | O44: =K44*L44*M44*N44 -> 0 | P44: 28381.5 | Q44: =P44*$O44 -> 0 | R44: 28381.5 | S44: =R44*$O44 -> 0 | T44: 29800.575 | U44: =T44*$O44 -> 0 | V44: =W44/O44 -> #DIV/0! | W44: =AVERAGEIF($P$3:$U$3,W$3,$P44:$U44) -> 0
F45: Perekat | G45: Liter | J45: Ha | K45: 1 | M45: 0.27 | N45: 1 | O45: =K45*L45*M45*N45 -> 0 | P45: 44982 | Q45: =P45*$O45 -> 0 | R45: 44982 | S45: =R45*$O45 -> 0 | T45: 47231.1 | U45: =T45*$O45 -> 0 | V45: =W45/O45 -> #DIV/0! | W45: =AVERAGEIF($P$3:$U$3,W$3,$P45:$U45) -> 0
F46: Premi Extra Fooding | G46: HK | J46: Ha | K46: 1 | M46: =M40 -> 1.5 | N46: 1 | O46: =K46*L46*M46*N46 -> 0 | P46: 3940.5 | Q46: =P46*$O46 -> 0 | R46: 3940.5 | S46: =R46*$O46 -> 0 | T46: 4196.6325 | U46: =T46*$O46 -> 0 | V46: =W46/O46 -> #DIV/0! | W46: =AVERAGEIF($P$3:$U$3,W$3,$P46:$U46) -> 0
F47: Celemek | G47: Buah | H47: 4 | I47: X | J47: Ha | K47: 1 | M47: =((M$40*N$40)/240*($H47/N47)) -> 0.025 | N47: 1 | O47: =K47*L47*M47*N47 -> 0 | P47: 44982 | Q47: =P47*$O47 -> 0 | R47: 44982 | S47: =R47*$O47 -> 0 | T47: 47231.1 | U47: =T47*$O47 -> 0 | V47: =W47/O47 -> #DIV/0! | W47: =AVERAGEIF($P$3:$U$3,W$3,$P47:$U47) -> 0
F48: Masker Chemical | G48: Buah | H48: 12 | I48: X | J48: Ha | K48: 1 | M48: =((M$40*N$40)/240*($H48/N48)) -> 0.075 | N48: 1 | O48: =K48*L48*M48*N48 -> 0 | P48: 14700 | Q48: =P48*$O48 -> 0 | R48: 14700 | S48: =R48*$O48 -> 0 | T48: 15435 | U48: =T48*$O48 -> 0 | V48: =W48/O48 -> #DIV/0! | W48: =AVERAGEIF($P$3:$U$3,W$3,$P48:$U48) -> 0
F49: Kaca mata | G49: Buah | H49: 1 | I49: X | J49: Ha | K49: 1 | M49: =((M$40*N$40)/240*($H49/N49)) -> 0.00625 | N49: 1 | O49: =K49*L49*M49*N49 -> 0 | P49: 39359.25 | Q49: =P49*$O49 -> 0 | R49: 39359.25 | S49: =R49*$O49 -> 0 | T49: 41327.213 | U49: =T49*$O49 -> 0 | V49: =W49/O49 -> #DIV/0! | W49: =AVERAGEIF($P$3:$U$3,W$3,$P49:$U49) -> 0
F50: Sarung Tangan Karet | G50: Buah | H50: 2 | I50: X | J50: Ha | K50: 1 | M50: =((M$40*N$40)/240*($H50/N50)) -> 0.0125 | N50: 1 | O50: =K50*L50*M50*N50 -> 0 | P50: 33736.5 | Q50: =P50*$O50 -> 0 | R50: 33736.5 | S50: =R50*$O50 -> 0 | T50: 35423.325 | U50: =T50*$O50 -> 0 | V50: =W50/O50 -> #DIV/0! | W50: =AVERAGEIF($P$3:$U$3,W$3,$P50:$U50) -> 0
F51: Sepatu Boots | G51: Buah | H51: 1 | I51: X | J51: Ha | K51: 1 | M51: =((M$40*N$40)/240*($H51/N51)) -> 0.00625 | N51: 1 | O51: =K51*L51*M51*N51 -> 0 | P51: 89964 | Q51: =P51*$O51 -> 0 | R51: 89964 | S51: =R51*$O51 -> 0 | T51: 94462.2 | U51: =T51*$O51 -> 0 | V51: =W51/O51 -> #DIV/0! | W51: =AVERAGEIF($P$3:$U$3,W$3,$P51:$U51) -> 0
E52: Transportasi Air | F52: TUS 1 | G52: RIT | J52: Ha | K52: 1 | M52: 0.27 | N52: 1 | O52: =K52*L52*M52*N52 -> 0 | P52: =200000 -> 200000 | Q52: =P52*$O52 -> 0 | R52: 69295.8 | S52: =R52*$O52 -> 0 | T52: 72760.59 | U52: =T52*$O52 -> 0 | V52: =W52/O52 -> #DIV/0! | W52: =AVERAGEIF($P$3:$U$3,W$3,$P52:$U52) -> 0
D53: Pemadatan Tanah | F53: Upah PHL | G53: HK
F54: Excavator 1 | G54: HM
D55: Pembersihan Jalur Tanam | F55: Upah PHL | G55: HK
F56: Excavator 1 | G56: HM
D57: Biaya Lainnya / Survey | F57: Upah PHL | G57: HK | M57: 0.5 | N57: 1
F58: Meteran | G58: Buah | M58: 0.004 | N58: 1
F59: GPS | G59: Buah
D60: SUB JUMLAH IMAS TUMBANG PERUN | Q60: =SUM(Q6:Q59) -> 1.1142139e+09 | AA60: =Q60/$E$1 -> 21804577 | AB60: =Q60/$Q$315*100 -> 82.761245
B61: PEMBUATAN SARANA PRASARANA
C62: PEMBUATAN JALAN
D63: Pembuatan Jalan Utama | F63: Upah PHL | G63: HK
F64: Buldozer 1 | G64: HM | M64: =30/1000 -> 0.03 | N64: 1
F65: Greader 1 | G65: HM | M65: =12/1000 -> 0.012 | N65: 1
D66: Pembuatan Jalan Produksi | F66: Upah PHL | G66: HK
F67: Buldozer 1 | G67: HM | M67: 0.024 | N67: 1
F68: Greader 1 | G68: HM | M68: 0.009 | N68: 1
D69: Pembuatan Jalan Koleksi | F69: Upah PHL | G69: HK
F70: Buldozer 1 | G70: HM | M70: 0.02 | N70: 1
F71: Greader 1 | G71: HM | M71: 0.07 | N71: 1
D72: Pembuatan Jalan Pringgan | F72: Upah PHL | G72: HK
F73: Buldozer 1 | G73: HM | M73: 0.02 | N73: 1
F74: Greader 1 | G74: HM | M74: 0.007 | N74: 1
B75: SUB JUMLAH PEMBUATAN JALAN | Q75: =SUM(Q63:Q74) -> 0
C76: PEMBUATAN JEMBATAN
D77: Jembatan Permanen s/d 3 Mtr | F77: Upah PHL | G77: HK
F78: Bahan Jembatan Permanen 1 | G78: Unit
F79: TLB 1 | G79: HM
D80: Jembatan Permanen 4-6 Mtr | F80: Upah PHL | G80: HK
F81: Bahan Jembatan Permanen 2 | G81: Unit
F82: TLB 1 | G82: HM
D83: Jembatan Permanen 6-9 mtr | F83: Upah PHL | G83: HK
F84: Bahan Jembatan Permanen 3 | G84: Unit
F85: TLB 1 | G85: HM
D86: Pembuatan Jembatan Semi Permanen > 2 Mtr | F86: Upah PHL | G86: HK
F87: Bahan Jembatan Semi Permanen 1 | G87: Unit | M87: 1
F88: Excavator 1 | G88: HM | M88: 4
D89: Gorong-Gorong 40 CM | F89: Upah PHL | G89: HK | M89: 1 | N89: 1
F90: Gorong-Gorong 40 CM | G90: Unit | M90: 7 | N90: 1
F91: TLB 1 | G91: HM | M91: 3 | N91: 1
D92: Gorong-Gorong 60 CM | F92: Upah PHL | G92: HK | M92: 1 | N92: 1
F93: Gorong-Gorong 60 CM | G93: Unit | M93: 7 | N93: 1
F94: TLB 1 | G94: HM | M94: 3 | N94: 1
D95: Gorong-Gorong 80 CM | F95: Upah PHL | G95: HK | M95: 1 | N95: 1
F96: Gorong-Gorong 80 CM | G96: Unit | M96: 7 | N96: 1
F97: TLB 1 | G97: HM | M97: 3 | N97: 1
D98: SUB JUMLAH PEMBUATAN JEMBATAN | Q98: =SUM(Q77:Q97) -> 0
C99: PEMBUATAN PARIT
D100: Pembuatan Parit Primer (4x4) | F100: Upah PHL | G100: HK | N100: 1
...

Sheet S1 TBM 1
B1: Luas: | C1: 192.08
B2: Pekerjaan | F2: Material | H2: Rotasi APD | J2: TBM 1 | P2: 2025 | R2: 2027 | T2: 2027 | V2: Rata-rata | Y2: Rp/Ha | Z2: (%)
F3: Jenis | G3: Sat | J3: Sat | K3: Vol | M3: Norma | N3: Rotasi | O3: Jumlah Unit | P3: Rp Sat | Q3: Jumlah RP | R3: Rp Sat | S3: Jumlah RP | T3: Rp Sat | U3: Jumlah RP | V3: Rp Sat | W3: Jumlah RP | X3: Keterangan
K4: % | L4: Luas/Mtr/Pkk/Unit
B5: TANAM KACANGAN
C6: Tanam Kacangan | F6: Upah PHL | G6: HK | M6: 6.5 | N6: 1
F7: PJ | G7: Kg | M7: 3 | N7: 1
F8: CM | G8: Kg | M8: 6 | N8: 1
F9: MB (Mocuna Bracteata) | G9: Kg | M9: 0.25 | N9: 1
F10: Rizhobium | G10: Kg | M10: 0.01 | N10: 1
F11: Rock Phosphate | G11: Kg | M11: 2 | N11: 1
F12: Sepatu Boots | G12: Buah | H12: 1 | I12: X | M12: =((M$6*N$6)/240*($H12/N12)) -> 0.027083333 | N12: 1
C13: Pemeliharaan Kacangan | F13: Upah PHL | G13: HK | M13: 4 | N13: 3
C14: Bongkar Tumbuhan Pengganggu | F14: Upah PHL | G14: HK | M14: 2 | N14: 1
F15: Glyphosate | G15: Liter | M15: 1.2 | N15: 1
F16: Metil Metsulfuron | G16: Kg | M16: =48/1000 -> 0.048 | N16: 1
F17: Perekat | G17: Liter | M17: 0.288 | N17: 1
F18: Sprayer | G18: Buah | M18: 0.007 | N18: 1
F19: Premi Extra Fooding | G19: HK | M19: 2 | N19: 1
F20: Celemek | G20: Buah | H20: 4 | I20: X | M20: =((M$14*N$14)/240*($H20/N20)) -> 0.033333333 | N20: 1
F21: Masker Chemical | G21: Buah | H21: 12 | I21: X | M21: =((M$14*N$14)/240*($H21/N21)) -> 0.1 | N21: 1
F22: Kaca mata | G22: Buah | H22: 1 | I22: X | M22: =((M$14*N$14)/240*($H22/N22)) -> 0.0083333333 | N22: 1
F23: Sarung Tangan Karet | G23: Buah | H23: 2 | I23: X | M23: =((M$14*N$14)/240*($H23/N23)) -> 0.016666667 | N23: 1
F24: Sepatu Boots | G24: Buah | H24: 1 | I24: X | M24: =((M$14*N$14)/240*($H24/N24)) -> 0.0083333333 | N24: 1
C25: Pemberantasan Lalang | F25: Upah PHL | G25: HK | M25: 1 | N25: 1
F26: Glyphosate | G26: Liter | M26: 1.08 | N26: 1
F27: Perekat | G27: Liter | M27: 0.18 | N27: 1
F28: Sprayer | G28: Buah | M28: 0.004 | N28: 1
F29: Premi Extra Fooding | G29: HK | M29: 1 | N29: 1
F30: Celemek | G30: Buah | H30: 4 | I30: X | M30: =((M$25*N$25)/240*($H30/N30)) -> 0.016666667 | N30: 1
F31: Masker | G31: Buah | H31: 12 | I31: X | M31: =((M$25*N$25)/240*($H31/N31)) -> 0.05 | N31: 1
F32: Kaca mata | G32: Buah | H32: 1 | I32: X | M32: =((M$25*N$25)/240*($H32/N32)) -> 0.0041666667 | N32: 1
F33: Sarung Tangan Karet | G33: Buah | H33: 2 | I33: X | M33: =((M$25*N$25)/240*($H33/N33)) -> 0.0083333333 | N33: 1
F34: Sepatu Boots | G34: Buah | H34: 1 | I34: X | M34: =((M$25*N$25)/240*($H34/N34)) -> 0.0041666667 | N34: 1
B35: SUB TOTAL TANAMAN KACANGAN | S35: =SUM(S6:S34) -> 0
B36: TANAMAN BELUM MENGHASILKAN
B37: PEMBUATAN PIRINGAN, PASAR RINTIS, TPH DAN TITI PASAR RINTIS
C38: Pembuatan Piringan | F38: Upah PHL | G38: HK | J38: Ha | K38: 1 | L38: 192.08 | M38: 2.5 | N38: 1 | O38: =K38*L38*M38*N38 -> 480.2 | P38: 140008 | Q38: =P38*$O38 -> 67231842 | R38: 158800.57 | S38: =R38*$O38 -> 76256036 | T38: 163305.33 | U38: =$O38*T38 -> 78419220 | V38: =W38/O38 -> 154037.97 | W38: =AVERAGEIF($P$3:$U$3,W$3,$P38:$U38) -> 73969032 | Y38: =S38/$C$1 -> 397001.43
F39: Cangkul | G39: Buah | K39: 1 | L39: 192.08 | M39: 0.01 | N39: 1 | O39: =K39*L39*M39*N39 -> 1.9208 | R39: 83568.122 | S39: =R39*$O39 -> 160517.65 | Y39: =S39/$C$1 -> 835.68122
F40: Sepatu Boots | G40: Buah | K40: 1 | L40: 192.08 | M40: 0.01 | N40: 1 | O40: =K40*L40*M40*N40 -> 1.9208 | R40: 94462.2 | S40: =R40*$O40 -> 181442.99 | Y40: =S40/$C$1 -> 944.622
B41: SUB TOTAL PEMBUATAN PIRINGAN | S41: =SUM(S38:S40) -> 76597996 | Y41: =S41/192.08 -> 398781.74 | Z41: =S41/$S$388*100 -> 4.294648
C42: Pembuatan Pasar Rintis | F42: Upah PHL | G42: HK | K42: 100 | M42: 1 | N42: 1
F43: Cangkul | G43: Buah | K43: 100 | M43: 0.0033 | N43: 1
F44: Sepatu Boots | G44: Buah | K44: 100 | M44: 0.0033 | N44: 1
C45: Pembuatan TPH | F45: Upah PHL | G45: HK
F46: Cangkul | G46: Buah
F47: Sepatu Boots
C48: Pembuatan Titi Pasar Rintis | F48: Upah PHL | G48: HK | J48: Unit | K48: 1 | L48: 192.08 | M48: 0.5 | N48: 1 | O48: =K48*L48*M48*N48 -> 96.04 | P48: 140008 | Q48: =P48*$O48 -> 13446368 | R48: 158800.57 | S48: =R48*$O48 -> 15251207 | T48: 163305.33 | U48: =$O48*T48 -> 15683844 | V48: =W48/O48 -> 154037.97 | W48: =AVERAGEIF($P$3:$U$3,W$3,$P48:$U48) -> 14793806 | Y48: =S48/$C$1 -> 79400.287
F49: Titi Pasar Rintis 1 | G49: Buah | J49: Unit | K49: 1 | L49: 192.08 | M49: 0.25 | N49: 1 | O49: =K49*L49*M49*N49 -> 48.02 | P49: 450000 | Q49: =P49*$O49 -> 21609000 | R49: 496125 | S49: =R49*$O49 -> 23823922 | T49: 544500 | U49: =$O49*T49 -> 26146890 | V49: =W49/O49 -> 496875 | W49: =AVERAGEIF($P$3:$U$3,W$3,$P49:$U49) -> 23859938 | Y49: =S49/$C$1 -> 124031.25
F50: Sepatu Boots | G50: Buah | K50: 1 | L50: 192.08 | M50: 0.01 | N50: 1 | O50: =K50*L50*M50*N50 -> 1.9208 | R50: 94462.2 | S50: =R50*$O50 -> 181442.99 | Y50: =S50/$C$1 -> 944.622
B51: SUB TOTAL PEMBUATAN TITI PASAR RINTIS | S51: =SUM(S48:S50) -> 39256573 | Y51: =S51/192.08 -> 204376.16 | Z51: =S51/$S$388*100 -> 2.2010127
C52: Pembuatan Pasar Pikul / Pasar Tengah | F52: Upah PHL | G52: HK | K52: 100 | M52: 0.15 | N52: 1
F53: Parang | G53: Buah | K53: 100 | M53: 0.0005 | N53: 1
F54: Sepatu Boots | G54: Buah | H54: 1 | I54: X | K54: 100 | M54: =((M$52*N$52)/240*($H54/N54)) -> 0.000625 | N54: 1
C55: PEMELIHARAAN TITI PASAR RINTIS | F55: Upah PHL | G55: HK | N55: 1
F56: Titi Pasar Rintis 1 | G56: Unit | N56: 1
F57: TLB 1 | G57: HM | N57: 1
B58: SUB TOTAL PEMBUATAN PIRINGAN,PASAR RINTIS,DAN TITI PASAR RINTIS | S58: =SUM(S51+S41) -> 1.1585457e+08 | Y58: =S58/$C$1 -> 603157.9 | Z58: =S58/$S$388*100 -> 6.4956606
B59: PENGENDALIAN GULMA
C60: Pemel. Piringan, TPH dan Pasar Rintis (Manual)
D61: Pemeliharaan Piringan Manual | F61: Upah PHL | G61: HK | J61: Ha | K61: 1 | L61: 192.08 | M61: 2.5 | N61: 1 | O61: =K61*L61*M61*N61 -> 480.2 | P61: 140008 | Q61: =P61*$O61 -> 67231842 | R61: 158800.57 | S61: =R61*$O61 -> 76256036 | T61: 163305.33 | U61: =$O61*T61 -> 78419220 | V61: =W61/O61 -> 154037.97 | W61: =AVERAGEIF($P$3:$U$3,W$3,$P61:$U61) -> 73969032 | Y61: =S61/$C$1 -> 397001.43
F62: Cangkul | G62: Buah | J62: Ha | K62: 1 | L62: 192.08 | M62: 0.0083 | N62: 1 | O62: =K62*L62*M62*N62 -> 1.594264 | P62: 75798.75 | Q62: =P62*$O62 -> 120843.22 | R62: 83568.122 | S62: =R62*$O62 -> 133229.65 | Y62: =S62/$C$1 -> 693.61541
F63: Sepatu Boots | G63: Buah | H63: 1 | I63: X | K63: 1 | L63: 192.08 | M63: =((M$61*N$61)/240*($H63/N63)) -> 0.010416667 | N63: 1 | O63: =K63*L63*M63*N63 -> 2.0008333 | P63: 85680 | Q63: =P63*$O63 -> 171431.4 | R63: 94462.2 | S63: =R63*$O63 -> 189003.12 | Y63: =S63/$C$1 -> 983.98125
D64: Pemeliharaan TPH Manual | F64: Upah PHL | G64: HK
F65: Cangkul | G65: Buah
F66: Sepatu Boots | G66: Buah
D67: Pemeliharaan Pasar Rintis Manual | F67: Upah PHL | G67: HK | K67: 100 | M67: 2 | N67: 1
F68: Parang | G68: Buah | K68: 100 | M68: 0.005 | N68: 1
F69: Sepatu Boots | G69: Buah | H69: 1 | I69: X | K69: 100 | M69: =((M$67*N$67)/240*($H69/N69)) -> 0.0083333333 | N69: 1
B70: SUB TOTAL PEMELIHARAAN PIRINGAN,TPH,PASAR RINTIS | S70: =SUM(S60:S69) -> 76578268 | Y70: =S70/C1 -> 398679.03 | Z70: =S70/$S$388*100 -> 4.2935419
C71: Pemel. Piringan, TPH dan Pasar Rintis (Chemis)
D72: Pemeliharaan Piringan /Pasar Rintis(Chemist) | F72: Upah PHL | G72: HK | J72: Ha | K72: 1 | L72: 192.08 | M72: 0.75 | N72: 1 | O72: =K72*L72*M72*N72 -> 144.06 | P72: 140008 | Q72: =P72*$O72 -> 20169552 | R72: 158800.57 | S72: =R72*$O72 -> 22876811 | T72: 163305.33 | U72: =$O72*T72 -> 23525766 | V72: =W72/O72 -> 154037.97 | W72: =AVERAGEIF($P$3:$U$3,W$3,$P72:$U72) -> 22190710 | X72: Rotasi 1 X perlu dibahas ulang | Y72: =S72/$C$1 -> 119100.43
F73: Glyphosate | G73: Liter | J73: Ha | K73: 1 | L73: 192.08 | M73: 0.45 | N73: 1 | O73: =K73*L73*M73*N73 -> 86.436 | P73: 36352.8 | Q73: =P73*$O73 -> 3142190.6 | R73: 37110.15 | S73: =R73*$O73 -> 3207652.9 | T73: 41620.321 | U73: =$O73*T73 -> 3597494 | V73: =W73/O73 -> 38361.09 | W73: =AVERAGEIF($P$3:$U$3,W$3,$P73:$U73) -> 3315779.2 | Y73: =S73/$C$1 -> 16699.568
F74: Metil Metsulfuron | G74: Kg | J74: Ha | K74: 1 | L74: 192.08 | M74: =18/1000 -> 0.018 | N74: 1 | O74: =K74*L74*M74*N74 -> 3.45744 | P74: 99144 | Q74: =P74*$O74 -> 342784.43 | R74: 101209.5 | S74: =R74*$O74 -> 349925.77 | T74: 113509.97 | U74: =$O74*T74 -> 392453.9 | V74: =W74/O74 -> 104621.16 | W74: =AVERAGEIF($P$3:$U$3,W$3,$P74:$U74) -> 361721.37 | Y74: =S74/$C$1 -> 1821.771
F75: Perekat | G75: Liter | J75: Ha | K75: 1 | L75: 192.08 | M75: 0.135 | N75: 1 | O75: =K75*L75*M75*N75 -> 25.9308 | P75: 46267.2 | Q75: =P75*$O75 -> 1199745.5 | R75: 47231.1 | S75: =R75*$O75 -> 1224740.2 | T75: 52971.317 | U75: =$O75*T75 -> 1373588.6 | V75: =W75/O75 -> 48823.206 | W75: =AVERAGEIF($P$3:$U$3,W$3,$P75:$U75) -> 1266024.8 | Y75: =S75/$C$1 -> 6376.1985
F76: Premi Extra Fooding | G76: HK | J76: Ha | K76: 1 | L76: 192.08 | M76: 0.75 | N76: 1 | O76: =K76*L76*M76*N76 -> 144.06 | P76: 3700 | Q76: =P76*$O76 -> 533022 | R76: 4196.6325 | S76: =R76*$O76 -> 604566.88 | T76: 4490.64 | U76: =$O76*T76 -> 646921.6 | V76: =W76/O76 -> 4129.0908 | W76: =AVERAGEIF($P$3:$U$3,W$3,$P76:$U76) -> 594836.83 | Y76: =S76/$C$1 -> 3147.4744
F77: Sprayer (Inter) | G77: Buah | J77: Ha | K77: 1 | L77: 192.08 | M77: =0.00625*(1/2) -> 0.003125 | N77: 1 | O77: =K77*L77*M77*N77 -> 0.60025 | P77: 1366468.5 | Q77: =P77*$O77 -> 820222.72 | R77: 1506531.5 | S77: =R77*$O77 -> 904295.55 | T77: 1593848.9 | U77: =$O77*T77 -> 956707.78 | V77: =W77/O77 -> 1488949.6 | W77: =AVERAGEIF($P$3:$U$3,W$3,$P77:$U77) -> 893742.01 | Y77: =S77/$C$1 -> 4707.911
F78: Celemek | G78: Buah | H78: 4 | I78: X | J78: Ha | K78: 1 | L78: 192.08 | M78: =((M$72*N$72)/240*($H78/N78)) -> 0.0125 | N78: 1 | O78: =K78*L78*M78*N78 -> 2.401 | P78: 42840 | Q78: =P78*$O78 -> 102858.84 | R78: 47231.1 | S78: =R78*$O78 -> 113401.87 | T78: 49968.576 | U78: =$O78*T78 -> 119974.55 | V78: =W78/O78 -> 46679.892 | W78: =AVERAGEIF($P$3:$U$3,W$3,$P78:$U78) -> 112078.42 | Y78: =S78/$C$1 -> 590.38875
F79: Masker Chemical | G79: Buah | H79: 12 | I79: X | J79: Ha | K79: 1 | L79: 192.08 | M79: =((M$72*N$72)/240*($H79/N79)) -> 0.0375 | N79: 1 | O79: =K79*L79*M79*N79 -> 7.203 | P79: 14000 | Q79: =P79*$O79 -> 100842 | R79: 15435 | S79: =R79*$O79 -> 111178.31 | T79: 16329.6 | U79: =$O79*T79 -> 117622.11 | V79: =W79/O79 -> 15254.867 | W79: =AVERAGEIF($P$3:$U$3,W$3,$P79:$U79) -> 109880.8 | Y79: =S79/$C$1 -> 578.8125
F80: Kaca mata | G80: Buah | H80: 1 | I80: X | J80: Ha | K80: 1 | L80: 192.08 | M80: =((M$72*N$72)/240*($H80/N80)) -> 0.003125 | N80: 1 | O80: =K80*L80*M80*N80 -> 0.60025 | P80: 37485 | Q80: =P80*$O80 -> 22500.371 | R80: 41327.213 | S80: =R80*$O80 -> 24806.659 | T80: 43722.504 | U80: =$O80*T80 -> 26244.433 | V80: =W80/O80 -> 40844.906 | W80: =AVERAGEIF($P$3:$U$3,W$3,$P80:$U80) -> 24517.155 | Y80: =S80/$C$1 -> 129.14754
F81: Sarung Tangan Karet | G81: Buah | H81: 2 | I81: X | J81: Ha | K81: 1 | L81: 192.08 | M81: =((M$72*N$72)/240*($H81/N81)) -> 0.00625 | N81: 1 | O81: =K81*L81*M81*N81 -> 1.2005 | P81: 32130 | Q81: =P81*$O81 -> 38572.065 | R81: 35423.325 | S81: =R81*$O81 -> 42525.702 | T81: 37476.432 | U81: =$O81*T81 -> 44990.457 | V81: =W81/O81 -> 35009.919 | W81: =AVERAGEIF($P$3:$U$3,W$3,$P81:$U81) -> 42029.408 | Y81: =S81/$C$1 -> 221.39578
F82: Sepatu Boots | G82: Buah | H82: 1 | I82: X | J82: Ha | K82: 1 | L82: 192.08 | M82: =((M$72*N$72)/240*($H82/N82)) -> 0.003125 | N82: 1 | O82: =K82*L82*M82*N82 -> 0.60025 | P82: 85680 | Q82: =P82*$O82 -> 51429.42 | R82: 94462.2 | S82: =R82*$O82 -> 56700.936 | T82: 99937.152 | U82: =$O82*T82 -> 59987.275 | V82: =W82/O82 -> 93359.784 | W82: =AVERAGEIF($P$3:$U$3,W$3,$P82:$U82) -> 56039.21 | Y82: =S82/$C$1 -> 295.19437
B83: SUB TOTAL PEMELIHARAAN PIRINGAN,TPH,PASAR RINTIS | S83: =SUM(S72:S82) -> 29516605 | Y83: =S83/C1 -> 153668.29 | Z83: =S83/$S$388*100 -> 1.6549184
D84: Pemeliharaan TPH (Chemist) | F84: Upah PHL | G84: HK
F85: Glyphosate | G85: Liter
F86: Metil Metsulfuron | G86: Kg
F87: Perekat | G87: Liter
F88: Premi Extra Fooding | G88: HK
F89: Sprayer (Inter) | G89: Buah
F90: Celemek | G90: Buah
F91: Masker | G91: Buah
F92: Kaca mata | G92: Buah
F93: Sarung Tangan Karet | G93: Buah
F94: Sepatu Boots | G94: Buah
D95: Pemeliharaan Pasar Rintis (Chemist) | F95: Upah PHL | G95: HK
F96: Glyphosate | G96: Liter
F97: Metil Metsulfuron | G97: Kg
F98: Perekat | G98: Liter
F99: Premi Extra Fooding | G99: HK
F100: Sprayer (Inter) | G100: Buah
...

Sheet S1 TBM 2
B1: Luas: | C1: 192.08
B2: Pekerjaan | F2: Material | H2: Rotasi APD | J2: TBM 2 | P2: 2028 | R2: 2028 | T2: 2029 | V2: Rata-rata | Y2: Rp/Ha | Z2: (%)
F3: Jenis | G3: Sat | J3: Sat | K3: Vol | M3: Norma | N3: Rotasi | O3: Jumlah Unit | P3: Rp Sat | Q3: Jumlah RP | R3: Rp Sat | S3: Jumlah RP | T3: Rp Sat | U3: Jumlah RP | V3: Rp Sat | W3: Jumlah RP | X3: Keterangan
K4: % | L4: Luas/Mtr/Pkk/Unit
B5: TANAM KACANGAN
C6: Tanam Kacangan | F6: Upah PHL | G6: HK
F7: PJ | G7: Kg
F8: CM | G8: Kg
F9: MB (Mocuna Bracteata) | G9: Kg
F10: Rizhobium | G10: Kg
F11: Rock Phosphate | G11: Kg
F12: Sepatu Boots | G12: Buah | H12: 1 | I12: X
C13: Pemeliharaan Kacangan | F13: Upah PHL | G13: HK
C14: Bongkar Tumbuhan Pengganggu | F14: Upah PHL | G14: HK
F15: Glyphosate | G15: Liter
F16: Metil Metsulfuron | G16: Kg
F17: Perekat | G17: Liter
F18: Sprayer | G18: Buah
F19: Premi Extra Fooding | G19: HK
F20: Celemek | G20: Buah | H20: 4 | I20: X
F21: Masker Chemical | G21: Buah | H21: 12 | I21: X
F22: Kaca mata | G22: Buah | H22: 1 | I22: X
F23: Sarung Tangan Karet | G23: Buah | H23: 2 | I23: X
F24: Sepatu Boots | G24: Buah | H24: 1 | I24: X
C25: Pemberantasan Lalang | F25: Upah PHL | G25: HK
F26: Glyphosate | G26: Liter
F27: Perekat | G27: Liter
F28: Sprayer | G28: Buah
F29: Premi Extra Fooding | G29: HK
F30: Celemek | G30: Buah | H30: 4 | I30: X
F31: Masker | G31: Buah | H31: 12 | I31: X
F32: Kaca mata | G32: Buah | H32: 1 | I32: X
F33: Sarung Tangan Karet | G33: Buah | H33: 2 | I33: X
F34: Sepatu Boots | G34: Buah | H34: 1 | I34: X
B35: SUB TOTAL TANAMAN KACANGAN | Q35: =SUM(Q6:Q34) -> 0 | S35: =SUM(S6:S34) -> 0
B36: TANAMAN BELUM MENGHASILKAN
B37: PEMBUATAN PIRINGAN, PASAR RINTIS, TPH DAN TITI PASAR RINTIS
C38: Pembuatan Piringan | F38: Upah PHL | G38: HK | O38: =K38*L38*M38*N38 -> 0 | P38: 151208.64 | Q38: =P38*$O38 -> 0 | R38: 163305.33 | S38: =R38*$O38 -> 0 | T38: 179635.86 | U38: =$O38*T38 -> 0 | V38: =W38/O38 -> #DIV/0! | W38: =AVERAGEIF($P$3:$U$3,W$3,$P38:$U38) -> 0
F39: Cangkul | G39: Buah
F40: Sepatu Boots | G40: Buah
C41: Pembuatan Pasar Rintis | F41: Upah PHL | G41: HK
F42: Cangkul | G42: Buah
F43: Sepatu Boots | G43: Buah
C44: Pembuatan TPH | F44: Upah PHL | G44: HK
F45: Cangkul | G45: Buah
F46: Sepatu Boots
C47: Pembuatan Titi Pasar Rintis | F47: Upah PHL | G47: HK | M47: 0.5 | N47: 1 | O47: =K47*L47*M47*N47 -> 0 | P47: 151208.64 | Q47: =P47*$O47 -> 0 | R47: 163305.33 | S47: =R47*$O47 -> 0 | T47: 179635.86 | U47: =$O47*T47 -> 0 | V47: =W47/O47 -> #DIV/0! | W47: =AVERAGEIF($P$3:$U$3,W$3,$P47:$U47) -> 0
F48: Titi Pasar Rintis 1 | G48: Buah | M48: 0.5 | N48: 1 | O48: =K48*L48*M48*N48 -> 0 | P48: 495000 | Q48: =P48*$O48 -> 0 | R48: 544500 | S48: =R48*$O48 -> 0 | T48: 598950 | U48: =$O48*T48 -> 0 | V48: =W48/O48 -> #DIV/0! | W48: =AVERAGEIF($P$3:$U$3,W$3,$P48:$U48) -> 0
F49: Sepatu Boots | G49: Buah
C50: Pembuatan Pasar Pikul / Pasar Tengah | F50: Upah PHL | G50: HK | M50: 0.15 | N50: 1
F51: Parang | G51: Buah | M51: 0.0005 | N51: 1
F52: Sepatu Boots | G52: Buah | H52: 1 | I52: X | M52: =((M$50*N$50)/240*($H52/N52)) -> 0.000625 | N52: 1
C53: PEMELIHARAAN TITI PASAR RINTIS | F53: Upah PHL | G53: HK | N53: 1
F54: Titi Pasar Rintis 1 | G54: Unit | N54: 1
F55: TLB 1 | G55: HM | N55: 1
B56: SUB TOTAL PEMBUATAN PIRINGAN,PASAR RINTIS,DAN TITI PASAR RINTIS | Q56: =SUM(Q38:Q55) -> 0 | R56: =SUM(R38:R55) -> 871110.66 | S56: =SUM(S38:S55) -> 0 | T56: =SUM(T38:T55) -> 958221.73 | U56: =SUM(U38:U55) -> 0 | V56: =SUM(V38:V55) -> #DIV/0! | W56: =SUM(W38:W55) -> 0 | X56: =SUM(X38:X55) -> 0 | ... Z56: =SUM(Z38:Z55) -> 0
B57: PENGENDALIAN GULMA
C58: Pemel. Piringan, TPH dan Pasar Rintis (Manual)
D59: Pemeliharaan Piringan Manual | F59: Upah PHL | G59: HK | J59: Ha | K59: 1 | L59: 192.08 | M59: 2.5 | N59: 1 | O59: =K59*L59*M59*N59 -> 480.2 | P59: 169122.61 | Q59: =P59*$O59 -> 81212678 | R59: 163305.33 | S59: =R59*$O59 -> 78419220 | T59: 179635.86 | U59: =$O59*T59 -> 86261142 | V59: =W59/O59 -> 170687.94 | W59: =AVERAGEIF($P$3:$U$3,W$3,$P59:$U59) -> 81964347 | Y59: =Q59/$C$1 -> 422806.53
F60: Cangkul | G60: Buah | J60: Ha | K60: 1 | L60: 192.08 | M60: 0.0083 | N60: 1 | O60: =K60*L60*M60*N60 -> 1.594264 | P60: 87746.528 | Q60: =P60*$O60 -> 139891.13 | Y60: =Q60/$C$1 -> 728.29618
F61: Sepatu Boots | G61: Buah | H61: 1 | I61: X | K61: 1 | L61: 192.08 | M61: =((M$59*N$59)/240*($H61/N61)) -> 0.010416667 | N61: 1 | O61: =K61*L61*M61*N61 -> 2.0008333 | P61: 99185.31 | Q61: =P61*$O61 -> 198453.27 | Y61: =Q61/$C$1 -> 1033.1803
D62: Pemeliharaan TPH Manual | F62: Upah PHL | G62: HK
F63: Cangkul | G63: Buah
F64: Sepatu Boots | G64: Buah
D65: Pemeliharaan Pasar Rintis Manual | F65: Upah PHL | G65: HK | M65: 2 | N65: 1
F66: Parang | G66: Buah | M66: 0.005 | N66: 1
F67: Sepatu Boots | G67: Buah | H67: 1 | I67: X | M67: =((M$65*N$65)/240*($H67/N67)) -> 0.0083333333 | N67: 1
B68: SUB TOTAL PEMELIHARAAN PIRINGAN,TPH,PASAR RINTIS | Q68: =SUM(Q59:Q67) -> 81551022 | S68: =SUM(S58:S67) -> 78419220 | Y68: =Q68/$C$1 -> 424568 | Z68: =Q68/$Q$401*100 -> 3.4065899
C69: Pemel. Piringan, TPH dan Pasar Rintis (Chemis)
D70: Pemeliharaan Piringan /Pasar Rintis(Chemist) | F70: Upah PHL | G70: HK | J70: Ha | K70: 1 | L70: 192.08 | M70: 0.75 | N70: 3 | O70: =K70*L70*M70*N70 -> 432.18 | P70: 158800.57 | Q70: =P70*$O70 -> 68630432 | R70: 163305.33 | S70: =R70*$O70 -> 70577298 | T70: 179635.86 | U70: =$O70*T70 -> 77635028 | V70: =W70/O70 -> 167247.26 | W70: =AVERAGEIF($P$3:$U$3,W$3,$P70:$U70) -> 72280919 | Y70: =Q70/$C$1 -> 357301.29
F71: Glyphosate | G71: Liter | J71: Ha | K71: 1 | L71: 192.08 | M71: 0.45 | N71: 1 | O71: =K71*L71*M71*N71 -> 86.436 | P71: 38965.658 | Q71: =P71*$O71 -> 3368035.6 | R71: 41620.321 | S71: =R71*$O71 -> 3597494 | T71: 44533.743 | U71: =$O71*T71 -> 3849318.6 | V71: =W71/O71 -> 41706.574 | W71: =AVERAGEIF($P$3:$U$3,W$3,$P71:$U71) -> 3604949.4 | Y71: =Q71/$C$1 -> 17534.546
F72: Metil Metsulfuron | G72: Kg | J72: Ha | K72: 1 | L72: 192.08 | M72: =18/1000 -> 0.018 | N72: 1 | O72: =K72*L72*M72*N72 -> 3.45744 | P72: 106269.98 | Q72: =P72*$O72 -> 367422.06 | R72: 113509.97 | S72: =R72*$O72 -> 392453.9 | T72: 121455.66 | U72: =$O72*T72 -> 419925.67 | V72: =W72/O72 -> 113745.2 | W72: =AVERAGEIF($P$3:$U$3,W$3,$P72:$U72) -> 393267.21 | Y72: =Q72/$C$1 -> 1912.8595
F73: Perekat | G73: Liter | J73: Ha | K73: 1 | L73: 192.08 | M73: 0.135 | N73: 3 | O73: =K73*L73*M73*N73 -> 77.7924 | P73: 49592.655 | Q73: =P73*$O73 -> 3857931.7 | R73: 52971.317 | S73: =R73*$O73 -> 4120765.9 | T73: 56679.309 | U73: =$O73*T73 -> 4409219.5 | V73: =W73/O73 -> 53081.094 | W73: =AVERAGEIF($P$3:$U$3,W$3,$P73:$U73) -> 4129305.7 | Y73: =Q73/$C$1 -> 20085.025
F74: FLUROXYPYR | G74: Liter | J74: Ha | K74: 1 | L74: 192.08 | M74: 0.5 | N74: 2 | O74: =K74*L74*M74*N74 -> 192.08 | P74: 163832.88 | Q74: =P74*$O74 -> 31469019 | Y74: =Q74/$C$1 -> 163832.88
F75: Premi Extra Fooding | G75: HK | J75: Ha | K75: 1 | L75: 192.08 | M75: =M70 -> 0.75 | N75: 3 | O75: =K75*L75*M75*N75 -> 432.18 | P75: 4469.4136 | Q75: =P75*$O75 -> 1931591.2 | R75: 4490.64 | S75: =R75*$O75 -> 1940764.8 | T75: 4849.8912 | U75: =$O75*T75 -> 2096026 | V75: =W75/O75 -> 4603.3149 | W75: =AVERAGEIF($P$3:$U$3,W$3,$P75:$U75) -> 1989460.6 | Y75: =Q75/$C$1 -> 10056.181
F76: Sprayer (Inter) | G76: Buah | J76: Ha | K76: 1 | L76: 192.08 | M76: =0.00625*(1/2) -> 0.003125 | N76: 3 | O76: =K76*L76*M76*N76 -> 1.80075 | P76: 1581858.1 | Q76: =P76*$O76 -> 2848531 | R76: 1593848.9 | S76: =R76*$O76 -> 2870123.3 | T76: 1721356.8 | U76: =$O76*T76 -> 3099733.2 | V76: =W76/O76 -> 1632354.6 | W76: =AVERAGEIF($P$3:$U$3,W$3,$P76:$U76) -> 2939462.5 | Y76: =Q76/$C$1 -> 14829.92
F77: Celemek | G77: Buah | H77: 4 | I77: X | J77: Ha | K77: 1 | L77: 192.08 | M77: =((M$70*N$70)/240*($H77/N77)) -> 0.0125 | N77: 3 | O77: =K77*L77*M77*N77 -> 7.203 | P77: 49592.655 | Q77: =P77*$O77 -> 357215.89 | R77: 49968.576 | S77: =R77*$O77 -> 359923.65 | T77: 53966.062 | U77: =$O77*T77 -> 388717.55 | V77: =W77/O77 -> 51175.764 | W77: =AVERAGEIF($P$3:$U$3,W$3,$P77:$U77) -> 368619.03 | Y77: =Q77/$C$1 -> 1859.7246
F78: Masker Chemical | G78: Buah | H78: 12 | I78: X | J78: Ha | K78: 1 | L78: 192.08 | M78: =((M$70*N$70)/240*($H78/N78)) -> 0.0375 | N78: 3 | O78: =K78*L78*M78*N78 -> 21.609 | P78: 16206.75 | Q78: =P78*$O78 -> 350211.66 | R78: 16329.6 | S78: =R78*$O78 -> 352866.33 | T78: 17635.968 | U78: =$O78*T78 -> 381095.63 | V78: =W78/O78 -> 16724.106 | W78: =AVERAGEIF($P$3:$U$3,W$3,$P78:$U78) -> 361391.21 | Y78: =Q78/$C$1 -> 1823.2594
F79: Kaca mata | G79: Buah | H79: 1 | I79: X | J79: Ha | K79: 1 | L79: 192.08 | M79: =((M$70*N$70)/240*($H79/N79)) -> 0.003125 | N79: 3 | O79: =K79*L79*M79*N79 -> 1.80075 | P79: 43393.573 | Q79: =P79*$O79 -> 78140.977 | R79: 43722.504 | S79: =R79*$O79 -> 78733.299 | T79: 47220.304 | U79: =$O79*T79 -> 85031.963 | V79: =W79/O79 -> 44778.794 | W79: =AVERAGEIF($P$3:$U$3,W$3,$P79:$U79) -> 80635.413 | Y79: =Q79/$C$1 -> 406.81475
F80: Sarung Tangan Karet | G80: Buah | H80: 2 | I80: X | J80: Ha | K80: 1 | L80: 192.08 | M80: =((M$70*N$70)/240*($H80/N80)) -> 0.00625 | N80: 3 | O80: =K80*L80*M80*N80 -> 3.6015 | P80: 37194.491 | Q80: =P80*$O80 -> 133955.96 | R80: 37476.432 | S80: =R80*$O80 -> 134971.37 | T80: 40474.547 | U80: =$O80*T80 -> 145769.08 | V80: =W80/O80 -> 38381.823 | W80: =AVERAGEIF($P$3:$U$3,W$3,$P80:$U80) -> 138232.14 | Y80: =Q80/$C$1 -> 697.39671
F81: Sepatu Boots | G81: Buah | H81: 1 | I81: X | J81: Ha | K81: 1 | L81: 192.08 | M81: =((M$70*N$70)/240*($H81/N81)) -> 0.003125 | N81: 3 | O81: =K81*L81*M81*N81 -> 1.80075 | P81: 99185.31 | Q81: =P81*$O81 -> 178607.95 | R81: 99937.152 | S81: =R81*$O81 -> 179961.83 | T81: 107932.12 | U81: =$O81*T81 -> 194358.77 | V81: =W81/O81 -> 102351.53 | W81: =AVERAGEIF($P$3:$U$3,W$3,$P81:$U81) -> 184309.52 | Y81: =Q81/$C$1 -> 929.86228
B82: SUB TOTAL PEMELIHARAAN PIRINGAN/PASAR RINTIS CHEMIST | Q82: =SUM(Q70:Q81) -> 1.135711e+08 | S82: =SUM(S70:S81) -> 84605356 | Y82: =Q82/$C$1 -> 591269.76 | Z82: =Q82/$Q$401*100 -> 4.7441483
D83: Pemeliharaan TPH (Chemist) | F83: Upah PHL | G83: HK
F84: Glyphosate | G84: Liter
F85: Metil Metsulfuron | G85: Kg
F86: Perekat | G86: Liter
F87: Premi Extra Fooding | G87: HK
F88: Sprayer (Inter) | G88: Buah
F89: Celemek | G89: Buah
F90: Masker | G90: Buah
F91: Kaca mata | G91: Buah
F92: Sarung Tangan Karet | G92: Buah
F93: Sepatu Boots | G93: Buah
D94: Pemeliharaan Pasar Rintis (Chemist) | F94: Upah PHL | G94: HK
F95: Glyphosate | G95: Liter
F96: Metil Metsulfuron | G96: Kg
F97: Perekat | G97: Liter
F98: Premi Extra Fooding | G98: HK
F99: Sprayer (Inter) | G99: Buah
F100: Celemek | G100: Buah
...

Sheet S1 TBM 3
B1: Luas : | C1: 192.08
B2: Pekerjaan | F2: Material | H2: Rotasi APD | J2: TBM 3 | P2: 2029 | R2: 2029 | T2: 2029 | V2: Rata-rata | Y2: Rp/Ha | Z2: (%)
F3: Jenis | G3: Sat | J3: Sat | K3: Vol | M3: Norma | N3: Rotasi | O3: Jumlah Unit | P3: Rp Sat | Q3: Jumlah RP | R3: Rp Sat | S3: Jumlah RP | T3: Rp Sat | U3: Jumlah RP | V3: Rp Sat | W3: Jumlah RP | X3: Keterangan
K4: % | L4: Luas/Mtr/Pkk/Unit
B5: TANAM KACANGAN
C6: Tanam Kacangan | F6: Upah PHL | G6: HK
F7: PJ | G7: Kg
F8: CM | G8: Kg
F9: MB (Mocuna Bracteata) | G9: Kg
F10: Rizhobium | G10: Kg
F11: Rock Phosphate | G11: Kg
F12: Sepatu Boots | G12: Buah | H12: 1 | I12: X
C13: Pemeliharaan Kacangan | F13: Upah PHL | G13: HK
C14: Bongkar Tumbuhan Pengganggu | F14: Upah PHL | G14: HK
F15: Glyphosate | G15: Liter
F16: Metil Metsulfuron | G16: Kg
F17: Perekat | G17: Liter
F18: Sprayer | G18: Buah
F19: Premi Extra Fooding | G19: HK
F20: Celemek | G20: Buah | H20: 4 | I20: X
F21: Masker Chemical | G21: Buah | H21: 12 | I21: X
F22: Kaca mata | G22: Buah | H22: 1 | I22: X
F23: Sarung Tangan Karet | G23: Buah | H23: 2 | I23: X
F24: Sepatu Boots | G24: Buah | H24: 1 | I24: X
C25: Pemberantasan Lalang | F25: Upah PHL | G25: HK
F26: Glyphosate | G26: Liter
F27: Perekat | G27: Liter
F28: Sprayer | G28: Buah
F29: Premi Extra Fooding | G29: HK
F30: Celemek | G30: Buah | H30: 4 | I30: X
F31: Masker | G31: Buah | H31: 12 | I31: X
F32: Kaca mata | G32: Buah | H32: 1 | I32: X
F33: Sarung Tangan Karet | G33: Buah | H33: 2 | I33: X
F34: Sepatu Boots | G34: Buah | H34: 1 | I34: X
B35: SUB TOTAL TANAM KACANGAN | Q35: =SUM(Q6:Q34) -> 0 | R35: =SUM(R6:R34) -> 0 | S35: =SUM(S6:S34) -> 0 | T35: =SUM(T6:T34) -> 0 | U35: =SUM(U6:U34) -> 0 | V35: =SUM(V6:V34) -> 0 | W35: =SUM(W6:W34) -> 0 | X35: =SUM(X6:X34) -> 0 | ... AA35: =SUM(AA6:AA34) -> 0
B36: TANAMAN BELUM MENGHASILKAN
B37: PEMBUATAN PIRINGAN, PASAR RINTIS, TPH DAN TITI PASAR RINTIS
C38: Pembuatan Piringan | F38: Upah PHL | G38: HK | O38: =K38*L38*M38*N38 -> 0 | P38: 169122.61 | Q38: =P38*$O38 -> 0 | R38: 179635.86 | S38: =R38*$O38 -> 0 | T38: 197599.45 | U38: =$O38*T38 -> 0 | V38: =W38/O38 -> #DIV/0! | W38: =AVERAGEIF($P$3:$U$3,W$3,$P38:$U38) -> 0
F39: Cangkul | G39: Buah
F40: Sepatu Boots | G40: Buah
C41: Pembuatan Pasar Rintis | F41: Upah PHL | G41: HK
F42: Cangkul | G42: Buah
F43: Sepatu Boots | G43: Buah
C44: Pembuatan TPH | F44: Upah PHL | G44: HK | K44: 1 | L44: 192.08 | M44: =1/8 -> 0.125 | N44: 1 | O44: =K44*L44*M44*N44 -> 24.01 | P44: 180115.58 | Q44: =P44*$O44 -> 4324575.1 | R44: 179635.86 | S44: =R44*$O44 -> 4313057.1 | T44: 197599.45 | U44: =$O44*T44 -> 4744362.8 | V44: =W44/O44 -> 185783.63 | W44: =AVERAGEIF($P$3:$U$3,W$3,$P44:$U44) -> 4460665 | Y44: =Q44/$C$1 -> 22514.448
F45: Cangkul | G45: Buah | K45: 1 | L45: 192.08 | M45: 0.0083 | N45: 1 | O45: =K45*L45*M45*N45 -> 1.594264 | P45: 92133.854 | Q45: =P45*$O45 -> 146885.69 | Y45: =Q45/$C$1 -> 764.71099
F46: Sepatu Boots | K46: 1 | L46: 192.08 | M46: 0.010416667 | N46: 1 | O46: =K46*L46*M46*N46 -> 2.0008333 | P46: 104144.58 | Q46: =P46*$O46 -> 208375.94 | Y46: =Q46/$C$1 -> 1084.8393
B47: SUB TOTAL PEMBUATAN TPH | Q47: =SUM(Q44:Q46) -> 4679836.7 | S47: =SUM(S36:S46) -> 4313057.1 | Y47: =Q47/$C$1 -> 24363.998 | Z47: =Q47/$Q$395*100 -> 0.11676704
C48: Pembuatan Titi Pasar Rintis | F48: Upah PHL | G48: HK | M48: 0.5 | N48: 1 | O48: =K48*L48*M48*N48 -> 0 | P48: 169122.61 | Q48: =P48*$O48 -> 0 | R48: 179635.86 | S48: =R48*$O48 -> 0 | T48: 197599.45 | U48: =$O48*T48 -> 0 | V48: =W48/O48 -> #DIV/0! | W48: =AVERAGEIF($P$3:$U$3,W$3,$P48:$U48) -> 0
F49: Titi Pasar Rintis 1 | G49: Buah | M49: 0.5 | N49: 1 | O49: =K49*L49*M49*N49 -> 0 | P49: 520931.25 | Q49: =P49*$O49 -> 0 | R49: 598950 | S49: =R49*$O49 -> 0 | T49: 658845 | U49: =$O49*T49 -> 0 | V49: =W49/O49 -> #DIV/0! | W49: =AVERAGEIF($P$3:$U$3,W$3,$P49:$U49) -> 0
F50: Sepatu Boots | G50: Buah
C51: Pembuatan Pasar Pikul / Pasar Tengah | F51: Upah PHL | G51: HK | M51: 0.15 | N51: 1
F52: Parang | G52: Buah | M52: 0.0005 | N52: 1
F53: Sepatu Boots | G53: Buah | H53: 1 | I53: X | M53: =((M$51*N$51)/240*($H53/N53)) -> 0.000625 | N53: 1
C54: PEMELIHARAAN TITI PASAR RINTIS | F54: Upah PHL | G54: HK | N54: 1
F55: Titi Pasar Rintis 1 | G55: Unit | N55: 1
F56: TLB 1 | G56: HM | N56: 1
B57: SUB TOTAL PEMBUATAN PIRINGAN,PASAR RINTIS,TPH & TITI PASAR RINTIS | Q57: =Q47 -> 4679836.7 | S57: =SUM(S46:S56) -> 4313057.1 | Y57: =Q57/$C$1 -> 24363.998 | Z57: =Q57/$Q$395*100 -> 0.11676704
B58: PENGENDALIAN GULMA
C59: Pemel. Piringan, TPH dan Pasar Rintis (Manual)
D60: Pemeliharaan Piringan Manual | F60: Upah PHL | G60: HK | J60: Ha | K60: 1 | L60: 192.08 | M60: 2.5 | N60: 1 | O60: =K60*L60*M60*N60 -> 480.2 | P60: 180115.58 | Q60: =P60*$O60 -> 86491502 | R60: 179635.86 | S60: =R60*$O60 -> 86261142 | T60: 197599.45 | U60: =$O60*T60 -> 94887256 | V60: =W60/O60 -> 185783.63 | W60: =AVERAGEIF($P$3:$U$3,W$3,$P60:$U60) -> 89213300 | Y60: =Q60/$C$1 -> 450288.95
F61: Cangkul | G61: Buah | J61: Ha | K61: 1 | L61: 192.08 | M61: 0.0083 | N61: 1 | O61: =K61*L61*M61*N61 -> 1.594264 | P61: 92133.854 | Q61: =P61*$O61 -> 146885.69 | Y61: =Q61/$C$1 -> 764.71099
F62: Sepatu Boots | G62: Buah | H62: 1 | I62: X | K62: 1 | L62: 192.08 | M62: =((M$60*N$60)/240*($H62/N62)) -> 0.010416667 | N62: 1 | O62: =K62*L62*M62*N62 -> 2.0008333 | P62: 104144.58 | Q62: =P62*$O62 -> 208375.94 | Y62: =Q62/$C$1 -> 1084.8393
B63: SUB TOTAL PEMEL PIRINGAN MANUAL | Q63: =SUM(Q60:Q62) -> 86846764 | S63: =SUM(S52:S62) -> 90574199 | Y63: =Q63/$C$1 -> 452138.5 | Z63: =Q63/$Q$395*100 -> 2.1669217
D64: Pemeliharaan TPH Manual | F64: Upah PHL | G64: HK
F65: Cangkul | G65: Buah
F66: Sepatu Boots | G66: Buah
D67: Pemeliharaan Pasar Rintis Manual | F67: Upah PHL | G67: HK | J67: Ha | K67: 1 | L67: 192.08 | M67: 5 | N67: 1 | O67: =K67*L67*M67*N67 -> 960.4 | P67: 180115.58 | Q67: =P67*$O67 -> 1.72983e+08 | R67: 179635.86 | S67: =R67*$O67 -> 1.7252228e+08 | T67: 197599.45 | U67: =$O67*T67 -> 1.8977451e+08 | V67: =W67/O67 -> 185783.63 | W67: =AVERAGEIF($P$3:$U$3,W$3,$P67:$U67) -> 1.784266e+08 | Y67: =Q67/$C$1 -> 900577.9
F68: Parang | G68: Buah | J68: Ha | K68: 1 | L68: 192.08 | M68: 0.005 | N68: 1 | O68: =K68*L68*M68*N68 -> 0.9604 | P68: 146143.36 | Q68: =P68*$O68 -> 140356.08 | Y68: =Q68/$C$1 -> 730.71678
F69: Sepatu Boots | G69: Buah | H69: 1 | I69: X | K69: 1 | L69: 192.08 | M69: =((M$67*N$67)/240*($H69/N69)) -> 0.020833333 | N69: 1 | O69: =K69*L69*M69*N69 -> 4.0016667 | P69: 104144.58 | Q69: =P69*$O69 -> 416751.88 | Y69: =Q69/$C$1 -> 2169.6787
B70: SUB TOTAL PEMEL PASAR RINTIS MANUAL | Q70: =SUM(Q64:Q69) -> 1.7354011e+08 | S70: =SUM(S60:S69) -> 3.4935763e+08 | Y70: =Q70/$C$1 -> 903478.3 | Z70: =Q70/$Q$395*100 -> 4.3300155
C71: Pemel. Piringan, TPH dan Pasar Rintis (Chemis)
D72: Pemeliharaan Piringan /Pasar Rintis(Chemist) | F72: Upah PHL | G72: HK | J72: Ha | K72: 1 | L72: 192.08 | M72: 0.75 | N72: 3 | O72: =K72*L72*M72*N72 -> 432.18 | P72: 180115.58 | Q72: =P72*$O72 -> 77842352 | R72: 179635.86 | S72: =R72*$O72 -> 77635028 | T72: 197599.45 | U72: =$O72*T72 -> 85398531 | V72: =W72/O72 -> 185783.63 | W72: =AVERAGEIF($P$3:$U$3,W$3,$P72:$U72) -> 80291970 | Y72: =Q72/$C$1 -> 405260.06
F73: Glyphosate | G73: Liter | J73: Ha | K73: 1 | L73: 192.08 | M73: 0.45 | N73: 1 | O73: =K73*L73*M73*N73 -> 86.436 | P73: 40913.94 | Q73: =P73*$O73 -> 3536437.4 | R73: 44533.743 | S73: =R73*$O73 -> 3849318.6 | T73: 47651.105 | U73: =$O73*T73 -> 4118770.9 | V73: =W73/O73 -> 44366.263 | W73: =AVERAGEIF($P$3:$U$3,W$3,$P73:$U73) -> 3834842.3 | Y73: =Q73/$C$1 -> 18411.273
F74: Metil Metsulfuron | G74: Kg | J74: Ha | K74: 1 | L74: 192.08 | M74: =18/1000 -> 0.018 | N74: 1 | O74: =K74*L74*M74*N74 -> 3.45744 | P74: 111583.47 | Q74: =P74*$O74 -> 385793.17 | R74: 121455.66 | S74: =R74*$O74 -> 419925.67 | T74: 129957.56 | U74: =$O74*T74 -> 449320.46 | V74: =W74/O74 -> 120998.9 | W74: =AVERAGEIF($P$3:$U$3,W$3,$P74:$U74) -> 418346.43 | Y74: =Q74/$C$1 -> 2008.5025
F75: Perekat | G75: Liter | J75: Ha | K75: 1 | L75: 192.08 | M75: 0.135 | N75: 3 | O75: =K75*L75*M75*N75 -> 77.7924 | P75: 52072.288 | Q75: =P75*$O75 -> 4050828.2 | R75: 56679.309 | S75: =R75*$O75 -> 4409219.5 | T75: 60646.861 | U75: =$O75*T75 -> 4717864.9 | V75: =W75/O75 -> 56466.153 | W75: =AVERAGEIF($P$3:$U$3,W$3,$P75:$U75) -> 4392637.5 | Y75: =Q75/$C$1 -> 21089.277
F76: FLUROXYPYR | G76: Liter | J76: Ha | K76: 1 | L76: 192.08 | M76: 0.5 | N76: 2 | O76: =K76*L76*M76*N76 -> 192.08 | P76: 172024.52 | Q76: =P76*$O76 -> 33042470 | Y76: =Q76/$C$1 -> 172024.52
F77: Premi Extra Fooding | G77: HK | J77: Ha | K77: 1 | L77: 192.08 | M77: =M72 -> 0.75 | N77: 3 | O77: =K77*L77*M77*N77 -> 432.18 | P77: 4759.9255 | Q77: =P77*$O77 -> 2057144.6 | R77: 4849.8912 | S77: =R77*$O77 -> 2096026 | T77: 5237.8825 | U77: =$O77*T77 -> 2263708.1 | V77: =W77/O77 -> 4949.2331 | W77: =AVERAGEIF($P$3:$U$3,W$3,$P77:$U77) -> 2138959.5 | Y77: =Q77/$C$1 -> 10709.832
F78: Sprayer (Inter) | G78: Buah | J78: Ha | K78: 1 | L78: 192.08 | M78: =0.00625*(1/2) -> 0.003125 | N78: 3 | O78: =K78*L78*M78*N78 -> 1.80075 | P78: 1660951 | Q78: =P78*$O78 -> 2990957.5 | R78: 1721356.8 | S78: =R78*$O78 -> 3099733.2 | T78: 1859065.3 | U78: =$O78*T78 -> 3347711.9 | V78: =W78/O78 -> 1747124.4 | W78: =AVERAGEIF($P$3:$U$3,W$3,$P78:$U78) -> 3146134.2 | Y78: =Q78/$C$1 -> 15571.416
F79: Celemek | G79: Buah | H79: 4 | I79: X | J79: Ha | K79: 1 | L79: 192.08 | M79: =((M$72*N$72)/240*($H79/N79)) -> 0.0125 | N79: 3 | O79: =K79*L79*M79*N79 -> 7.203 | P79: 52072.288 | Q79: =P79*$O79 -> 375076.69 | R79: 53966.062 | S79: =R79*$O79 -> 388717.55 | T79: 58283.347 | U79: =$O79*T79 -> 419814.95 | V79: =W79/O79 -> 54773.899 | W79: =AVERAGEIF($P$3:$U$3,W$3,$P79:$U79) -> 394536.39 | Y79: =Q79/$C$1 -> 1952.7108
F80: Masker Chemical | G80: Buah | H80: 12 | I80: X | J80: Ha | K80: 1 | L80: 192.08 | M80: =((M$72*N$72)/240*($H80/N80)) -> 0.0375 | N80: 3 | O80: =K80*L80*M80*N80 -> 21.609 | P80: 17017.088 | Q80: =P80*$O80 -> 367722.24 | R80: 17635.968 | S80: =R80*$O80 -> 381095.63 | T80: 19046.845 | U80: =$O80*T80 -> 411583.28 | V80: =W80/O80 -> 17899.967 | W80: =AVERAGEIF($P$3:$U$3,W$3,$P80:$U80) -> 386800.39 | Y80: =Q80/$C$1 -> 1914.4223
F81: Kaca mata | G81: Buah | H81: 1 | I81: X | J81: Ha | K81: 1 | L81: 192.08 | M81: =((M$72*N$72)/240*($H81/N81)) -> 0.003125 | N81: 3 | O81: =K81*L81*M81*N81 -> 1.80075 | P81: 45563.252 | Q81: =P81*$O81 -> 82048.026 | R81: 47220.304 | S81: =R81*$O81 -> 85031.963 | T81: 50997.929 | U81: =$O81*T81 -> 91834.52 | V81: =W81/O81 -> 47927.162 | W81: =AVERAGEIF($P$3:$U$3,W$3,$P81:$U81) -> 86304.836 | Y81: =Q81/$C$1 -> 427.15549
F82: Sarung Tangan Karet | G82: Buah | H82: 2 | I82: X | J82: Ha | K82: 1 | L82: 192.08 | M82: =((M$72*N$72)/240*($H82/N82)) -> 0.00625 | N82: 3 | O82: =K82*L82*M82*N82 -> 3.6015 | P82: 39054.216 | Q82: =P82*$O82 -> 140653.76 | R82: 40474.547 | S82: =R82*$O82 -> 145769.08 | T82: 43712.51 | U82: =$O82*T82 -> 157430.61 | V82: =W82/O82 -> 41080.424 | W82: =AVERAGEIF($P$3:$U$3,W$3,$P82:$U82) -> 147951.15 | Y82: =Q82/$C$1 -> 732.26655
F83: Sepatu Boots | G83: Buah | H83: 1 | I83: X | J83: Ha | K83: 1 | L83: 192.08 | M83: =((M$72*N$72)/240*($H83/N83)) -> 0.003125 | N83: 3 | O83: =K83*L83*M83*N83 -> 1.80075 | P83: 104144.58 | Q83: =P83*$O83 -> 187538.34 | R83: 107932.12 | S83: =R83*$O83 -> 194358.77 | T83: 116566.69 | U83: =$O83*T83 -> 209907.47 | V83: =W83/O83 -> 109547.8 | W83: =AVERAGEIF($P$3:$U$3,W$3,$P83:$U83) -> 197268.2 | Y83: =Q83/$C$1 -> 976.3554
B84: SUB TOTAL PEMEL PIRINGAN/PASAR RINTIS CHEMIST | Q84: =SUM(Q72:Q83) -> 1.2505902e+08 | S84: =SUM(S72:S83) -> 92704224 | Y84: =Q84/$C$1 -> 651077.79 | Z84: =Q84/$Q$395*100 -> 3.1203593
D85: Pemeliharaan TPH (Chemist) | F85: Upah PHL | G85: HK
F86: Glyphosate | G86: Liter
F87: Metil Metsulfuron | G87: Kg
F88: Perekat | G88: Liter
F89: Premi Extra Fooding | G89: HK
F90: Sprayer (Inter) | G90: Buah
F91: Celemek | G91: Buah
F92: Masker | G92: Buah
F93: Kaca mata | G93: Buah
F94: Sarung Tangan Karet | G94: Buah
F95: Sepatu Boots | G95: Buah
D96: Pemeliharaan Pasar Rintis (Chemist) | F96: Upah PHL | G96: HK
F97: Glyphosate | G97: Liter
F98: Metil Metsulfuron | G98: Kg
F99: Perekat | G99: Liter
F100: Premi Extra Fooding | G100: HK
...
