Workbook
Name \0: #REF!
Name \a: #N/A
Name \b: #N/A
Name \g: #N/A
Name \n: #N/A
Name __kop2: #REF!
Name __s2: #REF!
Name __SKF1: #REF!
Name __SKF2: #REF!
Name _0: #REF!
Name _10_b_1: #REF!
Name _11_g_1: #REF!
Name _12_n_1: #REF!
Name _13Excel_BuiltIn_Database_1: #REF!
Name _14Excel_BuiltIn_Print_Area_1: #REF!
Name _15Excel_BuiltIn_Print_Area_31_1: #REF!
Name _16Excel_BuiltIn_Print_Titles_1: #REF!
Name _432: 432
Name _8_0_1: #REF!
Name _8311: #REF!
Name _9_A_1: #REF!
Name _A: #REF!
Name _A_1: #REF!
Name _A_2: #REF!
Name _A_28: #REF!
Name _A_3: #REF!
Name _A_31: #REF!
Name _A_58: #REF!
Name _A_7: #REF!
Name _A_8: #REF!
Name _A_86: #REF!
Name _A_87: #REF!
Name _A_9: #REF!
Name _b: #REF!
Name _g: #REF!
Name _HOME___FR_PGSE: #REF!
Name _HOME___PG_FRSE: #REF!
Name _kop2: #REF!
Name _n: #REF!
Name _PG: #REF!
Name _Regression_Int: 1
Name _s2: #REF!
Name _SKF1: #REF!
Name _SKF2: #REF!
Name A: #N/A
Name aa: #N/A
Name are: #REF!
Name ari: #REF!
Name bln: #N/A
Name capital: #N/A
Name CC: #REF!
Name CC_31: #REF!
Name CC_7: #REF!
Name CCC: #REF!
Name Cetak: #REF!
Name dea: #N/A
Name df: #REF!
Name edar: #N/A
Name er: #REF!
Name Excel_BuiltIn_Database: #REF!

Sheet RKP
B1: RENCANA KERJA PROYEK ( RKP )
B2: PT. FAST FOREST DEVELOPMENT
B3: KEBUN FFD INTI
B5: LUAS : | D5: 45,36 Ha | E5: Tahun 2026/2027/2028/2029
B6: No. | C6: Pekerjaan | E6: Rencana | H6: TAHUN I ( 2026 ) | R6: TAHUN II ( 2027 ) | AB6: TAHUN III ( 2028 ) | AL6: TAHUN IV ( 2029 )
E7: Proyek 4 Tahun | G7: Harga | H7: Catur Wulan 1 | J7: Catur Wulan 2 | L7: Catur Wulan 3 | N7: Jumlah Tahun I | P7: Jumlah S/d Tahun I | R7: Catur Wulan 1 | T7: Catur Wulan 2 | V7: Catur Wulan 3 | X7: Jumlah Tahun II | Z7: Jumlah S/d Tahun II | AB7: Catur Wulan 1 | AD7: Catur Wulan 2 | AF7: Catur Wulan 3 | AH7: Jumlah Tahun III | AJ7: Jumlah S/d Tahun III | AL7: Catur Wulan 1 | AN7: Catur Wulan 2 | AP7: Catur Wulan 3 | AR7: Jumlah Tahun IV | AT7: Jumlah S/d Tahun IV
E8: Volume | F8: Biaya | G8: Satuan | H8: Fisik | I8: Biaya | J8: Fisik | K8: Biaya | L8: Fisik | M8: Biaya | N8: Fisik | O8: Biaya | P8: Fisik | Q8: Biaya | R8: Fisik | S8: Biaya | T8: Fisik | U8: Biaya | V8: Fisik | W8: Biaya | X8: Fisik | Y8: Biaya | Z8: Fisik | AA8: Biaya | AB8: Fisik | AC8: Biaya | AD8: Fisik | AE8: Biaya | AF8: Fisik | AG8: Biaya | AH8: Fisik | AI8: Biaya | AJ8: Fisik | AK8: Biaya | AL8: Fisik | AM8: Biaya | AN8: Fisik | AO8: Biaya | AP8: Fisik | AQ8: Biaya | AR8: Fisik | AS8: Biaya | AT8: Fisik | AU8: Biaya
E9: ( Ha ) | F9: ( Rp ) | G9: ( Rp / Ha ) | H9: ( Ha ) | I9: ( Rp ) | J9: ( Ha ) | K9: ( Rp ) | L9: ( Ha ) | M9: ( Rp ) | N9: ( Ha ) | O9: ( Rp ) | P9: ( Ha ) | Q9: ( Rp ) | R9: ( Ha ) | S9: ( Rp ) | T9: ( Ha ) | U9: ( Rp ) | V9: ( Ha ) | W9: ( Rp ) | X9: ( Ha ) | Y9: ( Rp ) | Z9: ( Ha ) | AA9: ( Rp ) | AB9: ( Ha ) | AC9: ( Rp ) | AD9: ( Ha ) | AE9: ( Rp ) | AF9: ( Ha ) | AG9: ( Rp ) | AH9: ( Ha ) | AI9: ( Rp ) | AJ9: ( Ha ) | AK9: ( Rp ) | AL9: ( Ha ) | AM9: ( Rp ) | AN9: ( Ha ) | AO9: ( Rp ) | AP9: ( Ha ) | AQ9: ( Rp ) | AR9: ( Ha ) | AS9: ( Rp ) | AT9: ( Ha ) | AU9: ( Rp )
B10: 1 | C10: Reklamasi TB | E10: 45.36 | F10: =E10*G10 -> 3.7711084e+09 | G10: ='REKAP BIAYA'!F50 -> 83137310 | H10: =$E$10/3 -> 15.12 | I10: =H10*$G10 -> 1.2570361e+09 | J10: =$E$10/3 -> 15.12 | K10: =J10*$G10 -> 1.2570361e+09 | L10: =$E$10/3 -> 15.12 | M10: =L10*$G10 -> 1.2570361e+09 | N10: =H10+J10+L10 -> 45.36 | O10: =I10+K10+M10 -> 3.7711084e+09 | P10: =N10 -> 45.36 | Q10: =O10 -> 3.7711084e+09 | Z10: =P10 -> 45.36 | AA10: =Q10 -> 3.7711084e+09 | AJ10: =Z10 -> 45.36 | AK10: =AA10 -> 3.7711084e+09 | AT10: =AJ10 -> 45.36 | AU10: =AK10 -> 3.7711084e+09
B11: 2 | C11: Pemeliharaan TBM-1 | E11: =E10 -> 45.36 | F11: =E11*G11 -> 5.0081171e+08 | G11: ='REKAP BIAYA'!N41 -> 11040823 | I11: =H11*$G11 -> 0 | K11: =J11*$G11 -> 0 | M11: =L11*$G11 -> 0 | N11: =H11+J11+L11 -> 0 | O11: =I11+K11+M11 -> 0 | P11: =N11 -> 0 | Q11: =O11 -> 0 | R11: =$E$11/3 -> 15.12 | S11: =R11*$G11 -> 1.6693724e+08 | T11: =$E$11/3 -> 15.12 | U11: =T11*$G11 -> 1.6693724e+08 | V11: =$E$11/3 -> 15.12 | W11: =V11*$G11 -> 1.6693724e+08 | X11: =R11+T11+V11 -> 45.36 | Y11: =S11+U11+W11 -> 5.0081171e+08 | Z11: =X11+P11 -> 45.36 | AA11: =Y11+Q11 -> 5.0081171e+08 | AC11: =AB11*$G11 -> 0 | AE11: =AD11*$G11 -> 0 | AG11: =AF11*$G11 -> 0 | AH11: =AB11+AD11+AF11 -> 0 | AI11: =AC11+AE11+AG11 -> 0 | AJ11: =AH11+Z11 -> 45.36 | AK11: =AI11+AA11 -> 5.0081171e+08 | AM11: =AL11*$G11 -> 0 | AO11: =AN11*$G11 -> 0 | AQ11: =AP11*$G11 -> 0 | AR11: =AL11+AN11+AP11 -> 0 | AS11: =AM11+AO11+AQ11 -> 0 | AT11: =AR11+AJ11 -> 45.36 | AU11: =AS11+AK11 -> 5.0081171e+08
B12: 3 | C12: Pemeliharaan TBM-2 | E12: =E11 -> 45.36 | F12: =E12*G12 -> 5.9017324e+08 | G12: ='REKAP BIAYA'!V40 -> 13010874 | I12: =H12*$G12 -> 0 | K12: =J12*$G12 -> 0 | M12: =L12*$G12 -> 0 | N12: =H12+J12+L12 -> 0 | O12: =I12+K12+M12 -> 0 | P12: =N12 -> 0 | Q12: =O12 -> 0 | R12: =L11/3 -> 0 | S12: =R12*$G12 -> 0 | T12: =R12 -> 0 | U12: =T12*$G12 -> 0 | V12: =T12 -> 0 | W12: =V12*$G12 -> 0 | X12: =R12+T12+V12 -> 0 | Y12: =S12+U12+W12 -> 0 | Z12: =X12+P12 -> 0 | AA12: =Y12+Q12 -> 0 | AB12: =$E$12/3 -> 15.12 | AC12: =AB12*$G12 -> 1.9672441e+08 | AD12: =$E$12/3 -> 15.12 | AE12: =AD12*$G12 -> 1.9672441e+08 | AF12: =$E$12/3 -> 15.12 | AG12: =AF12*$G12 -> 1.9672441e+08 | AH12: =X11 -> 45.36 | AI12: =AC12+AE12+AG12 -> 5.9017324e+08 | AJ12: =AH12+Z12 -> 45.36 | AK12: =AI12+AA12 -> 5.9017324e+08 | AL12: =AH11/3 -> 0 | AM12: =AL12*$G12 -> 0 | AN12: =AL12 -> 0 | AO12: =AN12*$G12 -> 0 | AP12: =AN12 -> 0 | AQ12: =AP12*$G12 -> 0 | AR12: =AL12+AN12+AP12 -> 0 | AS12: =AM12+AO12+AQ12 -> 0 | AT12: =AR12+AJ12 -> 45.36 | AU12: =AS12+AK12 -> 5.9017324e+08
B13: 4 | C13: Pemeliharaan TBM-3 | E13: =E12 -> 45.36 | F13: =E13*G13 -> 8.4939897e+08 | G13: ='REKAP BIAYA'!AD42 -> 18725727 | I13: =H13*$G13 -> 0 | K13: =J13*$G13 -> 0 | M13: =L13*$G13 -> 0 | N13: =H13+J13+L13 -> 0 | O13: =I13+K13+M13 -> 0 | P13: =N13 -> 0 | Q13: =O13 -> 0 | S13: =R13*$G13 -> 0 | U13: =T13*$G13 -> 0 | W13: =V13*$G13 -> 0 | X13: =R13+T13+V13 -> 0 | Y13: =S13+U13+W13 -> 0 | Z13: =X13+P13 -> 0 | AA13: =Y13+Q13 -> 0 | AB13: =R12 -> 0 | AC13: =AB13*$G13 -> 0 | AD13: =AB13 -> 0 | AE13: =AD13*$G13 -> 0 | AF13: =AD13 -> 0 | AG13: =AF13*$G13 -> 0 | AH13: =AB13+AD13+AF13 -> 0 | AI13: =AC13+AE13+AG13 -> 0 | AJ13: =AH13+Z13 -> 0 | AK13: =AI13+AA13 -> 0 | AL13: =$E$13/3 -> 15.12 | AM13: =AL13*$G13 -> 2.8313299e+08 | AN13: =$E$13/3 -> 15.12 | AO13: =AN13*$G13 -> 2.8313299e+08 | AP13: =$E$13/3 -> 15.12 | AQ13: =AP13*$G13 -> 2.8313299e+08 | AR13: =AL13+AN13+AP13 -> 45.36 | AS13: =AM13+AO13+AQ13 -> 8.4939897e+08 | AT13: =AR13+AJ13 -> 45.36 | AU13: =AS13+AK13 -> 8.4939897e+08
B14: GRAND TOTAL BIAYA | E14: =E10 -> 45.36 | F14: =SUM(F10:F13) -> 5.7114923e+09 | G14: =F14/E14 -> 1.2591473e+08 | I14: =SUM(I10:I13) -> 1.2570361e+09 | K14: =SUM(K10:K13) -> 1.2570361e+09 | M14: =SUM(M10:M13) -> 1.2570361e+09 | O14: =SUM(O10:O13) -> 3.7711084e+09 | Q14: =SUM(Q10:Q13) -> 3.7711084e+09 | S14: =SUM(S10:S13) -> 1.6693724e+08 | U14: =SUM(U10:U13) -> 1.6693724e+08 | W14: =SUM(W10:W13) -> 1.6693724e+08 | Y14: =SUM(Y10:Y13) -> 5.0081171e+08 | AA14: =SUM(AA10:AA13) -> 4.2719201e+09 | AC14: =SUM(AC10:AC13) -> 1.9672441e+08 | AE14: =SUM(AE10:AE13) -> 1.9672441e+08 | AG14: =SUM(AG10:AG13) -> 1.9672441e+08 | AI14: =SUM(AI10:AI13) -> 5.9017324e+08 | AK14: =SUM(AK10:AK13) -> 4.8620933e+09 | AM14: =SUM(AM10:AM13) -> 2.8313299e+08 | AO14: =SUM(AO10:AO13) -> 2.8313299e+08 | AQ14: =SUM(AQ10:AQ13) -> 2.8313299e+08 | AS14: =SUM(AS10:AS13) -> 8.4939897e+08 | AU14: =SUM(AU10:AU13) -> 5.7114923e+09
I18: Disetujui Oleh ; | J18: Diperiksa Oleh ; | L18: Disusun Oleh ; | AS18: Satui, 30 September 2025
N19: Diketahui Oleh ; | X19: Disetujui Oleh ; | AI19: Diperiksa Oleh ; | AS19: Disusun Oleh ;
AS20: Samsir Hadi
I22: Direktur | J22: Pjs. GM Agronomy | L22: Askep Project Re-Planting & Reklamasi | N22: Imam Satoto Yudiono | X22: Hairul Amri | AI22: A r i f
N23: Direktur Utama | X23: Direktur | AI23: Pjs. GM Agronomy | AS23: Askep Project Re-Planting & Reklamasi

Sheet REKAP BIAYA
A2: 45.36 | B2: 45.36
A3: 45.36 | B3: REKAPITULASI RENCANA BIAYA REPLANTING, PERAWATAN TBM 01 TBM 02 TBM 03 BKB INTI TAHUN TANAM 1998 & 1999
B4: TB | J4: TBM 1 | R4: TBM 2 | Z4: TBM 3
B5: No | C5: Pekerjaan | E5: Jumlah Rp | F5: Total Rp | G5: Rp/Ha | H5: Persentase (%) | J5: No | K5: Pekerjaan | M5: Jumlah Rp | N5: Total Rp | O5: Rp/Ha | P5: Persentase (%) | R5: No | S5: Pekerjaan | U5: Jumlah Rp | V5: Total Rp | W5: Rp/Ha | X5: Persentase (%) | Z5: No | AA5: Pekerjaan | AC5: Jumlah Rp | AD5: Total Rp | AE5: Rp/Ha | AF5: Persentase (%)
B6: 1 | C6: Pembukaan Lahan CECT | D6: Identifikasi Blok | E6: ='SI TB LC'!Q7 -> 1690890.6 | F6: =SUM(E6:E11) -> 2.3232915e+09 | G6: =F6/A2 -> 51218948 | H6: =F6/$F$49*100 -> 61.607656 | J6: 1 | K6: Pembuatan Piringan & Titi Pasar Rintis | L6: Pembuatan Piringan | M6: =SUM('S1 TBM 1'!S38:S40) -> 18088740 | N6: =SUM(M6:M7) -> 27359242 | O6: =N6/A3 -> 603157.9 | P6: =N6/N40*100 -> 5.4629797 | R6: 1 | S6: Pemeliharaan Piringan Gawangan Manual & Chemist | T6: Pemeliharaan Piringan Manual | U6: =SUM('S1 TBM 2'!Q59:Q61) -> 19258405 | V6: =SUM(U6:U9) -> 1.0294864e+08 | W6: =V6/$A$3 -> 2269590.8 | X6: =V6/V39*100 -> 17.443799 | Z6: 1 | AA6: Pembuatan TPH, Pemeliharaan Piringan Gawangan Manual & Chemist | AB6: Pembuatan TPH | AC6: =SUM('S1 TBM 3'!Q44:Q46) -> 1105150.9 | AD6: =SUM(AC6:AC11) -> 1.5077158e+08 | AE6: =AD6/$A$3 -> 3323888.4 | AF6: =AD6/AD41*100 -> 17.750384
D7: Reklamasi | E7: =SUM('SI TB LC'!Q22) -> 2.265419e+09 | L7: Pembuatan Titi Pasar Rintis | M7: =SUM('S1 TBM 1'!S48:S50) -> 9270502.6 | T7: Pemeliharaan Piringan /Pasar Rintis(Chemist) | U7: =SUM('S1 TBM 2'!Q71:Q82) -> 27873463 | AB7: Pemeliharaan Piringan Manual | AC7: =SUM('S1 TBM 3'!Q60:Q62) -> 20509002
D8: Tumbang Chipping | E8: =SUM('SI TB LC'!Q27:Q32) -> 0 | J8: 2 | K8: Pemeliharaan Piringan Gawangan Manual & Chemist | L8: Pemeliharaan Piringan Manual | M8: =SUM('S1 TBM 1'!S61:S63) -> 18084081 | N8: =SUM(M8:M11) -> 68028918 | O8: =N8/A3 -> 1499755.7 | P8: =N8/N40*100 -> 13.583732 | T8: Pemeliharaan Gawangan Manual | U8: =SUM('S1 TBM 2'!Q106:Q108) -> 30829753 | AB8: Pemeliharaan Piringan /Pasar Rintis(Chemist) | AC8: =SUM('S1 TBM 3'!Q73:Q84) -> 29532889
D9: Parit CECT | E9: =SUM('SI TB LC'!Q33:Q35) -> 0 | L9: Pemeliharaan Piringan /Pasar Rintis(Chemist) | M9: =SUM('S1 TBM 1'!S73:S83) -> 6970393.7 | T9: Pemeliharaan Gawangan Chemist | U9: =SUM('S1 TBM 2'!Q113:Q124) -> 24987016 | AB9: Pemeliharaan Pasar Rintis Manual | AC9: =SUM('S1 TBM 3'!Q67:Q69) -> 40981776
D10: Tutup Lubang CECT | E10: =SUM('SI TB LC'!Q36:Q38) -> 0 | L10: Pemeliharaan Gawangan Manual | M10: =SUM('S1 TBM 1'!S107:S109) -> 36153253 | R10: 2 | S10: Pemberantasan Lalang | T10: Spot Lalang | U10: =SUM('S1 TBM 2'!Q150:Q159) -> 6057801 | V10: =SUM(U10:U12) -> 21573096 | W10: =V10/$A$3 -> 475597.36 | X10: =V10/V39*100 -> 3.6553836 | AB10: Pemeliharaan Gawangan Manual | AC10: =SUM('S1 TBM 3'!Q108:Q110) -> 32831525
D11: Lubang Tanam Mekanis Auger | E11: =SUM('SI TB LC'!Q40:Q43) -> 56181558 | L11: Pemeliharaan Gawangan Chemist | M11: =SUM('S1 TBM 1'!S114:S125) -> 6821190.7 | T11: Wipping | U11: =SUM('S1 TBM 2'!Q160:Q168) -> 11356766 | AB11: Pemeliharaan Gawangan Chemist | AC11: =SUM('S1 TBM 3'!Q115:Q126) -> 25811237
B12: 2 | C12: Pembukaan Lahan Serak | D12: Identifikasi Blok | E12: 0 | F12: =SUM(E12:E16) -> 0 | G12: =F12/B2 -> 0 | H12: =F12/F49*100 -> 0 | J12: 3 | K12: Pemberantasan Lalang | L12: Spot Lalang | M12: =SUM('S1 TBM 1'!S151:S160) -> 5705960.9 | N12: =SUM(M12:M14) -> 21209889 | O12: =N12/A3 -> 467590.15 | P12: =N12/N40*100 -> 4.2351025 | T12: Transport Air | U12: =SUM('S1 TBM 2'!Q171) -> 4158529.7 | Z12: 2 | AA12: Pemberantasan Lalang | AB12: Wipping | AC12: =SUM('S1 TBM 3'!Q162:Q170) -> 12066338 | AD12: =SUM(AC12:AC13) -> 16432794 | AE12: =AD12/$A$3 -> 362275.01 | AF12: =AD12/AD41*100 -> 1.9346379
D13: Pengolahan Tanah (Ripping) | E13: 0 | L13: Wipping | M13: =SUM('S1 TBM 1'!S161:S170) -> 11543424 | R13: 3 | S13: Pemeliharaan Pokok | T13: Kastrasi | U13: =SUM('S1 TBM 2'!Q179:Q183) -> 46250140 | V13: =SUM(U13:U15) -> 64597752 | W13: =V13/$A$3 -> 1424112.7 | X13: =V13/V39*100 -> 10.945558 | AB13: Transport Air | AC13: =SUM('S1 TBM 3'!Q173) -> 4366456.1
D14: Tumbang Chipping | E14: 0 | L14: Transport Air | M14: =SUM('S1 TBM 1'!S173) -> 3960504.4 | T14: Penyisipan | U14: =SUM('S1 TBM 2'!Q186:Q189) -> 10644442 | Z14: 3 | AA14: Pemeliharaan Pokok | AB14: Sanitasi | AC14: =SUM('S1 TBM 3'!Q177:Q180) -> 16368312 | AD14: =SUM(AC14:AC17) -> 32780557 | AE14: =AD14/$A$3 -> 722675.42 | AF14: =AD14/AD41*100 -> 3.859265
D15: Tutup Lubang | E15: 0 | J15: 4 | K15: Pemeliharaan Pokok | L15: Penyisipan | M15: =SUM('S1 TBM 1'!S187:S190) -> 15146350 | N15: =SUM(M15:M17) -> 31142588 | O15: =N15/A3 -> 686564.98 | P15: =N15/N40*100 -> 6.2184224 | T15: Survey dan Sensus | U15: =SUM('S1 TBM 2'!Q194:Q195) -> 7703170.1 | AB15: Kastrasi | AC15: =SUM('S1 TBM 3'!Q182:Q186) -> 8208845.5
D16: Lubang Tanam Mekanis Auger | E16: 0 | L16: Konsolidasi | M16: =SUM('S1 TBM 1'!S192:S193) -> 13084704 | R16: 4 | S16: Pemeliharaan Prasarana | T16: Jalan Utama / Jalan Akses | U16: =SUM('S1 TBM 2'!Q200:Q205) -> 0 | V16: =SUM(U16:U24) -> 0 | W16: =V16/$A$3 -> 0 | X16: =V16/V39*100 -> 0 | AB16: Penyisipan | AC16: =SUM('S1 TBM 3'!Q189:Q192) -> 0
B17: 3 | C17: Penyemprotan Lalang Gulma & Pasar Rintis | D17: Penyemprotan Pasar Rintis | E17: =SUM('SI TB LC'!Q57:Q67) -> 0 | F17: =SUM(E17) -> 0 | G17: =F17/A3 -> 0 | H17: =F17/F49*100 -> 0 | L17: Survey dan Sensus | M17: =SUM('S1 TBM 1'!S195:S196) -> 2911533.3 | T17: Jalan Produksi | U17: =SUM('S1 TBM 2'!Q206:Q211) -> 0 | AB17: Survey dan Sensus | AC17: =SUM('S1 TBM 3'!Q197:Q198) -> 8203399.6
D18: Pemberantasan Lalang | E18: =SUM('SI TB LC'!Q44:Q56) -> 16479790 | F18: =SUM(E18) -> 16479790 | G18: =F18/A3 -> 363311.06 | H18: =F18/F49*100 -> 0.43700122 | J18: 5 | K18: Pemeliharaan Prasarana | L18: Jalan Utama / Jalan Akses | M18: =SUM('S1 TBM 1'!S201:S206) -> 0 | N18: =SUM(M18:M26) -> 0 | O18: =N18/A3 -> 0 | P18: =N18/N40*100 -> 0 | T18: Jalan Koleksi | U18: =SUM('S1 TBM 2'!Q212:Q217) -> 0 | Z18: 4 | AA18: Pemeliharaan Prasarana | AB18: Jalan Utama / Jalan Akses | AC18: =SUM('S1 TBM 3'!Q203:Q208) -> 0 | AD18: =SUM(AC18:AC26) -> 0 | AE18: =AD18/$A$3 -> 0 | AF18: =AD18/AD41*100 -> 0
B19: 4 | C19: Pembuatan Sarana & Prasarana | D19: Pembuatan Parit Tersier (1x1) | E19: =SUM('SI TB LC'!Q123:Q124) -> 24309486 | F19: =SUM(E19:E24) -> 1.6514983e+08 | G19: =E19/A2 -> 535923.42 | H19: =F19/F49*100 -> 4.3793445 | L19: Jalan Produksi | M19: =SUM('S1 TBM 1'!S207:S212) -> 0 | T19: Jalan Pringgan / Ring | U19: =SUM('S1 TBM 2'!Q218:Q223) -> 0 | AB19: Jalan Produksi | AC19: =SUM('S1 TBM 3'!Q209:Q214) -> 0
D20: Cuci Parit Alam (1x1) Parit Alam | E20: =SUM('SI TB LC'!Q131:Q132) -> 18306669 | G20: =E20/A3 -> 403586.17 | L20: Jalan Koleksi | M20: =SUM('S1 TBM 1'!S213:S218) -> 0 | T20: Jalan Liung | U20: =SUM('S1 TBM 2'!Q224:Q228) -> 0 | AB20: Jalan Koleksi | AC20: =SUM('S1 TBM 3'!Q215:Q220) -> 0
D21: Pembuatan Jembatan | E21: =SUM('SI TB LC'!Q105:Q107) -> 60119641 | G21: =E21/46.36 -> 1296799.9 | L21: Jalan Pringgan / Ring | M21: =SUM('S1 TBM 1'!S219:S224) -> 0 | T21: Jembatan Permanen | U21: =SUM('S1 TBM 2'!Q238:Q249) -> 0 | AB21: Jalan Pringgan / Ring | AC21: =SUM('S1 TBM 3'!Q221:Q226) -> 0
D22: Pembuatan Kontur Teras | E22: 0 | G22: =E22/11.1 -> 0 | L22: Jalan Liung | M22: =SUM('S1 TBM 1'!S225:S229) -> 0 | T22: Gorong-gorong 40 cm | U22: =SUM('S1 TBM 2'!Q253:Q255) -> 0 | AB22: Jalan Liung | AC22: =SUM('S1 TBM 3'!Q227:Q231) -> 0
D23: Pengawetan Tanah | E23: =SUM('SI TB LC'!Q139:Q147) -> 62414032 | G23: =E23/45.36 -> 1375970.7 | L23: Jembatan Permanen | M23: =SUM('S1 TBM 1'!S238:S250) -> 0 | T23: Gorong-gorong 60 CM | U23: =SUM('S1 TBM 2'!Q256:Q258) -> 0 | AB23: Jembatan Permanen | AC23: =SUM('S1 TBM 3'!Q234:Q246) -> 0
D24: Pembuatan Pasar Pikul Mekanis | E24: 0 | G24: =E24/51.1 -> 0 | L24: Gorong-gorong 40 cm | M24: =SUM('S1 TBM 1'!S254:S256) -> 0 | T24: Gorong-gorong 80 CM | U24: =SUM('S1 TBM 2'!Q259:Q261) -> 0 | AB24: Gorong-gorong 40 cm | AC24: =SUM('S1 TBM 3'!Q250:Q252) -> 0
B25: 5 | C25: Tanam Kacangan | D25: Penanaman Kacangan | E25: =SUM('SI TB LC'!Q168:Q179) -> 1.4041943e+08 | F25: =SUM(E25:E32) -> 3.6103791e+08 | G25: =F25/A3 -> 7959389.6 | H25: =F25/F49*100 -> 9.5737878 | L25: Gorong-gorong 60 CM | M25: =SUM('S1 TBM 1'!S257:S259) -> 0 | R25: 6 | S25: Pengawetan Tanah | T25: Tapak Kuda | U25: =SUM('S1 TBM 2'!Q286) -> 0 | V25: =SUM(U25:U26) -> 0 | W25: =V25/$A$3 -> 0 | X25: =V25/V39*100 -> 0 | AB25: Gorong-gorong 60 CM | AC25: =SUM('S1 TBM 3'!Q253:Q255) -> 0
D26: Pembuatan Bedengan | E26: =SUM('SI TB LC'!Q180:Q181) -> 5690815.2 | L26: Gorong-gorong 80 CM | M26: =SUM('S1 TBM 1'!S260:S262) -> 0 | T26: Tapak Timbun | U26: =SUM('S1 TBM 2'!Q288) -> 0 | AB26: Gorong-gorong 80 CM | AC26: =SUM('S1 TBM 3'!Q256:Q258) -> 0
D27: Perakitan Instalasi Air | E27: =SUM('SI TB LC'!Q192:Q193) -> 5794921.9 | J27: 6 | K27: Pengawetan Tanah | L27: Tapak Kuda | M27: =SUM('S1 TBM 1'!S287:S288) -> 16327240 | N27: =SUM(M27:M28) -> 32654480 | O27: =N27/A3 -> 719895.93 | P27: =N27/N40*100 -> 6.5203107 | R27: 7 | S27: Pengendalian Hama dan Penyakit | T27: Hama Tikus | U27: =SUM('S1 TBM 2'!Q296:Q297) -> 12463471 | V27: =SUM(U27:U29) -> 63169073 | W27: =V27/$A$3 -> 1392616.3 | X27: =V27/V39*100 -> 10.70348 | Z27: 6 | AA27: Pengawetan Tanah | AB27: Tapak Kuda | AC27: =SUM('S1 TBM 3'!Q283) -> 0 | AD27: =SUM(AC27:AC28) -> 0 | AE27: =AD27/$A$3 -> 0 | AF27: =AD27/AD41*100 -> 0
D28: Pemeliharaan Weeding Atas | E28: =SUM('SI TB LC'!Q182) -> 2029068.7 | L28: Tapak Timbun | M28: =SUM('S1 TBM 1'!S289:S290) -> 16327240 | T28: Hama Ulat Api | U28: =SUM('S1 TBM 2'!Q301:Q310) -> 580447.16 | AB28: Tapak Timbun | AC28: =SUM('S1 TBM 3'!Q285) -> 0
D29: PHPT Insek | E29: =SUM('SI TB LC'!Q183:Q186) -> 2167731.3 | J29: 7 | K29: Pengendalian Hama dan Penyakit | L29: Hama Tikus | M29: =SUM('S1 TBM 1'!S297:S298) -> 11715618 | N29: =SUM(M29:M31) -> 37230636 | O29: =N29/A3 -> 820781.21 | P29: =N29/N40*100 -> 7.4340585 | T29: Hama (Oryctes) | U29: =SUM('S1 TBM 2'!Q314:Q327) -> 50125155 | Z29: 7 | AA29: Pengendalian Hama dan Penyakit | AB29: Hama Tikus | AC29: =SUM('S1 TBM 3'!Q293:Q295) -> 13259251 | AD29: =SUM(AC29:AC31) -> 1.4274174e+08 | AE29: =AD29/$A$3 -> 3146863.8 | AF29: =AD29/AD41*100 -> 16.805029
D30: PHPT Fungi | E30: =SUM('SI TB LC'!Q187:Q189) -> 0 | L30: Hama Ulat Api | M30: =SUM('S1 TBM 1'!S303:S311) -> 546469.48 | R30: 8 | S30: Pemupukkan Kelapa Sawit | T30: Pemupukkan Hayati | U30: =SUM('S1 TBM 2'!Q340:Q348) -> 0 | V30: =SUM(U30:U36) -> 3.1309794e+08 | W30: =V30/$A$3 -> 6902511.9 | X30: =V30/V39*100 -> 53.051869 | AB30: Hama Ulat Api | AC30: =SUM('S1 TBM 3'!Q299:Q307) -> 616556.23
D31: Penyiraman Bibit | E31: =SUM('SI TB LC'!Q191) -> 2029068.7 | L31: Hama (Oryctes) | M31: =SUM('S1 TBM 1'!S316:S327) -> 24968548 | T31: Pemupukkan NPK 12-12-17-2+0,65B | U31: =SUM('S1 TBM 2'!Q360:Q368) -> 1.9735655e+08 | AB31: Hama (Oryctes) | AC31: =SUM('S1 TBM 3'!Q312:Q326) -> 1.2886593e+08
D32: Pemeliharaan Kacangan | E32: =SUM('SI TB LC'!Q194) -> 2.0290687e+08 | J32: 8 | K32: Pemupukkan Kelapa Sawit | L32: Pemupukkan NPK 12-12-17-2+0,65B | M32: =SUM('S1 TBM 1'!S341:S349) -> 1.4780624e+08 | N32: =SUM(M32:M37) -> 2.5988824e+08 | O32: =N32/A3 -> 5729458.5 | P32: =N32/N40*100 -> 51.893403 | T32: Pemupukkan Dolomite | U32: =SUM('S1 TBM 2'!Q350:Q358) -> 23105570 | Z32: 8 | AA32: Pemupukkan Kelapa Sawit | AB32: Pemupukkan Hayati | AC32: =SUM('S1 TBM 3'!Q339:Q347) -> 0 | AD32: =SUM(AC32:AC38) -> 4.80301e+08 | AE32: =AD32/$A$3 -> 10588646 | AF32: =AD32/AD41*100 -> 56.545983
B33: 6 | C33: Pemupukkan Kacangan | D33: Pemupukkan NPK Granule & RP | E33: =SUM('SI TB LC'!Q219:Q228) -> 34542666 | F33: =SUM(E33:E33) -> 34542666 | G33: =F33/A3 -> 761522.61 | H33: =F33/F49*100 -> 0.91598179 | L33: Pemupukkan Dolomite | M33: =SUM('S1 TBM 1'!S351:S359) -> 24617237 | T33: Pemupukkan Borate | U33: =SUM('S1 TBM 2'!Q370:Q378) -> 7088488.2 | AB33: Pemupukkan NPK 12-12-17-2+0,65B | AC33: =SUM('S1 TBM 3'!Q359:Q367) -> 2.4321751e+08
B34: 7 | C34: Angkutan Pupuk | D34: Angkutan Pupuk Intern | E34: =SUM('SI TB LC'!Q233:Q235) -> 422659.92 | F34: =SUM(E34:E35) -> 1540306.4 | G34: =F34/A3 -> 33957.372 | H34: =F34/F49*100 -> 0.040844925 | L34: Pemupukkan Borate | M34: =SUM('S1 TBM 1'!S361:S369) -> 4493887 | T34: Janjang Kosong & Abu Boiler | U34: =SUM('S1 TBM 2'!Q381:Q385) -> 80649103 | AB34: Pemupukkan Dolomite | AC34: =SUM('S1 TBM 3'!Q349:Q357) -> 30535773
D35: Angkutan Pupuk Ekstern | E35: =SUM('SI TB LC'!Q236:Q237) -> 1117646.4 | L35: Janjang Kosong & Abu Boiler | M35: =SUM('S1 TBM 1'!S371:S380) -> 79704830 | T35: Pengangkutan Pupuk Intern | U35: =SUM('S1 TBM 2'!Q397:Q399) -> 3634398.3 | AB35: Pemupukkan Borate | AC35: =SUM('S1 TBM 3'!Q369:Q377) -> 7339625.1
B36: 8 | C36: Tanam Pokok Sawit | D36: Memancang | E36: =SUM('SI TB LC'!Q241:Q242) -> 20938428 | F36: =SUM(E36:E39) -> 7.2468925e+08 | G36: =F36/A3 -> 15976394 | H36: =F36/F49*100 -> 19.216877 | L36: Pengangkutan Pupuk Intern | M36: =SUM('S1 TBM 1'!S387:S389) -> 2407372.4 | T36: Pengangkutan Pupuk Ekstern | U36: =SUM('S1 TBM 2'!Q400) -> 1263824.1 | AB36: Janjang Kosong & Abu Boiler | AC36: =SUM('S1 TBM 3'!Q379:Q383) -> 1.9216075e+08
D37: Pupuk Lubang Tanam | E37: =SUM('SI TB LC'!Q245:Q253) -> 42936611 | L37: Pengangkutan Pupuk Ekstern | M37: =SUM('S1 TBM 1'!S390) -> 858670.45 | R37: 9 | S37: Pengawasan dan Administrasi | T37: Pengawasan | U37: =SUM('S1 TBM 2'!Q418:Q421) -> 19175717 | V37: =SUM(U37:U38) -> 24786747 | W37: =V37/$A$3 -> 546445.04 | X37: =V37/V39*100 -> 4.1999103 | AB37: Pengangkutan Pupuk Intern | AC37: =SUM('S1 TBM 3'!Q395:Q397) -> 5263293.3
D38: ='SI TB LC'!D243 -> Pengawetan Tanah Tanah Titik Tanam | E38: =SUM('SI TB LC'!Q243:Q244) -> 2.8111533e+08 | J38: 9 | K38: Pengawasan dan Administrasi | L38: Pengawasan | M38: =SUM('S1 TBM 1'!S408:S410) -> 18015620 | N38: =SUM(M38:M39) -> 23297717 | O38: =N38/A3 -> 513618.11 | P38: =N38/N40*100 -> 4.6519913 | T38: Administrasi | U38: =SUM('S1 TBM 2'!Q422:Q423) -> 5611030.5 | AB38: Pengangkutan Pupuk Ekstern | AC38: =SUM('S1 TBM 3'!Q398) -> 1784048.6
D39: Penanaman Kelapa Sawit | E39: =SUM('SI TB LC'!Q254:Q258) -> 3.7969888e+08 | L39: Administrasi | M39: =SUM('S1 TBM 1'!S412:S413) -> 5282096.9 | R39: Total | V39: =SUM(V5:V38) -> 5.9017324e+08 | Z39: 9 | AA39: Pengawasan dan Administrasi | AB39: Pengawasan | AC39: =SUM('S1 TBM 3'!Q416:Q419) -> 20410673 | AD39: =SUM(AC39:AC40) -> 26371297 | AE39: =AD39/$A$3 -> 581377.81 | AF39: =AD39/AD41*100 -> 3.1047009
B40: 9 | C40: Pemupukkan Kelapa Sawit | D40: Pemupukkan Urea | E40: =SUM('SI TB LC'!$Q$285:$Q$293) -> 7430391 | F40: =SUM(E40:E41) -> 17093168 | G40: =F40/A3 -> 376833.52 | H40: =F40/F49*100 -> 0.45326644 | J40: Total | N40: =SUM(N5:N39) -> 5.0081171e+08 | R40: Rp/HA | V40: =V39/$A$3 -> 13010874 | AB40: Administrasi | AC40: =SUM('S1 TBM 3'!Q420:Q422) -> 5960624.6
D41: Aplikasi Abu Boiler | E41: =SUM('SI TB LC'!Q319:Q323) -> 9662777.5 | J41: Rp/HA | N41: =N40/A3 -> 11040823 | Z41: Total | AD41: =SUM(AD5:AD40) -> 8.4939897e+08
B42: 10 | C42: Pemeliharaan Pokok Sawit | D42: PHPT Tikus | E42: =SUM('SI TB LC'!Q265:Q266) -> 6764542.8 | F42: =SUM(E42:E46) -> 20304745 | G42: =F42/A3 -> 447635.48 | H42: =F42/F49*100 -> 0.53842911 | Z42: Rp/HA | AD42: =AD41/$A$3 -> 18725727
D43: PHPT Kumbang Tanduk | E43: =SUM('SI TB LC'!Q267:Q271) -> 8069587.2
D44: Buat Piringan | E44: =SUM('SI TB LC'!Q280) -> 0
D45: Ganoderma | E45: =SUM('SI TB LC'!Q272:Q274) -> 0
D46: Konsolidasi Pokok | E46: =SUM('SI TB LC'!Q278:Q279) -> 5470615.3
B47: 11 | C47: Pengawasan & Administrasi | D47: Pengawasan | E47: =SUM('SI TB LC'!Q338:Q341) -> 89832233 | F47: =SUM(E47:E48) -> 1.0697924e+08 | G47: =F47/A3 -> 2358448.9 | H47: =F47/F49*100 -> 2.8368116
D48: Administrasi | E48: =SUM('SI TB LC'!Q342:Q343) -> 17147008
B49: Total | F49: =SUM(F6:F48) -> 3.7711084e+09
B50: Rp/HA | F50: =F49/45.36 -> 83137310

Sheet SI TB LC
D1: Luas: | E1: 45.36
B2: Pekerjaan | F2: Material | H2: Rotasi APD | J2: TB/LC | P2: 2026 | R2: 2026 | T2: 2027 | V2: Rata-rata | X2: Keterangan | Y2: BIAYA/HA | Z2: Biaya/pkk | AA2: Rp/Ha | AB2: Persentase (%)
F3: Jenis | G3: Sat | J3: Sat | K3: Vol | M3: Norma | N3: Rotasi | O3: Jumlah Unit | P3: Rp Sat | Q3: Jumlah RP | R3: Rp Sat | S3: Jumlah RP | T3: Rp Sat | U3: Jumlah RP | V3: Rp Sat | W3: Jumlah RP
K4: % | L4: Luas/Mtr/Pkk/Unit
B5: PEMBUKAAN LAHAN
C6: IMAS,TUMBANG, PERUN
D7: Identifikasi Blok | F7: Upah PHL | G7: HK | J7: Ha | K7: 1 | L7: 45.36 | M7: 0.25 | N7: 1 | O7: =K7*L7*M7*N7 -> 11.34 | P7: 149108.52 | Q7: =P7*$O7 -> 1690890.6 | R7: 149108.52 | S7: =R7*$O7 -> 1690890.6 | T7: 158800.57 | U7: =T7*$O7 -> 1800798.5 | V7: =W7/O7 -> 152339.2 | W7: =AVERAGEIF($P$3:$U$3,W$3,$P7:$U7) -> 1727526.6 | AA7: =Q7/$E$1 -> 37277.13
F8: Cat | G8: Kg | N8: 1
F9: Kuas | G9: Buah | N9: 1
F10: Kompas | G10: Buah | M10: 0.0007 | N10: 1
F11: GPS | G11: Buah | M11: 0.0013 | N11: 1
D12: Imas | E12: Hutan Primer | F12: Upah PHL | G12: HK | M12: 10 | N12: 1 | X12: Vol sesuai kondisi
E13: Hutan Sekunder | F13: Upah PHL | G13: HK | M13: 10 | N13: 1 | P13: 140008
E14: Semak Belukar | F14: Upah PHL | G14: HK
D15: Tumbang | E15: Hutan Primer | F15: Upah PHL | G15: HK | M15: 20 | N15: 1 | X15: Vol sesuai kondisi
E16: Hutan Sekunder | F16: Upah PHL | G16: HK | M16: 12 | N16: 1
D17: Cincang | E17: Hutan Primer | F17: Upah PHL | G17: HK
E18: Hutan Sekunder | F18: Upah PHL | G18: HK
D19: Perun Mekanis | E19: Hutan Primer | F19: Buldozer 1 | G19: HM | M19: 6 | N19: 1 | X19: Vol sesuai kondisi
E20: Hutan Sekunder | F20: Buldozer 1 | G20: HM | K20: 100 | M20: 5 | N20: 1 | O20: =K20*L20*M20*N20 -> 0 | P20: 993170.33 | Q20: =P20*$O20 -> 0
E21: Semak Belukar | F21: Buldozer 1 | G21: HM | M21: 4 | N21: 1
E22: Reklamasi | F22: Buldozer 1 | G22: HM | K22: 1 | L22: 45.36 | M22: 47.5 | N22: 1 | O22: =K22*L22*M22*N22 -> 2154.6 | P22: 1051433.7 | Q22: =O22*P22 -> 2.265419e+09 | AA22: =Q22/$E$1 -> 49943100
D23: Pengolahan Tanah (Ripping) | F23: Buldozer 1 | G23: HM | J23: HM/Ha | K23: 0 | L23: 140.98 | M23: 2.5 | N23: 1 | O23: =K23*L23*M23*N23 -> 0 | P23: 993170.33 | Q23: =P23*$O23 -> 0 | R23: 1051433.7 | S23: =R23*$O23 -> 0 | T23: 1113470.8 | U23: =T23*$O23 -> 0 | V23: =W23/O23 -> #DIV/0! | W23: =AVERAGEIF($P$3:$U$3,W$3,$P23:$U23) -> 0 | X23: 3 HM/HA Penggemburan Tanah dan Pemutusan Akar, total rupiah sudah termasuk harga sewa alat dan BBM | Y23: =Q23/L23 -> 0 | AA23: =(Q23+Q24+Q25)/35.245 -> 0 | AD23: =92518125/35.245 -> 2625000
F24: Upah PHL | G24: HK | J24: Ha | K24: 1 | L24: =O23/10 -> 0 | M24: =3*2 -> 6 | N24: 1 | O24: =K24*L24*M24*N24 -> 0 | P24: 140008 | Q24: =P24*$O24 -> 0 | X24: Waker Alat
F25: Angkutan Material | G25: RIT | K25: 1 | L25: =(O23*25)/400 -> 0 | M25: 2 | N25: 1 | O25: =K25*L25*M25*N25 -> 0 | P25: 198400 | Q25: =P25*$O25 -> 0 | X25: Angkut BBM
D26: Tumbang Chipping
E27: Pancang Chiping | F27: Upah PHL | G27: HK | J27: Ha | K27: 1 | L27: 0 | M27: 1 | N27: 1 | O27: =K27*L27*M27*N27 -> 0 | P27: 140008 | Q27: =P27*$O27 -> 0 | R27: 149108.52 | S27: =R27*$O27 -> 0 | T27: 158800.57 | U27: =T27*$O27 -> 0 | V27: =W27/O27 -> #DIV/0! | W27: =AVERAGEIF($P$3:$U$3,W$3,$P27:$U27) -> 0 | X27: Pemancangan Titik Rumpuk Hasil Chippingan
E28: Tumbang Chiping | F28: Excavator 1 | G28: HM | J28: HM/Ha | K28: 1 | L28: 0 | M28: 10.8 | N28: 1 | O28: =K28*L28*M28*N28 -> 0 | P28: 681487.18 | Q28: =P28*$O28 -> 0 | R28: 720338.07 | S28: =R28*$O28 -> 0 | T28: 761671.7 | U28: =T28*$O28 -> 0 | V28: =W28/O28 -> #DIV/0! | W28: =AVERAGEIF($P$3:$U$3,W$3,$P28:$U28) -> 0 | X28: 12 Pokok/HM, Total rupiah sudah termasuk harga sewa alat dan BBM | Y28: =Q28/192.08 -> 0 | Z28: =Y28/122 -> 0 | AD28: =AA28/136 -> 0
F29: Upah PHL | G29: HK | J29: Ha | K29: 1 | L29: =O28/10 -> 0 | M29: =3*4 -> 12 | N29: 1 | O29: =K29*L29*M29*N29 -> 0 | P29: 140008 | Q29: =P29*$O29 -> 0 | X29: Waker Alat 4 Orang, 2 Alat
F30: Angkutan Material | G30: RIT | K30: 1 | L30: =(O28*18)/400 -> 0 | M30: 2 | N30: 1 | O30: =K30*L30*M30*N30 -> 0 | P30: 198400 | Q30: =P30*$O30 -> 0 | X30: Angkut Solar
E31: Aplikasi Metharizium | F31: Upah PHL | G31: HK | J31: Ha | K31: 0 | L31: 140.98 | M31: 0.5 | N31: 1 | O31: =K31*L31*M31*N31 -> 0 | P31: 140008 | Q31: =P31*$O31 -> 0
F32: Metharizium | G32: Kg | J32: Kg | K32: 0 | L32: 140.98 | M32: 24 | N32: 1 | O32: =K32*L32*M32*N32 -> 0 | P32: 67000 | Q32: =P32*$O32 -> 0 | R32: 70350 | S32: =R32*$O32 -> 0 | T32: 73867.5 | U32: =T32*$O32 -> 0 | V32: =W32/O32 -> #DIV/0! | W32: =AVERAGEIF($P$3:$U$3,W$3,$P32:$U32) -> 0
D33: Parit CECT | F33: Excavator 1 | G33: HM | J33: HM/Ha | K33: 1 | L33: 0 | M33: 8.5 | N33: 1 | O33: =K33*L33*M33*N33 -> 0 | P33: 681487.18 | Q33: =P33*$O33 -> 0 | X33: Total rupiah sudah termasuk harga sewa alat, dan BBM | AE33: =AB33/600 -> 0
F34: Upah PHL | G34: HK | J34: Ha | K34: 1 | L34: =O33/10 -> 0 | M34: =3*2 -> 6 | N34: 1 | O34: =K34*L34*M34*N34 -> 0 | P34: 140008 | Q34: =P34*$O34 -> 0 | X34: Waker Alat
F35: Angkutan Material | G35: RIT | J35: RIT | K35: 1 | L35: =(O33*18)/400 -> 0 | M35: 2 | N35: 1 | O35: =K35*L35*M35*N35 -> 0 | P35: 198400 | Q35: =P35*$O35 -> 0 | X35: Angkut Solar
D36: Tutup Lubang CECT dan Perataan Tanah | F36: Excavator 1 | G36: HM | J36: HM/Ha | K36: 1 | L36: 0 | M36: =600/60 -> 10 | N36: 1 | O36: =K36*L36*M36*N36 -> 0 | P36: 681487.18 | Q36: =P36*$O36 -> 0 | R36: 720338.07 | S36: =R36*$O36 -> 0 | T36: 761671.7 | U36: =T36*$O36 -> 0 | V36: =W36/O36 -> #DIV/0! | W36: =AVERAGEIF($P$3:$U$3,W$3,$P36:$U36) -> 0 | X36: Total rupiah sudah termasuk harga sewa alat, dan BBM | AE36: =AA36/600 -> 0
F37: Upah PHL | G37: HK | J37: Ha | K37: 1 | L37: =O36/10 -> 0 | M37: =3*2 -> 6 | N37: 1 | O37: =K37*L37*M37*N37 -> 0 | P37: 140008 | Q37: =P37*$O37 -> 0 | X37: Waker Alat 2 Orang
F38: Angkutan Material | G38: RIT | J38: RIT | K38: 1 | L38: =(O36*18)/400 -> 0 | M38: 2 | N38: 1 | O38: =K38*L38*M38*N38 -> 0 | P38: 198400 | Q38: =P38*$O38 -> 0 | X38: Angkut Solar
D39: Lubang Tanam Mekanis/Auger
E40: Pancang Kepala | F40: Upah PHL | G40: HK | K40: 1 | L40: 45.36 | M40: 0.25 | N40: 1 | O40: =K40*L40*M40*N40 -> 11.34 | P40: 149108.52 | Q40: =P40*$O40 -> 1690890.6 | R40: 149108.52 | S40: =R40*$O40 -> 1690890.6 | T40: 158800.57 | U40: =T40*$O40 -> 1800798.5 | V40: =W40/O40 -> 152339.2 | W40: =AVERAGEIF($P$3:$U$3,W$3,$P40:$U40) -> 1727526.6 | X40: Pancang Kepala 1 HK = 4 HA | Y40: =Q40/L40 -> 37277.13 | AA40: =Q40/$E$1 -> 37277.13
E41: Lubang Tanah Mekanis/Auger | F41: Excavator 1 | G41: HM | J41: HM/Ha | K41: 1 | L41: 45.36 | M41: 1.45 | N41: 1 | O41: =K41*L41*M41*N41 -> 65.772 | P41: 720338.07 | Q41: =P41*$O41 -> 47378076 | R41: 720338.07 | S41: =R41*$O41 -> 47378076 | T41: 761671.7 | U41: =T41*$O41 -> 50096671 | V41: =W41/O41 -> 734115.95 | W41: =AVERAGEIF($P$3:$U$3,W$3,$P41:$U41) -> 48284274 | X41: 94 Lubang/1HM = 940 Lubang/10 HM/Hari | Y41: =Q41/192.08 -> 246658.04 | AA41: =Q41/$E$1 -> 1044490.2
F42: Upah PHL | G42: HK | J42: Ha | K42: 1 | L42: =O41/10 -> 6.5772 | M42: =3*2 -> 6 | N42: 1 | O42: =K42*L42*M42*N42 -> 39.4632 | P42: 149108.52 | Q42: =P42*$O42 -> 5884299.3 | X42: Waker Alat 2 Orang | AA42: =Q42/$E$1 -> 129724.41
F43: Angkutan Material | G43: RIT | J43: RIT | K43: 1 | L43: =(O41*18)/400 -> 2.95974 | M43: 2 | N43: 1 | O43: =K43*L43*M43*N43 -> 5.91948 | P43: 207500 | Q43: =P43*$O43 -> 1228292.1 | X43: Angkut Solar | AA43: =Q43/$E$1 -> 27078.75
D44: Pemberantasan Lalang dan Gulma Lainnya | F44: Upah PHL | G44: HK | J44: Ha | K44: 1 | L44: 45.36 | M44: 1.5 | N44: 1 | O44: =K44*L44*M44*N44 -> 68.04 | P44: 149108.52 | Q44: =P44*$O44 -> 10145344 | R44: 149108.52 | S44: =R44*$O44 -> 10145344 | T44: 158800.57 | U44: =T44*$O44 -> 10804791 | V44: =W44/O44 -> 152339.2 | W44: =AVERAGEIF($P$3:$U$3,W$3,$P44:$U44) -> 10365159 | AA44: =Q44/$E$1 -> 223662.78
F45: Sprayer (Inter) | G45: Buah | J45: Ha | K45: 1 | L45: 45.36 | M45: 0.031 | N45: 1 | O45: =K45*L45*M45*N45 -> 1.40616 | P45: 1434791.9 | Q45: =P45*$O45 -> 2017547 | R45: 1434791.9 | S45: =R45*$O45 -> 2017547 | T45: 1506531.5 | U45: =T45*$O45 -> 2118424.4 | V45: =W45/O45 -> 1458705.1 | W45: =AVERAGEIF($P$3:$U$3,W$3,$P45:$U45) -> 2051172.8 | AA45: =Q45/$E$1 -> 44478.55
F46: Glyphosate | G46: Liter | J46: Ha | K46: 0.235 | L46: 45.36 | M46: 0.9 | N46: 1 | O46: =K46*L46*M46*N46 -> 9.59364 | P46: 35343 | Q46: =P46*$O46 -> 339068.02 | AA46: =Q46/$E$1 -> 7475.0445
F47: Metil Metsulfuron | G47: Kg | J47: Ha | K47: 0.74 | L47: 45.36 | M47: 0.036 | N47: 1 | O47: =K47*L47*M47*N47 -> 1.2083904 | P47: 96390 | Q47: =P47*$O47 -> 116476.75 | R47: 96390 | S47: =R47*$O47 -> 116476.75 | T47: 101209.5 | U47: =T47*$O47 -> 122300.59 | V47: =W47/O47 -> 97996.5 | W47: =AVERAGEIF($P$3:$U$3,W$3,$P47:$U47) -> 118418.03 | AA47: =Q47/$E$1 -> 2567.8296
F48: Parakuat | G48: Liter | J48: Ha | K48: 0.5 | L48: 45.36 | M48: 0.9 | N48: 1 | O48: =K48*L48*M48*N48 -> 20.412 | P48: 28381.5 | Q48: =P48*$O48 -> 579323.18 | R48: 28381.5 | S48: =R48*$O48 -> 579323.18 | T48: 29800.575 | U48: =T48*$O48 -> 608289.34 | V48: =W48/O48 -> 28854.525 | W48: =AVERAGEIF($P$3:$U$3,W$3,$P48:$U48) -> 588978.56 | AA48: =Q48/$E$1 -> 12771.675
F49: Perekat | G49: Liter | J49: Ha | K49: 0.74 | L49: 45.36 | M49: 0.27 | N49: 1 | O49: =K49*L49*M49*N49 -> 9.062928 | P49: 44982 | Q49: =P49*$O49 -> 407668.63 | R49: 44982 | S49: =R49*$O49 -> 407668.63 | T49: 47231.1 | U49: =T49*$O49 -> 428052.06 | V49: =W49/O49 -> 45731.7 | W49: =AVERAGEIF($P$3:$U$3,W$3,$P49:$U49) -> 414463.1 | AA49: =Q49/$E$1 -> 8987.4036
F50: Premi Extra Fooding | G50: HK | J50: Ha | K50: 1 | L50: 45.36 | M50: =M44 -> 1.5 | N50: 1 | O50: =K50*L50*M50*N50 -> 68.04 | P50: 3940.5 | Q50: =P50*$O50 -> 268111.62 | R50: 3940.5 | S50: =R50*$O50 -> 268111.62 | T50: 4196.6325 | U50: =T50*$O50 -> 285538.88 | V50: =W50/O50 -> 4025.8775 | W50: =AVERAGEIF($P$3:$U$3,W$3,$P50:$U50) -> 273920.71 | AA50: =Q50/$E$1 -> 5910.75
F51: Celemek | G51: Buah | H51: 4 | I51: X | J51: Ha | K51: 1 | L51: 45.36 | M51: =((M$44*N$44)/240*($H51/N51)) -> 0.025 | N51: 1 | O51: =K51*L51*M51*N51 -> 1.134 | P51: 44982 | Q51: =P51*$O51 -> 51009.588 | R51: 44982 | S51: =R51*$O51 -> 51009.588 | T51: 47231.1 | U51: =T51*$O51 -> 53560.067 | V51: =W51/O51 -> 45731.7 | W51: =AVERAGEIF($P$3:$U$3,W$3,$P51:$U51) -> 51859.748 | AA51: =Q51/$E$1 -> 1124.55
F52: Masker Chemical | G52: Buah | H52: 12 | I52: X | J52: Ha | K52: 1 | L52: 45.36 | M52: =((M$44*N$44)/240*($H52/N52)) -> 0.075 | N52: 1 | O52: =K52*L52*M52*N52 -> 3.402 | P52: 14700 | Q52: =P52*$O52 -> 50009.4 | R52: 14700 | S52: =R52*$O52 -> 50009.4 | T52: 15435 | U52: =T52*$O52 -> 52509.87 | V52: =W52/O52 -> 14945 | W52: =AVERAGEIF($P$3:$U$3,W$3,$P52:$U52) -> 50842.89 | AA52: =Q52/$E$1 -> 1102.5
F53: Kaca mata | G53: Buah | H53: 1 | I53: X | J53: Ha | K53: 1 | L53: 45.36 | M53: =((M$44*N$44)/240*($H53/N53)) -> 0.00625 | N53: 1 | O53: =K53*L53*M53*N53 -> 0.2835 | P53: 39359.25 | Q53: =P53*$O53 -> 11158.347 | R53: 39359.25 | S53: =R53*$O53 -> 11158.347 | T53: 41327.213 | U53: =T53*$O53 -> 11716.265 | V53: =W53/O53 -> 40015.238 | W53: =AVERAGEIF($P$3:$U$3,W$3,$P53:$U53) -> 11344.32 | AA53: =Q53/$E$1 -> 245.99531
F54: Sarung Tangan Karet | G54: Buah | H54: 2 | I54: X | J54: Ha | K54: 1 | L54: 45.36 | M54: =((M$44*N$44)/240*($H54/N54)) -> 0.0125 | N54: 1 | O54: =K54*L54*M54*N54 -> 0.567 | P54: 33736.5 | Q54: =P54*$O54 -> 19128.596 | R54: 33736.5 | S54: =R54*$O54 -> 19128.596 | T54: 35423.325 | U54: =T54*$O54 -> 20085.025 | V54: =W54/O54 -> 34298.775 | W54: =AVERAGEIF($P$3:$U$3,W$3,$P54:$U54) -> 19447.405 | AA54: =Q54/$E$1 -> 421.70625
F55: Sepatu Boots | G55: Buah | H55: 1 | I55: X | J55: Ha | K55: 1 | L55: 45.36 | M55: =((M$44*N$44)/240*($H55/N55)) -> 0.00625 | N55: 1 | O55: =K55*L55*M55*N55 -> 0.2835 | P55: 89964 | Q55: =P55*$O55 -> 25504.794 | R55: 89964 | S55: =R55*$O55 -> 25504.794 | T55: 94462.2 | U55: =T55*$O55 -> 26780.034 | V55: =W55/O55 -> 91463.4 | W55: =AVERAGEIF($P$3:$U$3,W$3,$P55:$U55) -> 25929.874 | AA55: =Q55/$E$1 -> 562.275
E56: Transportasi Air | F56: TUS 1 | G56: RIT | J56: Ha | K56: 1 | L56: 45.36 | M56: 0.27 | N56: 1 | O56: =K56*L56*M56*N56 -> 12.2472 | P56: =200000 -> 200000 | Q56: =P56*$O56 -> 2449440 | R56: 69295.8 | S56: =R56*$O56 -> 848679.52 | T56: 72760.59 | U56: =T56*$O56 -> 891113.5 | V56: =W56/O56 -> 114018.8 | W56: =AVERAGEIF($P$3:$U$3,W$3,$P56:$U56) -> 1396411 | AA56: =Q56/$E$1 -> 54000
C57: Penyemprotan Pasar Rintis | F57: Upah PHL | G57: HK | J57: Ha | K57: 1 | L57: 0 | M57: 0.25 | N57: 1 | O57: =K57*L57*M57*N57 -> 0 | P57: 149108.52 | Q57: =P57*$O57 -> 0
F58: Premi Extra Fooding | G58: HK | J58: Ha | K58: 1 | L58: 0 | M58: 0.25 | N58: 1 | O58: =K58*L58*M58*N58 -> 0 | P58: 3940.5 | Q58: =P58*$O58 -> 0
F59: Perekat | G59: Liter | J59: Ha | K59: 1 | L59: 0 | M59: 0.005 | N59: 1 | O59: =K59*L59*M59*N59 -> 0 | P59: 44982 | Q59: =P59*$O59 -> 0
F60: Becano | G60: Liter | J60: Ha | K60: 1 | L60: 0 | M60: 0.012 | N60: 1 | O60: =K60*L60*M60*N60 -> 0 | P60: 1606500 | Q60: =P60*$O60 -> 0
F61: Sprayer (Inter) | G61: Buah | J61: Ha | K61: 1 | L61: 0 | M61: 0.001 | N61: 1 | O61: =K61*L61*M61*N61 -> 0 | P61: 1434791.9 | Q61: =P61*$O61 -> 0
F62: Celemek | G62: Buah | J62: Ha | K62: 1 | L62: 0 | M62: 0.0042 | N62: 1 | O62: =K62*L62*M62*N62 -> 0 | P62: 44982 | Q62: =P62*$O62 -> 0
F63: Masker Chemical | G63: Buah | J63: Ha | K63: 1 | L63: 0 | M63: 0.0125 | N63: 1 | O63: =K63*L63*M63*N63 -> 0 | P63: 14700 | Q63: =P63*$O63 -> 0
F64: Kaca mata | G64: Buah | J64: Ha | K64: 1 | L64: 0 | M64: 0.001 | N64: 1 | O64: =K64*L64*M64*N64 -> 0 | P64: 39359.25 | Q64: =P64*$O64 -> 0
F65: Sarung Tangan Karet | G65: Buah | J65: Ha | K65: 1 | L65: 0 | M65: 0.0021 | N65: 1 | O65: =K65*L65*M65*N65 -> 0 | P65: 33736.5 | Q65: =P65*$O65 -> 0
F66: Sepatu Boots | G66: Pasang | J66: Ha | K66: 1 | L66: 0 | M66: 0.001 | N66: 1 | O66: =K66*L66*M66*N66 -> 0 | P66: 89964 | Q66: =P66*$O66 -> 0
F67: TUS 1 | G67: RIT | J67: Ha | K67: 1 | L67: 0 | M67: 0.27 | N67: 1 | O67: =K67*L67*M67*N67 -> 0 | P67: 69295.8 | Q67: =P67*$O67 -> 0
D69: Pemadatan Tanah | F69: Upah PHL | G69: HK
F70: Excavator 1 | G70: HM
D71: Pembersihan Jalur Tanam | F71: Upah PHL | G71: HK
F72: Excavator 1 | G72: HM
D73: Biaya Lainnya / Survey | F73: Upah PHL | G73: HK | M73: 0.5 | N73: 1
F74: Meteran | G74: Buah | M74: 0.004 | N74: 1
F75: GPS | G75: Buah
D76: SUB JUMLAH IMAS TUMBANG PERUN | Q76: =SUM(Q7:Q75) -> 2.3397713e+09 | AA76: =Q76/$E$1 -> 51582259 | AB76: =Q76/$Q$346*100 -> 62.044657
B77: PEMBUATAN SARANA PRASARANA
C78: PEMBUATAN JALAN
D79: Pembuatan Jalan Utama | F79: Upah PHL | G79: HK
F80: Buldozer 1 | G80: HM | M80: =30/1000 -> 0.03 | N80: 1
F81: Greader 1 | G81: HM | M81: =12/1000 -> 0.012 | N81: 1
D82: Pembuatan Jalan Produksi | F82: Upah PHL | G82: HK
F83: Buldozer 1 | G83: HM | M83: 0.024 | N83: 1
F84: Greader 1 | G84: HM | M84: 0.009 | N84: 1
D85: Pembuatan Jalan Koleksi | F85: Upah PHL | G85: HK
F86: Buldozer 1 | G86: HM | M86: 0.02 | N86: 1
F87: Greader 1 | G87: HM | M87: 0.07 | N87: 1
D88: Pembuatan Jalan Pringgan | F88: Upah PHL | G88: HK
F89: Buldozer 1 | G89: HM | M89: 0.02 | N89: 1
F90: Greader 1 | G90: HM | M90: 0.007 | N90: 1
B91: SUB JUMLAH PEMBUATAN JALAN | Q91: =SUM(Q79:Q90) -> 0
C92: PEMBUATAN JEMBATAN
D93: Jembatan Permanen s/d 3 Mtr | F93: Upah PHL | G93: HK
F94: Bahan Jembatan Permanen 1 | G94: Unit
F95: TLB 1 | G95: HM
D96: Jembatan Permanen 4-6 Mtr | F96: Upah PHL | G96: HK
F97: Bahan Jembatan Permanen 2 | G97: Unit
F98: TLB 1 | G98: HM
D99: Jembatan Permanen 6-9 mtr | F99: Upah PHL | G99: HK
F100: Bahan Jembatan Permanen 3 | G100: Unit
F101: TLB 1 | G101: HM
...

Sheet S1 TBM 1
C1: Luas: | D1: 45.36
B2: Pekerjaan | F2: Material | H2: Rotasi APD | J2: TBM 1 | P2: 2025 | R2: 2027 | T2: 2027 | V2: Rata-rata | Y2: Rp/Ha | Z2: Persentase (%)
F3: Jenis | G3: Sat | J3: Sat | K3: Vol | M3: Norma | N3: Rotasi | O3: Jumlah Unit | P3: Rp Sat | Q3: Jumlah RP | R3: Rp Sat | S3: Jumlah RP | T3: Rp Sat | U3: Jumlah RP | V3: Rp Sat | W3: Jumlah RP | X3: Keterangan
K4: % | L4: Luas/Mtr/Pkk/Unit
B5: TANAM KACANGAN
C6: Tanam Kacangan | F6: Upah PHL | G6: HK | M6: 6.5 | N6: 1
F7: PJ | G7: Kg | M7: 3 | N7: 1
F8: CM | G8: Kg | M8: 6 | N8: 1
F9: MB (Mocuna Bracteata) | G9: Kg | M9: 0.25 | N9: 1
F10: Rizhobium | G10: Kg | M10: 0.01 | N10: 1
F11: Rock Phosphate | G11: Kg | M11: 2 | N11: 1
F12: Sepatu Boots | G12: Buah | H12: 1 | I12: X | M12: =((M$6*N$6)/240*($H12/N12)) -> 0.027083333 | N12: 1
C13: Pemeliharaan Kacangan | F13: Upah PHL | G13: HK | M13: 4 | N13: 3
C14: Bongkar Tumbuhan Pengganggu | F14: Upah PHL | G14: HK | M14: 2 | N14: 1
F15: Glyphosate | G15: Liter | M15: 1.2 | N15: 1
F16: Metil Metsulfuron | G16: Kg | M16: =48/1000 -> 0.048 | N16: 1
F17: Perekat | G17: Liter | M17: 0.288 | N17: 1
F18: Sprayer | G18: Buah | M18: 0.007 | N18: 1
F19: Premi Extra Fooding | G19: HK | M19: 2 | N19: 1
F20: Celemek | G20: Buah | H20: 4 | I20: X | M20: =((M$14*N$14)/240*($H20/N20)) -> 0.033333333 | N20: 1
F21: Masker Chemical | G21: Buah | H21: 12 | I21: X | M21: =((M$14*N$14)/240*($H21/N21)) -> 0.1 | N21: 1
F22: Kaca mata | G22: Buah | H22: 1 | I22: X | M22: =((M$14*N$14)/240*($H22/N22)) -> 0.0083333333 | N22: 1
F23: Sarung Tangan Karet | G23: Buah | H23: 2 | I23: X | M23: =((M$14*N$14)/240*($H23/N23)) -> 0.016666667 | N23: 1
F24: Sepatu Boots | G24: Buah | H24: 1 | I24: X | M24: =((M$14*N$14)/240*($H24/N24)) -> 0.0083333333 | N24: 1
C25: Pemberantasan Lalang | F25: Upah PHL | G25: HK | M25: 1 | N25: 1
F26: Glyphosate | G26: Liter | M26: 1.08 | N26: 1
F27: Perekat | G27: Liter | M27: 0.18 | N27: 1
F28: Sprayer | G28: Buah | M28: 0.004 | N28: 1
F29: Premi Extra Fooding | G29: HK | M29: 1 | N29: 1
F30: Celemek | G30: Buah | H30: 4 | I30: X | M30: =((M$25*N$25)/240*($H30/N30)) -> 0.016666667 | N30: 1
F31: Masker | G31: Buah | H31: 12 | I31: X | M31: =((M$25*N$25)/240*($H31/N31)) -> 0.05 | N31: 1
F32: Kaca mata | G32: Buah | H32: 1 | I32: X | M32: =((M$25*N$25)/240*($H32/N32)) -> 0.0041666667 | N32: 1
F33: Sarung Tangan Karet | G33: Buah | H33: 2 | I33: X | M33: =((M$25*N$25)/240*($H33/N33)) -> 0.0083333333 | N33: 1
F34: Sepatu Boots | G34: Buah | H34: 1 | I34: X | M34: =((M$25*N$25)/240*($H34/N34)) -> 0.0041666667 | N34: 1
B35: SUB TOTAL TANAMAN KACANGAN | S35: =SUM(S6:S34) -> 0
B36: TANAMAN BELUM MENGHASILKAN
B37: PEMBUATAN PIRINGAN, PASAR RINTIS, TPH DAN TITI PASAR RINTIS
C38: Pembuatan Piringan | F38: Upah PHL | G38: HK | J38: Ha | K38: 1 | L38: 45.36 | M38: 2.5 | N38: 1 | O38: =K38*L38*M38*N38 -> 113.4 | P38: 140008 | Q38: =P38*$O38 -> 15876907 | R38: 158800.57 | S38: =R38*$O38 -> 18007985 | T38: 163305.33 | U38: =$O38*T38 -> 18518825 | V38: =W38/O38 -> 154037.97 | W38: =AVERAGEIF($P$3:$U$3,W$3,$P38:$U38) -> 17467906 | Y38: =S38/$D$1 -> 397001.43
F39: Cangkul | G39: Buah | K39: 1 | L39: 45.36 | M39: 0.01 | N39: 1 | O39: =K39*L39*M39*N39 -> 0.4536 | R39: 83568.122 | S39: =R39*$O39 -> 37906.5 | Y39: =S39/$D$1 -> 835.68122
F40: Sepatu Boots | G40: Buah | K40: 1 | L40: 45.36 | M40: 0.01 | N40: 1 | O40: =K40*L40*M40*N40 -> 0.4536 | R40: 94462.2 | S40: =R40*$O40 -> 42848.054 | Y40: =S40/$D$1 -> 944.622
B41: SUB TOTAL PEMBUATAN PIRINGAN | S41: =SUM(S38:S40) -> 18088740 | Y41: =S41/D1 -> 398781.74 | Z41: =S41/$S$415*100 -> 3.6118843
C42: Pembuatan Pasar Rintis | F42: Upah PHL | G42: HK | K42: 100 | M42: 1 | N42: 1
F43: Cangkul | G43: Buah | K43: 100 | M43: 0.0033 | N43: 1
F44: Sepatu Boots | G44: Buah | K44: 100 | M44: 0.0033 | N44: 1
C45: Pembuatan TPH | F45: Upah PHL | G45: HK
F46: Cangkul | G46: Buah
F47: Sepatu Boots
C48: Pembuatan Titi Pasar Rintis | F48: Upah PHL | G48: HK | J48: Unit | K48: 1 | L48: 45.36 | M48: 0.5 | N48: 1 | O48: =K48*L48*M48*N48 -> 22.68 | P48: 140008 | Q48: =P48*$O48 -> 3175381.4 | R48: 158800.57 | S48: =R48*$O48 -> 3601597 | T48: 163305.33 | U48: =$O48*T48 -> 3703764.9 | V48: =W48/O48 -> 154037.97 | W48: =AVERAGEIF($P$3:$U$3,W$3,$P48:$U48) -> 3493581.1 | Y48: =S48/$D$1 -> 79400.287
F49: Titi Pasar Rintis 1 | G49: Buah | J49: Unit | K49: 1 | L49: 45.36 | M49: 0.25 | N49: 1 | O49: =K49*L49*M49*N49 -> 11.34 | P49: 450000 | Q49: =P49*$O49 -> 5103000 | R49: 496125 | S49: =R49*$O49 -> 5626057.5 | T49: 544500 | U49: =$O49*T49 -> 6174630 | V49: =W49/O49 -> 496875 | W49: =AVERAGEIF($P$3:$U$3,W$3,$P49:$U49) -> 5634562.5 | Y49: =S49/$D$1 -> 124031.25
F50: Sepatu Boots | G50: Buah | K50: 1 | L50: 45.36 | M50: 0.01 | N50: 1 | O50: =K50*L50*M50*N50 -> 0.4536 | R50: 94462.2 | S50: =R50*$O50 -> 42848.054 | Y50: =S50/$D$1 -> 944.622
B51: SUB TOTAL PEMBUATAN TITI PASAR RINTIS | S51: =SUM(S48:S50) -> 9270502.6 | Y51: =S51/D1 -> 204376.16 | Z51: =S51/$S$415*100 -> 1.8510954
C52: Pembuatan Pasar Pikul / Pasar Tengah | F52: Upah PHL | G52: HK | K52: 100 | M52: 0.15 | N52: 1
F53: Parang | G53: Buah | K53: 100 | M53: 0.0005 | N53: 1
F54: Sepatu Boots | G54: Buah | H54: 1 | I54: X | K54: 100 | M54: =((M$52*N$52)/240*($H54/N54)) -> 0.000625 | N54: 1
C55: PEMELIHARAAN TITI PASAR RINTIS | F55: Upah PHL | G55: HK | N55: 1
F56: Titi Pasar Rintis 1 | G56: Unit | N56: 1
F57: TLB 1 | G57: HM | N57: 1
B58: SUB TOTAL PEMBUATAN PIRINGAN,PASAR RINTIS,DAN TITI PASAR RINTIS | S58: =SUM(S51+S41) -> 27359242 | Y58: =S58/D1 -> 603157.9 | Z58: =S58/$S$415*100 -> 5.4629797
B59: PENGENDALIAN GULMA
C60: Pemel. Piringan, TPH dan Pasar Rintis (Manual)
D61: Pemeliharaan Piringan Manual | F61: Upah PHL | G61: HK | J61: Ha | K61: 1 | L61: 45.36 | M61: 2.5 | N61: 1 | O61: =K61*L61*M61*N61 -> 113.4 | P61: 140008 | Q61: =P61*$O61 -> 15876907 | R61: 158800.57 | S61: =R61*$O61 -> 18007985 | T61: 163305.33 | U61: =$O61*T61 -> 18518825 | V61: =W61/O61 -> 154037.97 | W61: =AVERAGEIF($P$3:$U$3,W$3,$P61:$U61) -> 17467906 | Y61: =S61/$D$1 -> 397001.43
F62: Cangkul | G62: Buah | J62: Ha | K62: 1 | L62: 45.36 | M62: 0.0083 | N62: 1 | O62: =K62*L62*M62*N62 -> 0.376488 | P62: 75798.75 | Q62: =P62*$O62 -> 28537.32 | R62: 83568.122 | S62: =R62*$O62 -> 31462.395 | Y62: =S62/$D$1 -> 693.61541
F63: Sepatu Boots | G63: Buah | H63: 1 | I63: X | K63: 1 | L63: 45.36 | M63: =((M$61*N$61)/240*($H63/N63)) -> 0.010416667 | N63: 1 | O63: =K63*L63*M63*N63 -> 0.4725 | P63: 85680 | Q63: =P63*$O63 -> 40483.8 | R63: 94462.2 | S63: =R63*$O63 -> 44633.389 | Y63: =S63/$D$1 -> 983.98125
D64: Pemeliharaan TPH Manual | F64: Upah PHL | G64: HK
F65: Cangkul | G65: Buah
F66: Sepatu Boots | G66: Buah
D67: Pemeliharaan Pasar Rintis Manual | F67: Upah PHL | G67: HK | K67: 100 | M67: 2 | N67: 1
F68: Parang | G68: Buah | K68: 100 | M68: 0.005 | N68: 1
F69: Sepatu Boots | G69: Buah | H69: 1 | I69: X | K69: 100 | M69: =((M$67*N$67)/240*($H69/N69)) -> 0.0083333333 | N69: 1
B71: SUB TOTAL PEMELIHARAAN PIRINGAN,TPH,PASAR RINTIS | S71: =SUM(S60:S70) -> 18084081 | Y71: =S71/D1 -> 398679.03 | Z71: =S71/$S$415*100 -> 3.6109541
C72: Pemel. Piringan, TPH dan Pasar Rintis (Chemis)
D73: Pemeliharaan Piringan /Pasar Rintis(Chemist) | F73: Upah PHL | G73: HK | J73: Ha | K73: 1 | L73: 45.36 | M73: 0.75 | N73: 1 | O73: =K73*L73*M73*N73 -> 34.02 | P73: 140008 | Q73: =P73*$O73 -> 4763072.2 | R73: 158800.57 | S73: =R73*$O73 -> 5402395.5 | T73: 163305.33 | U73: =$O73*T73 -> 5555647.4 | V73: =W73/O73 -> 154037.97 | W73: =AVERAGEIF($P$3:$U$3,W$3,$P73:$U73) -> 5240371.7 | X73: Rotasi 1 X perlu dibahas ulang | Y73: =S73/$D$1 -> 119100.43
F74: Glyphosate | G74: Liter | J74: Ha | K74: 1 | L74: 45.36 | M74: 0.45 | N74: 1 | O74: =K74*L74*M74*N74 -> 20.412 | P74: 36352.8 | Q74: =P74*$O74 -> 742033.35 | R74: 37110.15 | S74: =R74*$O74 -> 757492.38 | T74: 41620.321 | U74: =$O74*T74 -> 849553.99 | V74: =W74/O74 -> 38361.09 | W74: =AVERAGEIF($P$3:$U$3,W$3,$P74:$U74) -> 783026.57 | Y74: =S74/$D$1 -> 16699.568
F75: Metil Metsulfuron | G75: Kg | J75: Ha | K75: 1 | L75: 45.36 | M75: =18/1000 -> 0.018 | N75: 1 | O75: =K75*L75*M75*N75 -> 0.81648 | P75: 99144 | Q75: =P75*$O75 -> 80949.093 | R75: 101209.5 | S75: =R75*$O75 -> 82635.533 | T75: 113509.97 | U75: =$O75*T75 -> 92678.617 | V75: =W75/O75 -> 104621.16 | W75: =AVERAGEIF($P$3:$U$3,W$3,$P75:$U75) -> 85421.081 | Y75: =S75/$D$1 -> 1821.771
F76: Perekat | G76: Liter | J76: Ha | K76: 1 | L76: 45.36 | M76: 0.135 | N76: 1 | O76: =K76*L76*M76*N76 -> 6.1236 | P76: 46267.2 | Q76: =P76*$O76 -> 283321.83 | R76: 47231.1 | S76: =R76*$O76 -> 289224.36 | T76: 52971.317 | U76: =$O76*T76 -> 324375.16 | V76: =W76/O76 -> 48823.206 | W76: =AVERAGEIF($P$3:$U$3,W$3,$P76:$U76) -> 298973.78 | Y76: =S76/$D$1 -> 6376.1985
F77: Premi Extra Fooding | G77: HK | J77: Ha | K77: 1 | L77: 45.36 | M77: 0.75 | N77: 1 | O77: =K77*L77*M77*N77 -> 34.02 | P77: 3700 | Q77: =P77*$O77 -> 125874 | R77: 4196.6325 | S77: =R77*$O77 -> 142769.44 | T77: 4490.64 | U77: =$O77*T77 -> 152771.57 | V77: =W77/O77 -> 4129.0908 | W77: =AVERAGEIF($P$3:$U$3,W$3,$P77:$U77) -> 140471.67 | Y77: =S77/$D$1 -> 3147.4744
F78: Sprayer (Inter) | G78: Buah | J78: Ha | K78: 1 | L78: 45.36 | M78: =0.00625*(1/2) -> 0.003125 | N78: 1 | O78: =K78*L78*M78*N78 -> 0.14175 | P78: 1366468.5 | Q78: =P78*$O78 -> 193696.91 | R78: 1506531.5 | S78: =R78*$O78 -> 213550.84 | T78: 1593848.9 | U78: =$O78*T78 -> 225928.08 | V78: =W78/O78 -> 1488949.6 | W78: =AVERAGEIF($P$3:$U$3,W$3,$P78:$U78) -> 211058.61 | Y78: =S78/$D$1 -> 4707.911
F79: Celemek | G79: Buah | H79: 4 | I79: X | J79: Ha | K79: 1 | L79: 45.36 | M79: =((M$73*N$73)/240*($H79/N79)) -> 0.0125 | N79: 1 | O79: =K79*L79*M79*N79 -> 0.567 | P79: 42840 | Q79: =P79*$O79 -> 24290.28 | R79: 47231.1 | S79: =R79*$O79 -> 26780.034 | T79: 49968.576 | U79: =$O79*T79 -> 28332.183 | V79: =W79/O79 -> 46679.892 | W79: =AVERAGEIF($P$3:$U$3,W$3,$P79:$U79) -> 26467.499 | Y79: =S79/$D$1 -> 590.38875
F80: Masker Chemical | G80: Buah | H80: 12 | I80: X | J80: Ha | K80: 1 | L80: 45.36 | M80: =((M$73*N$73)/240*($H80/N80)) -> 0.0375 | N80: 1 | O80: =K80*L80*M80*N80 -> 1.701 | P80: 14000 | Q80: =P80*$O80 -> 23814 | R80: 15435 | S80: =R80*$O80 -> 26254.935 | T80: 16329.6 | U80: =$O80*T80 -> 27776.65 | V80: =W80/O80 -> 15254.867 | W80: =AVERAGEIF($P$3:$U$3,W$3,$P80:$U80) -> 25948.528 | Y80: =S80/$D$1 -> 578.8125
F81: Kaca mata | G81: Buah | H81: 1 | I81: X | J81: Ha | K81: 1 | L81: 45.36 | M81: =((M$73*N$73)/240*($H81/N81)) -> 0.003125 | N81: 1 | O81: =K81*L81*M81*N81 -> 0.14175 | P81: 37485 | Q81: =P81*$O81 -> 5313.4988 | R81: 41327.213 | S81: =R81*$O81 -> 5858.1324 | T81: 43722.504 | U81: =$O81*T81 -> 6197.6649 | V81: =W81/O81 -> 40844.906 | W81: =AVERAGEIF($P$3:$U$3,W$3,$P81:$U81) -> 5789.7654 | Y81: =S81/$D$1 -> 129.14754
F82: Sarung Tangan Karet | G82: Buah | H82: 2 | I82: X | J82: Ha | K82: 1 | L82: 45.36 | M82: =((M$73*N$73)/240*($H82/N82)) -> 0.00625 | N82: 1 | O82: =K82*L82*M82*N82 -> 0.2835 | P82: 32130 | Q82: =P82*$O82 -> 9108.855 | R82: 35423.325 | S82: =R82*$O82 -> 10042.513 | T82: 37476.432 | U82: =$O82*T82 -> 10624.568 | V82: =W82/O82 -> 35009.919 | W82: =AVERAGEIF($P$3:$U$3,W$3,$P82:$U82) -> 9925.312 | Y82: =S82/$D$1 -> 221.39578
F83: Sepatu Boots | G83: Buah | H83: 1 | I83: X | J83: Ha | K83: 1 | L83: 45.36 | M83: =((M$73*N$73)/240*($H83/N83)) -> 0.003125 | N83: 1 | O83: =K83*L83*M83*N83 -> 0.14175 | P83: 85680 | Q83: =P83*$O83 -> 12145.14 | R83: 94462.2 | S83: =R83*$O83 -> 13390.017 | T83: 99937.152 | U83: =$O83*T83 -> 14166.091 | V83: =W83/O83 -> 93359.784 | W83: =AVERAGEIF($P$3:$U$3,W$3,$P83:$U83) -> 13233.749 | Y83: =S83/$D$1 -> 295.19438
B84: SUB TOTAL PEMELIHARAAN PIRINGAN,TPH,PASAR RINTIS | S84: =SUM(S73:S83) -> 6970393.7 | Y84: =S84/D1 -> 153668.29 | Z84: =S84/$S$415*100 -> 1.3918192
D85: Pemeliharaan TPH (Chemist) | F85: Upah PHL | G85: HK
F86: Glyphosate | G86: Liter
F87: Metil Metsulfuron | G87: Kg
F88: Perekat | G88: Liter
F89: Premi Extra Fooding | G89: HK
F90: Sprayer (Inter) | G90: Buah
F91: Celemek | G91: Buah
F92: Masker | G92: Buah
F93: Kaca mata | G93: Buah
F94: Sarung Tangan Karet | G94: Buah
F95: Sepatu Boots | G95: Buah
D96: Pemeliharaan Pasar Rintis (Chemist) | F96: Upah PHL | G96: HK
F97: Glyphosate | G97: Liter
F98: Metil Metsulfuron | G98: Kg
F99: Perekat | G99: Liter
F100: Premi Extra Fooding | G100: HK
F101: Sprayer (Inter) | G101: Buah
...

Sheet S1 TBM 2
C1: Luas: | D1: 45.36
B2: Pekerjaan | F2: Material | H2: Rotasi APD | J2: TBM 2 | P2: 2028 | R2: 2028 | T2: 2029 | V2: Rata-rata | Y2: Rp/Ha | Z2: Persentase (%)
F3: Jenis | G3: Sat | J3: Sat | K3: Vol | M3: Norma | N3: Rotasi | O3: Jumlah Unit | P3: Rp Sat | Q3: Jumlah RP | R3: Rp Sat | S3: Jumlah RP | T3: Rp Sat | U3: Jumlah RP | V3: Rp Sat | W3: Jumlah RP | X3: Keterangan
K4: % | L4: Luas/Mtr/Pkk/Unit
B5: TANAM KACANGAN
C6: Tanam Kacangan | F6: Upah PHL | G6: HK
F7: PJ | G7: Kg
F8: CM | G8: Kg
F9: MB (Mocuna Bracteata) | G9: Kg
F10: Rizhobium | G10: Kg
F11: Rock Phosphate | G11: Kg
F12: Sepatu Boots | G12: Buah | H12: 1 | I12: X
C13: Pemeliharaan Kacangan | F13: Upah PHL | G13: HK
C14: Bongkar Tumbuhan Pengganggu | F14: Upah PHL | G14: HK
F15: Glyphosate | G15: Liter
F16: Metil Metsulfuron | G16: Kg
F17: Perekat | G17: Liter
F18: Sprayer | G18: Buah
F19: Premi Extra Fooding | G19: HK
F20: Celemek | G20: Buah | H20: 4 | I20: X
F21: Masker Chemical | G21: Buah | H21: 12 | I21: X
F22: Kaca mata | G22: Buah | H22: 1 | I22: X
F23: Sarung Tangan Karet | G23: Buah | H23: 2 | I23: X
F24: Sepatu Boots | G24: Buah | H24: 1 | I24: X
C25: Pemberantasan Lalang | F25: Upah PHL | G25: HK
F26: Glyphosate | G26: Liter
F27: Perekat | G27: Liter
F28: Sprayer | G28: Buah
F29: Premi Extra Fooding | G29: HK
F30: Celemek | G30: Buah | H30: 4 | I30: X
F31: Masker | G31: Buah | H31: 12 | I31: X
F32: Kaca mata | G32: Buah | H32: 1 | I32: X
F33: Sarung Tangan Karet | G33: Buah | H33: 2 | I33: X
F34: Sepatu Boots | G34: Buah | H34: 1 | I34: X
B35: SUB TOTAL TANAMAN KACANGAN | Q35: =SUM(Q6:Q34) -> 0 | S35: =SUM(S6:S34) -> 0
B36: TANAMAN BELUM MENGHASILKAN
B37: PEMBUATAN PIRINGAN, PASAR RINTIS, TPH DAN TITI PASAR RINTIS
C38: Pembuatan Piringan | F38: Upah PHL | G38: HK | O38: =K38*L38*M38*N38 -> 0 | P38: 151208.64 | Q38: =P38*$O38 -> 0 | R38: 163305.33 | S38: =R38*$O38 -> 0 | T38: 179635.86 | U38: =$O38*T38 -> 0 | V38: =W38/O38 -> #DIV/0! | W38: =AVERAGEIF($P$3:$U$3,W$3,$P38:$U38) -> 0
F39: Cangkul | G39: Buah
F40: Sepatu Boots | G40: Buah
C41: Pembuatan Pasar Rintis | F41: Upah PHL | G41: HK
F42: Cangkul | G42: Buah
F43: Sepatu Boots | G43: Buah
C44: Pembuatan TPH | F44: Upah PHL | G44: HK
F45: Cangkul | G45: Buah
F46: Sepatu Boots
C47: Pembuatan Titi Pasar Rintis | F47: Upah PHL | G47: HK | M47: 0.5 | N47: 1 | O47: =K47*L47*M47*N47 -> 0 | P47: 151208.64 | Q47: =P47*$O47 -> 0 | R47: 163305.33 | S47: =R47*$O47 -> 0 | T47: 179635.86 | U47: =$O47*T47 -> 0 | V47: =W47/O47 -> #DIV/0! | W47: =AVERAGEIF($P$3:$U$3,W$3,$P47:$U47) -> 0
F48: Titi Pasar Rintis 1 | G48: Buah | M48: 0.5 | N48: 1 | O48: =K48*L48*M48*N48 -> 0 | P48: 495000 | Q48: =P48*$O48 -> 0 | R48: 544500 | S48: =R48*$O48 -> 0 | T48: 598950 | U48: =$O48*T48 -> 0 | V48: =W48/O48 -> #DIV/0! | W48: =AVERAGEIF($P$3:$U$3,W$3,$P48:$U48) -> 0
F49: Sepatu Boots | G49: Buah
C50: Pembuatan Pasar Pikul / Pasar Tengah | F50: Upah PHL | G50: HK | M50: 0.15 | N50: 1
F51: Parang | G51: Buah | M51: 0.0005 | N51: 1
F52: Sepatu Boots | G52: Buah | H52: 1 | I52: X | M52: =((M$50*N$50)/240*($H52/N52)) -> 0.000625 | N52: 1
C53: PEMELIHARAAN TITI PASAR RINTIS | F53: Upah PHL | G53: HK | N53: 1
F54: Titi Pasar Rintis 1 | G54: Unit | N54: 1
F55: TLB 1 | G55: HM | N55: 1
B56: SUB TOTAL PEMBUATAN PIRINGAN,PASAR RINTIS,DAN TITI PASAR RINTIS | Q56: =SUM(Q38:Q55) -> 0 | S56: =SUM(S49+S39) -> 0
B57: PENGENDALIAN GULMA
C58: Pemel. Piringan, TPH dan Pasar Rintis (Manual)
D59: Pemeliharaan Piringan Manual | F59: Upah PHL | G59: HK | J59: Ha | K59: 1 | L59: 45.36 | M59: 2.5 | N59: 1 | O59: =K59*L59*M59*N59 -> 113.4 | P59: 169122.61 | Q59: =P59*$O59 -> 19178504 | R59: 163305.33 | S59: =R59*$O59 -> 18518825 | T59: 179635.86 | U59: =$O59*T59 -> 20370707 | V59: =W59/O59 -> 170687.94 | W59: =AVERAGEIF($P$3:$U$3,W$3,$P59:$U59) -> 19356012 | Y59: =Q59/$D$1 -> 422806.53
F60: Cangkul | G60: Buah | J60: Ha | K60: 1 | L60: 45.36 | M60: 0.0083 | N60: 1 | O60: =K60*L60*M60*N60 -> 0.376488 | P60: 87746.528 | Q60: =P60*$O60 -> 33035.515 | Y60: =Q60/$D$1 -> 728.29618
F61: Sepatu Boots | G61: Buah | H61: 1 | I61: X | K61: 1 | L61: 45.36 | M61: =((M$59*N$59)/240*($H61/N61)) -> 0.010416667 | N61: 1 | O61: =K61*L61*M61*N61 -> 0.4725 | P61: 99185.31 | Q61: =P61*$O61 -> 46865.059 | Y61: =Q61/$D$1 -> 1033.1803
D62: Pemeliharaan TPH Manual | F62: Upah PHL | G62: HK
F63: Cangkul | G63: Buah
F64: Sepatu Boots | G64: Buah
D65: Pemeliharaan Pasar Rintis Manual | F65: Upah PHL | G65: HK | M65: 2 | N65: 1
F66: Parang | G66: Buah | M66: 0.005 | N66: 1
F67: Sepatu Boots | G67: Buah | H67: 1 | I67: X | M67: =((M$65*N$65)/240*($H67/N67)) -> 0.0083333333 | N67: 1
B69: SUB TOTAL PEMELIHARAAN PIRINGAN,TPH,PASAR RINTIS | Q69: =SUM(Q59:Q68) -> 19258405 | S69: =SUM(S58:S68) -> 18518825 | Y69: =Q69/$D$1 -> 424568 | Z69: =Q69/$Q$426*100 -> 3.2631782
C70: Pemel. Piringan, TPH dan Pasar Rintis (Chemis)
D71: Pemeliharaan Piringan /Pasar Rintis(Chemist) | F71: Upah PHL | G71: HK | J71: Ha | K71: 1 | L71: 45.36 | M71: 0.75 | N71: 3 | O71: =K71*L71*M71*N71 -> 102.06 | P71: 169122.61 | Q71: =P71*$O71 -> 17260654 | R71: 163305.33 | S71: =R71*$O71 -> 16666942 | T71: 179635.86 | U71: =$O71*T71 -> 18333636 | V71: =W71/O71 -> 170687.94 | W71: =AVERAGEIF($P$3:$U$3,W$3,$P71:$U71) -> 17420411 | Y71: =Q71/$D$1 -> 380525.87
F72: Glyphosate | G72: Liter | J72: Ha | K72: 1 | L72: 45.36 | M72: 0.45 | N72: 1 | O72: =K72*L72*M72*N72 -> 20.412 | P72: 38965.658 | Q72: =P72*$O72 -> 795367 | R72: 41620.321 | S72: =R72*$O72 -> 849553.99 | T72: 44533.743 | U72: =$O72*T72 -> 909022.77 | V72: =W72/O72 -> 41706.574 | W72: =AVERAGEIF($P$3:$U$3,W$3,$P72:$U72) -> 851314.58 | Y72: =Q72/$D$1 -> 17534.546
F73: Metil Metsulfuron | G73: Kg | J73: Ha | K73: 1 | L73: 45.36 | M73: =18/1000 -> 0.018 | N73: 1 | O73: =K73*L73*M73*N73 -> 0.81648 | P73: 106269.98 | Q73: =P73*$O73 -> 86767.309 | R73: 113509.97 | S73: =R73*$O73 -> 92678.617 | T73: 121455.66 | U73: =$O73*T73 -> 99166.12 | V73: =W73/O73 -> 113745.2 | W73: =AVERAGEIF($P$3:$U$3,W$3,$P73:$U73) -> 92870.682 | Y73: =Q73/$D$1 -> 1912.8595
F74: Perekat | G74: Liter | J74: Ha | K74: 1 | L74: 45.36 | M74: 0.135 | N74: 3 | O74: =K74*L74*M74*N74 -> 18.3708 | P74: 49592.655 | Q74: =P74*$O74 -> 911056.75 | R74: 52971.317 | S74: =R74*$O74 -> 973125.48 | T74: 56679.309 | U74: =$O74*T74 -> 1041244.3 | V74: =W74/O74 -> 53081.094 | W74: =AVERAGEIF($P$3:$U$3,W$3,$P74:$U74) -> 975142.16 | Y74: =Q74/$D$1 -> 20085.025
F75: FLUROXYPYR | G75: Liter | J75: Ha | K75: 1 | L75: 45.36 | M75: 0.5 | N75: 2 | O75: =K75*L75*M75*N75 -> 45.36 | P75: 163832.88 | Q75: =P75*$O75 -> 7431459.4
F76: Premi Extra Fooding | G76: HK | J76: Ha | K76: 1 | L76: 45.36 | M76: =M71 -> 0.75 | N76: 3 | O76: =K76*L76*M76*N76 -> 102.06 | P76: 4469.4136 | Q76: =P76*$O76 -> 456148.35 | R76: 4490.64 | S76: =R76*$O76 -> 458314.72 | T76: 4849.8912 | U76: =$O76*T76 -> 494979.9 | V76: =W76/O76 -> 4603.3149 | W76: =AVERAGEIF($P$3:$U$3,W$3,$P76:$U76) -> 469814.32 | Y76: =Q76/$D$1 -> 10056.181
F77: Sprayer (Inter) | G77: Buah | J77: Ha | K77: 1 | L77: 45.36 | M77: =0.00625*(1/2) -> 0.003125 | N77: 3 | O77: =K77*L77*M77*N77 -> 0.42525 | P77: 1581858.1 | Q77: =P77*$O77 -> 672685.16 | R77: 1593848.9 | S77: =R77*$O77 -> 677784.23 | T77: 1721356.8 | U77: =$O77*T77 -> 732006.97 | V77: =W77/O77 -> 1632354.6 | W77: =AVERAGEIF($P$3:$U$3,W$3,$P77:$U77) -> 694158.78 | Y77: =Q77/$D$1 -> 14829.92
F78: Celemek | G78: Buah | H78: 4 | I78: X | J78: Ha | K78: 1 | L78: 45.36 | M78: =((M$71*N$71)/240*($H78/N78)) -> 0.0125 | N78: 3 | O78: =K78*L78*M78*N78 -> 1.701 | P78: 49592.655 | Q78: =P78*$O78 -> 84357.106 | R78: 49968.576 | S78: =R78*$O78 -> 84996.548 | T78: 53966.062 | U78: =$O78*T78 -> 91796.272 | V78: =W78/O78 -> 51175.764 | W78: =AVERAGEIF($P$3:$U$3,W$3,$P78:$U78) -> 87049.975 | Y78: =Q78/$D$1 -> 1859.7246
F79: Masker Chemical | G79: Buah | H79: 12 | I79: X | J79: Ha | K79: 1 | L79: 45.36 | M79: =((M$71*N$71)/240*($H79/N79)) -> 0.0375 | N79: 3 | O79: =K79*L79*M79*N79 -> 5.103 | P79: 16206.75 | Q79: =P79*$O79 -> 82703.045 | R79: 16329.6 | S79: =R79*$O79 -> 83329.949 | T79: 17635.968 | U79: =$O79*T79 -> 89996.345 | V79: =W79/O79 -> 16724.106 | W79: =AVERAGEIF($P$3:$U$3,W$3,$P79:$U79) -> 85343.113 | Y79: =Q79/$D$1 -> 1823.2594
F80: Kaca mata | G80: Buah | H80: 1 | I80: X | J80: Ha | K80: 1 | L80: 45.36 | M80: =((M$71*N$71)/240*($H80/N80)) -> 0.003125 | N80: 3 | O80: =K80*L80*M80*N80 -> 0.42525 | P80: 43393.573 | Q80: =P80*$O80 -> 18453.117 | R80: 43722.504 | S80: =R80*$O80 -> 18592.995 | T80: 47220.304 | U80: =$O80*T80 -> 20080.434 | V80: =W80/O80 -> 44778.794 | W80: =AVERAGEIF($P$3:$U$3,W$3,$P80:$U80) -> 19042.182 | Y80: =Q80/$D$1 -> 406.81475
F81: Sarung Tangan Karet | G81: Buah | H81: 2 | I81: X | J81: Ha | K81: 1 | L81: 45.36 | M81: =((M$71*N$71)/240*($H81/N81)) -> 0.00625 | N81: 3 | O81: =K81*L81*M81*N81 -> 0.8505 | P81: 37194.491 | Q81: =P81*$O81 -> 31633.915 | R81: 37476.432 | S81: =R81*$O81 -> 31873.705 | T81: 40474.547 | U81: =$O81*T81 -> 34423.602 | V81: =W81/O81 -> 38381.823 | W81: =AVERAGEIF($P$3:$U$3,W$3,$P81:$U81) -> 32643.741 | Y81: =Q81/$D$1 -> 697.39671
F82: Sepatu Boots | G82: Buah | H82: 1 | I82: X | J82: Ha | K82: 1 | L82: 45.36 | M82: =((M$71*N$71)/240*($H82/N82)) -> 0.003125 | N82: 3 | O82: =K82*L82*M82*N82 -> 0.42525 | P82: 99185.31 | Q82: =P82*$O82 -> 42178.553 | R82: 99937.152 | S82: =R82*$O82 -> 42498.274 | T82: 107932.12 | U82: =$O82*T82 -> 45898.136 | V82: =W82/O82 -> 102351.53 | W82: =AVERAGEIF($P$3:$U$3,W$3,$P82:$U82) -> 43524.988 | Y82: =Q82/$D$1 -> 929.86228
B83: SUB TOTAL PEMELIHARAAN PIRINGAN/PASAR RINTIS CHEMIST | Q83: =SUM(Q71:Q82) -> 27873463 | S83: =SUM(S71:S82) -> 19979691 | Y83: =Q83/$D$1 -> 614494.34 | Z83: =Q83/$Q$426*100 -> 4.722929
D84: Pemeliharaan TPH (Chemist) | F84: Upah PHL | G84: HK
F85: Glyphosate | G85: Liter
F86: Metil Metsulfuron | G86: Kg
F87: Perekat | G87: Liter
F88: Premi Extra Fooding | G88: HK
F89: Sprayer (Inter) | G89: Buah
F90: Celemek | G90: Buah
F91: Masker | G91: Buah
F92: Kaca mata | G92: Buah
F93: Sarung Tangan Karet | G93: Buah
F94: Sepatu Boots | G94: Buah
D95: Pemeliharaan Pasar Rintis (Chemist) | F95: Upah PHL | G95: HK
F96: Glyphosate | G96: Liter
F97: Metil Metsulfuron | G97: Kg
F98: Perekat | G98: Liter
F99: Premi Extra Fooding | G99: HK
F100: Sprayer (Inter) | G100: Buah
F101: Celemek | G101: Buah
...

Sheet S1 TBM 3
C1: Luas: | D1: 45.36
B2: Pekerjaan | F2: Material | H2: Rotasi APD | J2: TBM 3 | P2: 2029 | R2: 2029 | T2: 2029 | V2: Rata-rata | Y2: Rp/Ha | Z2: Persentase (%)
F3: Jenis | G3: Sat | J3: Sat | K3: Vol | M3: Norma | N3: Rotasi | O3: Jumlah Unit | P3: Rp Sat | Q3: Jumlah RP | R3: Rp Sat | S3: Jumlah RP | T3: Rp Sat | U3: Jumlah RP | V3: Rp Sat | W3: Jumlah RP | X3: Keterangan
K4: % | L4: Luas/Mtr/Pkk/Unit
B5: TANAM KACANGAN
C6: Tanam Kacangan | F6: Upah PHL | G6: HK
F7: PJ | G7: Kg
F8: CM | G8: Kg
F9: MB (Mocuna Bracteata) | G9: Kg
F10: Rizhobium | G10: Kg
F11: Rock Phosphate | G11: Kg
F12: Sepatu Boots | G12: Buah | H12: 1 | I12: X
C13: Pemeliharaan Kacangan | F13: Upah PHL | G13: HK
C14: Bongkar Tumbuhan Pengganggu | F14: Upah PHL | G14: HK
F15: Glyphosate | G15: Liter
F16: Metil Metsulfuron | G16: Kg
F17: Perekat | G17: Liter
F18: Sprayer | G18: Buah
F19: Premi Extra Fooding | G19: HK
F20: Celemek | G20: Buah | H20: 4 | I20: X
F21: Masker Chemical | G21: Buah | H21: 12 | I21: X
F22: Kaca mata | G22: Buah | H22: 1 | I22: X
F23: Sarung Tangan Karet | G23: Buah | H23: 2 | I23: X
F24: Sepatu Boots | G24: Buah | H24: 1 | I24: X
C25: Pemberantasan Lalang | F25: Upah PHL | G25: HK
F26: Glyphosate | G26: Liter
F27: Perekat | G27: Liter
F28: Sprayer | G28: Buah
F29: Premi Extra Fooding | G29: HK
F30: Celemek | G30: Buah | H30: 4 | I30: X
F31: Masker | G31: Buah | H31: 12 | I31: X
F32: Kaca mata | G32: Buah | H32: 1 | I32: X
F33: Sarung Tangan Karet | G33: Buah | H33: 2 | I33: X
F34: Sepatu Boots | G34: Buah | H34: 1 | I34: X
B35: SUB TOTAL TANAM KACANGAN | Q35: =SUM(Q6:Q34) -> 0 | S35: =SUM(S24:S34) -> 0
B36: TANAMAN BELUM MENGHASILKAN
B37: PEMBUATAN PIRINGAN, PASAR RINTIS, TPH DAN TITI PASAR RINTIS
C38: Pembuatan Piringan | F38: Upah PHL | G38: HK | O38: =K38*L38*M38*N38 -> 0 | P38: 169122.61 | Q38: =P38*$O38 -> 0 | R38: 179635.86 | S38: =R38*$O38 -> 0 | T38: 197599.45 | U38: =$O38*T38 -> 0 | V38: =W38/O38 -> #DIV/0! | W38: =AVERAGEIF($P$3:$U$3,W$3,$P38:$U38) -> 0
F39: Cangkul | G39: Buah
F40: Sepatu Boots | G40: Buah
C41: Pembuatan Pasar Rintis | F41: Upah PHL | G41: HK
F42: Cangkul | G42: Buah
F43: Sepatu Boots | G43: Buah
C44: Pembuatan TPH | F44: Upah PHL | G44: HK | K44: 1 | L44: 45.36 | M44: =1/8 -> 0.125 | N44: 1 | O44: =K44*L44*M44*N44 -> 5.67 | P44: 180115.58 | Q44: =P44*$O44 -> 1021255.3 | R44: 179635.86 | S44: =R44*$O44 -> 1018535.4 | T44: 197599.45 | U44: =$O44*T44 -> 1120388.9 | V44: =W44/O44 -> 185783.63 | W44: =AVERAGEIF($P$3:$U$3,W$3,$P44:$U44) -> 1053393.2 | Y44: =Q44/$D$1 -> 22514.448
F45: Cangkul | G45: Buah | K45: 1 | L45: 45.36 | M45: 0.0083 | N45: 1 | O45: =K45*L45*M45*N45 -> 0.376488 | P45: 92133.854 | Q45: =P45*$O45 -> 34687.291 | Y45: =Q45/$D$1 -> 764.71099
F46: Sepatu Boots | K46: 1 | L46: 45.36 | M46: 0.010416667 | N46: 1 | O46: =K46*L46*M46*N46 -> 0.4725 | P46: 104144.58 | Q46: =P46*$O46 -> 49208.312 | Y46: =Q46/$D$1 -> 1084.8393
B47: SUB TOTAL PEMBUATAN TPH | Q47: =SUM(Q44:Q46) -> 1105150.9 | S47: =SUM(S36:S46) -> 1018535.4 | Y47: =Q47/D1 -> 24363.998 | Z47: =Q47/$Q$424*100 -> 0.13010976
C48: Pembuatan Titi Pasar Rintis | F48: Upah PHL | G48: HK | M48: 0.5 | N48: 1 | O48: =K48*L48*M48*N48 -> 0 | P48: 169122.61 | Q48: =P48*$O48 -> 0 | R48: 179635.86 | S48: =R48*$O48 -> 0 | T48: 197599.45 | U48: =$O48*T48 -> 0 | V48: =W48/O48 -> #DIV/0! | W48: =AVERAGEIF($P$3:$U$3,W$3,$P48:$U48) -> 0
F49: Titi Pasar Rintis 1 | G49: Buah | M49: 0.5 | N49: 1 | O49: =K49*L49*M49*N49 -> 0 | P49: 520931.25 | Q49: =P49*$O49 -> 0 | R49: 598950 | S49: =R49*$O49 -> 0 | T49: 658845 | U49: =$O49*T49 -> 0 | V49: =W49/O49 -> #DIV/0! | W49: =AVERAGEIF($P$3:$U$3,W$3,$P49:$U49) -> 0
F50: Sepatu Boots | G50: Buah
C51: Pembuatan Pasar Pikul / Pasar Tengah | F51: Upah PHL | G51: HK | M51: 0.15 | N51: 1
F52: Parang | G52: Buah | M52: 0.0005 | N52: 1
F53: Sepatu Boots | G53: Buah | H53: 1 | I53: X | M53: =((M$51*N$51)/240*($H53/N53)) -> 0.000625 | N53: 1
C54: PEMELIHARAAN TITI PASAR RINTIS | F54: Upah PHL | G54: HK | N54: 1
F55: Titi Pasar Rintis 1 | G55: Unit | N55: 1
F56: TLB 1 | G56: HM | N56: 1
B57: SUB TOTAL PEMBUATAN PIRINGAN,PASAR RINTIS,TPH & TITI PASAR RINTIS | Q57: =Q47 -> 1105150.9 | S57: =SUM(S46:S56) -> 1018535.4 | Y57: =Q57/D1 -> 24363.998 | Z57: =Q57/$Q$424*100 -> 0.13010976
B58: PENGENDALIAN GULMA
C59: Pemel. Piringan, TPH dan Pasar Rintis (Manual)
D60: Pemeliharaan Piringan Manual | F60: Upah PHL | G60: HK | J60: Ha | K60: 1 | L60: 45.36 | M60: 2.5 | N60: 1 | O60: =K60*L60*M60*N60 -> 113.4 | P60: 180115.58 | Q60: =P60*$O60 -> 20425107 | R60: 179635.86 | S60: =R60*$O60 -> 20370707 | T60: 197599.45 | U60: =$O60*T60 -> 22407778 | V60: =W60/O60 -> 185783.63 | W60: =AVERAGEIF($P$3:$U$3,W$3,$P60:$U60) -> 21067864 | Y60: =Q60/$D$1 -> 450288.95
F61: Cangkul | G61: Buah | J61: Ha | K61: 1 | L61: 45.36 | M61: 0.0083 | N61: 1 | O61: =K61*L61*M61*N61 -> 0.376488 | P61: 92133.854 | Q61: =P61*$O61 -> 34687.291 | Y61: =Q61/$D$1 -> 764.71099
F62: Sepatu Boots | G62: Buah | H62: 1 | I62: X | K62: 1 | L62: 45.36 | M62: =((M$60*N$60)/240*($H62/N62)) -> 0.010416667 | N62: 1 | O62: =K62*L62*M62*N62 -> 0.4725 | P62: 104144.58 | Q62: =P62*$O62 -> 49208.312 | Y62: =Q62/$D$1 -> 1084.8393
B63: SUB TOTAL PEMEL PIRINGAN MANUAL | Q63: =SUM(Q60:Q62) -> 20509002 | S63: =SUM(S52:S62) -> 21389242 | Y63: =Q63/D1 -> 452138.5 | Z63: =Q63/$Q$424*100 -> 2.4145311
D64: Pemeliharaan TPH Manual | F64: Upah PHL | G64: HK
F65: Cangkul | G65: Buah
F66: Sepatu Boots | G66: Buah
D67: Pemeliharaan Pasar Rintis Manual | F67: Upah PHL | G67: HK | J67: Ha | K67: 1 | L67: 45.36 | M67: 5 | N67: 1 | O67: =K67*L67*M67*N67 -> 226.8 | P67: 180115.58 | Q67: =P67*$O67 -> 40850214 | R67: 179635.86 | S67: =R67*$O67 -> 40741414 | T67: 197599.45 | U67: =$O67*T67 -> 44815555 | V67: =W67/O67 -> 185783.63 | W67: =AVERAGEIF($P$3:$U$3,W$3,$P67:$U67) -> 42135728 | Y67: =Q67/$D$1 -> 900577.9
F68: Parang | G68: Buah | J68: Ha | K68: 1 | L68: 45.36 | M68: 0.005 | N68: 1 | O68: =K68*L68*M68*N68 -> 0.2268 | P68: 146143.36 | Q68: =P68*$O68 -> 33145.313 | Y68: =Q68/$D$1 -> 730.71678
F69: Sepatu Boots | G69: Buah | H69: 1 | I69: X | K69: 1 | L69: 45.36 | M69: =((M$67*N$67)/240*($H69/N69)) -> 0.020833333 | N69: 1 | O69: =K69*L69*M69*N69 -> 0.945 | P69: 104144.58 | Q69: =P69*$O69 -> 98416.624 | Y69: =Q69/$D$1 -> 2169.6787
B71: SUB TOTAL PEMEL PASAR RINTIS MANUAL | Q71: =SUM(Q64:Q70) -> 40981776 | S71: =SUM(S60:S70) -> 82501363 | Y71: =Q71/D1 -> 903478.3 | Z71: =Q71/$Q$424*100 -> 4.824797
C72: Pemel. Piringan, TPH dan Pasar Rintis (Chemis)
D73: Pemeliharaan Piringan /Pasar Rintis(Chemist) | F73: Upah PHL | G73: HK | J73: Ha | K73: 1 | L73: 45.36 | M73: 0.75 | N73: 3 | O73: =K73*L73*M73*N73 -> 102.06 | P73: 180115.58 | Q73: =P73*$O73 -> 18382596 | R73: 179635.86 | S73: =R73*$O73 -> 18333636 | T73: 197599.45 | U73: =$O73*T73 -> 20167000 | V73: =W73/O73 -> 185783.63 | W73: =AVERAGEIF($P$3:$U$3,W$3,$P73:$U73) -> 18961077 | Y73: =Q73/$D$1 -> 405260.06
F74: Glyphosate | G74: Liter | J74: Ha | K74: 1 | L74: 45.36 | M74: 0.45 | N74: 1 | O74: =K74*L74*M74*N74 -> 20.412 | P74: 40913.94 | Q74: =P74*$O74 -> 835135.35 | R74: 44533.743 | S74: =R74*$O74 -> 909022.77 | T74: 47651.105 | U74: =$O74*T74 -> 972654.36 | V74: =W74/O74 -> 44366.263 | W74: =AVERAGEIF($P$3:$U$3,W$3,$P74:$U74) -> 905604.16 | Y74: =Q74/$D$1 -> 18411.273
F75: Metil Metsulfuron | G75: Kg | J75: Ha | K75: 1 | L75: 45.36 | M75: =18/1000 -> 0.018 | N75: 1 | O75: =K75*L75*M75*N75 -> 0.81648 | P75: 111583.47 | Q75: =P75*$O75 -> 91105.675 | R75: 121455.66 | S75: =R75*$O75 -> 99166.12 | T75: 129957.56 | U75: =$O75*T75 -> 106107.75 | V75: =W75/O75 -> 120998.9 | W75: =AVERAGEIF($P$3:$U$3,W$3,$P75:$U75) -> 98793.181 | Y75: =Q75/$D$1 -> 2008.5025
F76: Perekat | G76: Liter | J76: Ha | K76: 1 | L76: 45.36 | M76: 0.135 | N76: 3 | O76: =K76*L76*M76*N76 -> 18.3708 | P76: 52072.288 | Q76: =P76*$O76 -> 956609.58 | R76: 56679.309 | S76: =R76*$O76 -> 1041244.3 | T76: 60646.861 | U76: =$O76*T76 -> 1114131.4 | V76: =W76/O76 -> 56466.153 | W76: =AVERAGEIF($P$3:$U$3,W$3,$P76:$U76) -> 1037328.4 | Y76: =Q76/$D$1 -> 21089.277
F77: FLUROXYPYR | G77: Liter | J77: Ha | K77: 1 | L77: 45.36 | M77: 0.5 | N77: 2 | O77: =K77*L77*M77*N77 -> 45.36 | P77: 172024.52 | Q77: =P77*$O77 -> 7803032.3 | Y77: =Q77/$D$1 -> 172024.52
F78: Premi Extra Fooding | G78: HK | J78: Ha | K78: 1 | L78: 45.36 | M78: =M73 -> 0.75 | N78: 3 | O78: =K78*L78*M78*N78 -> 102.06 | P78: 4759.9255 | Q78: =P78*$O78 -> 485798 | R78: 4849.8912 | S78: =R78*$O78 -> 494979.9 | T78: 5237.8825 | U78: =$O78*T78 -> 534578.29 | V78: =W78/O78 -> 4949.2331 | W78: =AVERAGEIF($P$3:$U$3,W$3,$P78:$U78) -> 505118.73 | Y78: =Q78/$D$1 -> 10709.832
F79: Sprayer (Inter) | G79: Buah | J79: Ha | K79: 1 | L79: 45.36 | M79: =0.00625*(1/2) -> 0.003125 | N79: 3 | O79: =K79*L79*M79*N79 -> 0.42525 | P79: 1660951 | Q79: =P79*$O79 -> 706319.41 | R79: 1721356.8 | S79: =R79*$O79 -> 732006.97 | T79: 1859065.3 | U79: =$O79*T79 -> 790567.52 | V79: =W79/O79 -> 1747124.4 | W79: =AVERAGEIF($P$3:$U$3,W$3,$P79:$U79) -> 742964.63 | Y79: =Q79/$D$1 -> 15571.416
F80: Celemek | G80: Buah | H80: 4 | I80: X | J80: Ha | K80: 1 | L80: 45.36 | M80: =((M$73*N$73)/240*($H80/N80)) -> 0.0125 | N80: 3 | O80: =K80*L80*M80*N80 -> 1.701 | P80: 52072.288 | Q80: =P80*$O80 -> 88574.961 | R80: 53966.062 | S80: =R80*$O80 -> 91796.272 | T80: 58283.347 | U80: =$O80*T80 -> 99139.973 | V80: =W80/O80 -> 54773.899 | W80: =AVERAGEIF($P$3:$U$3,W$3,$P80:$U80) -> 93170.402 | Y80: =Q80/$D$1 -> 1952.7108
F81: Masker Chemical | G81: Buah | H81: 12 | I81: X | J81: Ha | K81: 1 | L81: 45.36 | M81: =((M$73*N$73)/240*($H81/N81)) -> 0.0375 | N81: 3 | O81: =K81*L81*M81*N81 -> 5.103 | P81: 17017.088 | Q81: =P81*$O81 -> 86838.198 | R81: 17635.968 | S81: =R81*$O81 -> 89996.345 | T81: 19046.845 | U81: =$O81*T81 -> 97196.052 | V81: =W81/O81 -> 17899.967 | W81: =AVERAGEIF($P$3:$U$3,W$3,$P81:$U81) -> 91343.531 | Y81: =Q81/$D$1 -> 1914.4223
F82: Kaca mata | G82: Buah | H82: 1 | I82: X | J82: Ha | K82: 1 | L82: 45.36 | M82: =((M$73*N$73)/240*($H82/N82)) -> 0.003125 | N82: 3 | O82: =K82*L82*M82*N82 -> 0.42525 | P82: 45563.252 | Q82: =P82*$O82 -> 19375.773 | R82: 47220.304 | S82: =R82*$O82 -> 20080.434 | T82: 50997.929 | U82: =$O82*T82 -> 21686.869 | V82: =W82/O82 -> 47927.162 | W82: =AVERAGEIF($P$3:$U$3,W$3,$P82:$U82) -> 20381.025 | Y82: =Q82/$D$1 -> 427.15549
F83: Sarung Tangan Karet | G83: Buah | H83: 2 | I83: X | J83: Ha | K83: 1 | L83: 45.36 | M83: =((M$73*N$73)/240*($H83/N83)) -> 0.00625 | N83: 3 | O83: =K83*L83*M83*N83 -> 0.8505 | P83: 39054.216 | Q83: =P83*$O83 -> 33215.611 | R83: 40474.547 | S83: =R83*$O83 -> 34423.602 | T83: 43712.51 | U83: =$O83*T83 -> 37177.49 | V83: =W83/O83 -> 41080.424 | W83: =AVERAGEIF($P$3:$U$3,W$3,$P83:$U83) -> 34938.901 | Y83: =Q83/$D$1 -> 732.26655
F84: Sepatu Boots | G84: Buah | H84: 1 | I84: X | J84: Ha | K84: 1 | L84: 45.36 | M84: =((M$73*N$73)/240*($H84/N84)) -> 0.003125 | N84: 3 | O84: =K84*L84*M84*N84 -> 0.42525 | P84: 104144.58 | Q84: =P84*$O84 -> 44287.481 | R84: 107932.12 | S84: =R84*$O84 -> 45898.136 | T84: 116566.69 | U84: =$O84*T84 -> 49569.987 | V84: =W84/O84 -> 109547.8 | W84: =AVERAGEIF($P$3:$U$3,W$3,$P84:$U84) -> 46585.201 | Y84: =Q84/$D$1 -> 976.3554
B85: SUB TOTAL PEMEL PIRINGAN/PASAR RINTIS CHEMIST | Q85: =SUM(Q73:Q84) -> 29532889 | S85: =SUM(S73:S84) -> 21892251 | Y85: =Q85/D1 -> 651077.79 | Z85: =Q85/$Q$424*100 -> 3.476916
D86: Pemeliharaan TPH (Chemist) | F86: Upah PHL | G86: HK
F87: Glyphosate | G87: Liter
F88: Metil Metsulfuron | G88: Kg
F89: Perekat | G89: Liter
F90: Premi Extra Fooding | G90: HK
F91: Sprayer (Inter) | G91: Buah
F92: Celemek | G92: Buah
F93: Masker | G93: Buah
F94: Kaca mata | G94: Buah
F95: Sarung Tangan Karet | G95: Buah
F96: Sepatu Boots | G96: Buah
D97: Pemeliharaan Pasar Rintis (Chemist) | F97: Upah PHL | G97: HK
F98: Glyphosate | G98: Liter
F99: Metil Metsulfuron | G99: Kg
F100: Perekat | G100: Liter
F101: Premi Extra Fooding | G101: HK
...
